{"type":"FeatureCollection","features":[{"type":"Feature","id":"troncon_de_route.17622444","geometry":{"type":"LineString","coordinates":[[2.3512895,48.85110668,34.1],[2.35133088,48.85117615,34.2]]},"geometry_name":"geometrie","properties":{"cleabs":"TRONROUT0000002203970928","nature":"Route à 1 chaussée","nom_collaboratif_gauche":"PONT DE L'ARCHEVECHE","nom_collaboratif_droite":"PONT DE L'ARCHEVECHE","importance":"4","fictif":false,"position_par_rapport_au_sol":"0","etat_de_l_objet":"En service","date_creation":"2019-09-02T13:26:25.778Z","date_modification":"2024-09-21T06:34:42.538Z","date_d_apparition":null,"date_de_confirmation":null,"sources":null,"identifiants_sources":null,"methode_d_acquisition_planimetrique":"BDTopo","precision_planimetrique":2.5,"methode_d_acquisition_altimetrique":"BDTopo","precision_altimetrique":1.5,"nombre_de_voies":2,"largeur_de_chaussee":5,"itineraire_vert":false,"prive":false,"sens_de_circulation":"Sens direct","reserve_aux_bus":null,"urbain":true,"vitesse_moyenne_vl":10,"acces_vehicule_leger":"Libre","acces_pieton":null,"periode_de_fermeture":null,"nature_de_la_restriction":null,"restriction_de_hauteur":null,"restriction_de_poids_total":25,"restriction_de_poids_par_essieu":null,"restriction_de_largeur":null,"restriction_de_longueur":null,"matieres_dangereuses_interdites":false,"borne_debut_gauche":null,"borne_debut_droite":null,"borne_fin_gauche":null,"borne_fin_droite":null,"insee_commune_gauche":"75105","insee_commune_droite":"75105","alias_gauche":null,"alias_droit":null,"date_de_mise_en_service":null,"liens_vers_route_nommee":"","liens_vers_itineraire_autre":null,"cpx_numero":null,"cpx_numero_route_europeenne":null,"cpx_classement_administratif":null,"cpx_gestionnaire":null,"cpx_toponyme_route_nommee":null,"cpx_toponyme_itineraire_cyclable":null,"cpx_toponyme_voie_verte":null,"cpx_nature_itineraire_autre":null,"cpx_toponyme_itineraire_autre":null,"delestage":null,"source_voie_ban_gauche":null,"source_voie_ban_droite":null,"nom_voie_ban_gauche":null,"nom_voie_ban_droite":null,"lieux_dits_ban_gauche":null,"lieux_dits_ban_droite":null,"identifiant_voie_ban_gauche":null,"identifiant_voie_ban_droite":null,"sens_amenagement_cyclable_gauche":null,"sens_amenagement_cyclable_droit":null,"amenagement_cyclable_gauche":null,"amenagement_cyclable_droit":null,"aire_de_retournement_dfci":null,"gabarit_dfci":null,"impasse_dfci":null,"nature_detaillee_dfci":null,"ouvrage_d_art_limitant_dfci":null,"pente_maximale_dfci":null,"piste_dfci":null,"piste_dfci_debroussaillee":null,"piste_dfci_fosses":null,"sens_de_circulation_dfci":null,"tout_terrain_dfci":null,"vitesse_moyenne_dfci":null,"zone_de_croisement_dfci":null,"categorie_dfci":null,"vitesse_collaborative":null,"id_ban_odonyme_droite":null,"id_ban_odonyme_gauche":null}},{"type":"Feature","id":"troncon_de_route.16162","geometry":{"type":"LineString","coordinates":[[2.34876459,48.85042564,33.6],[2.34884374,48.85041708,33.6],[2.34947191,48.85042229,33.6],[2.34964037,48.8505734,33.5],[2.34997386,48.85093226,32.9],[2.35024933,48.85124493,32.9]]},"geometry_name":"geometrie","properties":{"cleabs":"TRONROUT0000000000196126","nature":"Route à 1 chaussée","nom_collaboratif_gauche":"R MAITRE ALBERT","nom_collaboratif_droite":"R MAITRE ALBERT","importance":"5","fictif":false,"position_par_rapport_au_sol":"0","etat_de_l_objet":"En service","date_creation":"2006-05-22T11:18:11.781Z","date_modification":"2023-08-27T10:03:02.614Z","date_d_apparition":null,"date_de_confirmation":null,"sources":null,"identifiants_sources":null,"methode_d_acquisition_planimetrique":"BDTopo","precision_planimetrique":2.5,"methode_d_acquisition_altimetrique":"BDTopo","precision_altimetrique":1.5,"nombre_de_voies":1,"largeur_de_chaussee":3,"itineraire_vert":false,"prive":false,"sens_de_circulation":"Sens inverse","reserve_aux_bus":null,"urbain":true,"vitesse_moyenne_vl":20,"acces_vehicule_leger":"Libre","acces_pieton":null,"periode_de_fermeture":null,"nature_de_la_restriction":null,"restriction_de_hauteur":null,"restriction_de_poids_total":null,"restriction_de_poids_par_essieu":null,"restriction_de_largeur":null,"restriction_de_longueur":null,"matieres_dangereuses_interdites":false,"borne_debut_gauche":"24","borne_debut_droite":"25","borne_fin_gauche":"2","borne_fin_droite":"1","insee_commune_gauche":"75105","insee_commune_droite":"75105","alias_gauche":"","alias_droit":"","date_de_mise_en_service":null,"liens_vers_route_nommee":"","liens_vers_itineraire_autre":null,"cpx_numero":null,"cpx_numero_route_europeenne":null,"cpx_classement_administratif":null,"cpx_gestionnaire":null,"cpx_toponyme_route_nommee":null,"cpx_toponyme_itineraire_cyclable":null,"cpx_toponyme_voie_verte":null,"cpx_nature_itineraire_autre":null,"cpx_toponyme_itineraire_autre":null,"delestage":null,"source_voie_ban_gauche":"commune","source_voie_ban_droite":"commune","nom_voie_ban_gauche":"Rue Maître Albert","nom_voie_ban_droite":"Rue Maître Albert","lieux_dits_ban_gauche":"","lieux_dits_ban_droite":"","identifiant_voie_ban_gauche":"75105_5937","identifiant_voie_ban_droite":"75105_5937","sens_amenagement_cyclable_gauche":null,"sens_amenagement_cyclable_droit":null,"amenagement_cyclable_gauche":null,"amenagement_cyclable_droit":null,"aire_de_retournement_dfci":null,"gabarit_dfci":null,"impasse_dfci":null,"nature_detaillee_dfci":null,"ouvrage_d_art_limitant_dfci":null,"pente_maximale_dfci":null,"piste_dfci":null,"piste_dfci_debroussaillee":null,"piste_dfci_fosses":null,"sens_de_circulation_dfci":null,"tout_terrain_dfci":null,"vitesse_moyenne_dfci":null,"zone_de_croisement_dfci":null,"categorie_dfci":null,"vitesse_collaborative":null,"id_ban_odonyme_droite":null,"id_ban_odonyme_gauche":null}},{"type":"Feature","id":"troncon_de_route.18700987","geometry":{"type":"LineString","coordinates":[[2.35314652,48.85070483,-1000],[2.35231588,48.85098093,-1000],[2.35236873,48.85111432,-1000]]},"geometry_name":"geometrie","properties":{"cleabs":"TRONROUT0000002322200391","nature":"Route à 1 chaussée","nom_collaboratif_gauche":"PORT DE LA TOURNELLE","nom_collaboratif_droite":"PORT DE LA TOURNELLE","importance":"5","fictif":false,"position_par_rapport_au_sol":"0","etat_de_l_objet":"En service","date_creation":"2022-10-24T16:26:43.642Z","date_modification":"2022-12-12T12:52:43.465Z","date_d_apparition":null,"date_de_confirmation":null,"sources":null,"identifiants_sources":null,"methode_d_acquisition_planimetrique":"Orthophotographie","precision_planimetrique":3,"methode_d_acquisition_altimetrique":"Pas de Z","precision_altimetrique":9999,"nombre_de_voies":2,"largeur_de_chaussee":5,"itineraire_vert":false,"prive":false,"sens_de_circulation":"Double sens","reserve_aux_bus":null,"urbain":true,"vitesse_moyenne_vl":0,"acces_vehicule_leger":"Restreint aux ayants droit","acces_pieton":"Libre","periode_de_fermeture":null,"nature_de_la_restriction":null,"restriction_de_hauteur":null,"restriction_de_poids_total":null,"restriction_de_poids_par_essieu":null,"restriction_de_largeur":null,"restriction_de_longueur":null,"matieres_dangereuses_interdites":null,"borne_debut_gauche":null,"borne_debut_droite":null,"borne_fin_gauche":null,"borne_fin_droite":null,"insee_commune_gauche":"75105","insee_commune_droite":"75105","alias_gauche":null,"alias_droit":null,"date_de_mise_en_service":null,"liens_vers_route_nommee":null,"liens_vers_itineraire_autre":null,"cpx_numero":null,"cpx_numero_route_europeenne":null,"cpx_classement_administratif":null,"cpx_gestionnaire":null,"cpx_toponyme_route_nommee":null,"cpx_toponyme_itineraire_cyclable":null,"cpx_toponyme_voie_verte":null,"cpx_nature_itineraire_autre":null,"cpx_toponyme_itineraire_autre":null,"delestage":null,"source_voie_ban_gauche":"commune","source_voie_ban_droite":"commune","nom_voie_ban_gauche":"Port de la Tournelle","nom_voie_ban_droite":"Port de la Tournelle","lieux_dits_ban_gauche":"","lieux_dits_ban_droite":"","identifiant_voie_ban_gauche":"75105_9379","identifiant_voie_ban_droite":"75105_9379","sens_amenagement_cyclable_gauche":null,"sens_amenagement_cyclable_droit":null,"amenagement_cyclable_gauche":null,"amenagement_cyclable_droit":null,"aire_de_retournement_dfci":null,"gabarit_dfci":null,"impasse_dfci":null,"nature_detaillee_dfci":null,"ouvrage_d_art_limitant_dfci":null,"pente_maximale_dfci":null,"piste_dfci":null,"piste_dfci_debroussaillee":null,"piste_dfci_fosses":null,"sens_de_circulation_dfci":null,"tout_terrain_dfci":null,"vitesse_moyenne_dfci":null,"zone_de_croisement_dfci":null,"categorie_dfci":null,"vitesse_collaborative":null,"id_ban_odonyme_droite":null,"id_ban_odonyme_gauche":null}},{"type":"Feature","id":"troncon_de_route.14708","geometry":{"type":"LineString","coordinates":[[2.35232355,48.85266637,35.8],[2.35270409,48.85275117,36.9],[2.35282782,48.85277432,36.7],[2.35316227,48.85283908,36.3],[2.35321258,48.85284835,36.2]]},"geometry_name":"geometrie","properties":{"cleabs":"TRONROUT0000000000194432","nature":"Route à 1 chaussée","nom_collaboratif_gauche":"PONT SAINT-LOUIS","nom_collaboratif_droite":"PONT SAINT-LOUIS","importance":"5","fictif":false,"position_par_rapport_au_sol":"1","etat_de_l_objet":"En service","date_creation":"2006-05-22T11:18:11.781Z","date_modification":"2025-12-08T08:40:26.221Z","date_d_apparition":null,"date_de_confirmation":null,"sources":null,"identifiants_sources":null,"methode_d_acquisition_planimetrique":"BDTopo","precision_planimetrique":2.5,"methode_d_acquisition_altimetrique":"BDTopo","precision_altimetrique":1.5,"nombre_de_voies":3,"largeur_de_chaussee":9,"itineraire_vert":false,"prive":false,"sens_de_circulation":"Double sens","reserve_aux_bus":null,"urbain":true,"vitesse_moyenne_vl":0,"acces_vehicule_leger":"Restreint aux ayants droit","acces_pieton":null,"periode_de_fermeture":null,"nature_de_la_restriction":null,"restriction_de_hauteur":null,"restriction_de_poids_total":null,"restriction_de_poids_par_essieu":null,"restriction_de_largeur":null,"restriction_de_longueur":null,"matieres_dangereuses_interdites":false,"borne_debut_gauche":null,"borne_debut_droite":null,"borne_fin_gauche":null,"borne_fin_droite":null,"insee_commune_gauche":"75104","insee_commune_droite":"75104","alias_gauche":null,"alias_droit":null,"date_de_mise_en_service":null,"liens_vers_route_nommee":null,"liens_vers_itineraire_autre":"ITI_AUT_0000002496291173","cpx_numero":null,"cpx_numero_route_europeenne":null,"cpx_classement_administratif":null,"cpx_gestionnaire":null,"cpx_toponyme_route_nommee":null,"cpx_toponyme_itineraire_cyclable":null,"cpx_toponyme_voie_verte":null,"cpx_nature_itineraire_autre":"Itinéraire cyclable","cpx_toponyme_itineraire_autre":"la Scandibérique - Eurovélo 3","delestage":null,"source_voie_ban_gauche":null,"source_voie_ban_droite":null,"nom_voie_ban_gauche":null,"nom_voie_ban_droite":null,"lieux_dits_ban_gauche":null,"lieux_dits_ban_droite":null,"identifiant_voie_ban_gauche":null,"identifiant_voie_ban_droite":null,"sens_amenagement_cyclable_gauche":null,"sens_amenagement_cyclable_droit":null,"amenagement_cyclable_gauche":null,"amenagement_cyclable_droit":null,"aire_de_retournement_dfci":null,"gabarit_dfci":null,"impasse_dfci":null,"nature_detaillee_dfci":null,"ouvrage_d_art_limitant_dfci":null,"pente_maximale_dfci":null,"piste_dfci":null,"piste_dfci_debroussaillee":null,"piste_dfci_fosses":null,"sens_de_circulation_dfci":null,"tout_terrain_dfci":null,"vitesse_moyenne_dfci":null,"zone_de_croisement_dfci":null,"categorie_dfci":null,"vitesse_collaborative":null,"id_ban_odonyme_droite":null,"id_ban_odonyme_gauche":null}},{"type":"Feature","id":"troncon_de_route.14710","geometry":{"type":"LineString","coordinates":[[2.35219692,48.85265759,35.6],[2.35225956,48.85266152,35.6],[2.35232355,48.85266637,35.8]]},"geometry_name":"geometrie","properties":{"cleabs":"TRONROUT0000000000194434","nature":"Route à 1 chaussée","nom_collaboratif_gauche":"PONT SAINT-LOUIS","nom_collaboratif_droite":"PONT SAINT-LOUIS","importance":"5","fictif":false,"position_par_rapport_au_sol":"0","etat_de_l_objet":"En service","date_creation":"2006-05-22T11:18:11.781Z","date_modification":"2025-12-08T08:40:26.221Z","date_d_apparition":null,"date_de_confirmation":null,"sources":null,"identifiants_sources":null,"methode_d_acquisition_planimetrique":"BDTopo","precision_planimetrique":2.5,"methode_d_acquisition_altimetrique":"BDTopo","precision_altimetrique":1.5,"nombre_de_voies":3,"largeur_de_chaussee":9,"itineraire_vert":false,"prive":false,"sens_de_circulation":"Double sens","reserve_aux_bus":null,"urbain":true,"vitesse_moyenne_vl":0,"acces_vehicule_leger":"Restreint aux ayants droit","acces_pieton":null,"periode_de_fermeture":null,"nature_de_la_restriction":null,"restriction_de_hauteur":null,"restriction_de_poids_total":null,"restriction_de_poids_par_essieu":null,"restriction_de_largeur":null,"restriction_de_longueur":null,"matieres_dangereuses_interdites":false,"borne_debut_gauche":null,"borne_debut_droite":null,"borne_fin_gauche":null,"borne_fin_droite":null,"insee_commune_gauche":"75104","insee_commune_droite":"75104","alias_gauche":null,"alias_droit":null,"date_de_mise_en_service":null,"liens_vers_route_nommee":null,"liens_vers_itineraire_autre":"ITI_AUT_0000002496291173","cpx_numero":null,"cpx_numero_route_europeenne":null,"cpx_classement_administratif":null,"cpx_gestionnaire":null,"cpx_toponyme_route_nommee":null,"cpx_toponyme_itineraire_cyclable":null,"cpx_toponyme_voie_verte":null,"cpx_nature_itineraire_autre":"Itinéraire cyclable","cpx_toponyme_itineraire_autre":"la Scandibérique - Eurovélo 3","delestage":null,"source_voie_ban_gauche":null,"source_voie_ban_droite":null,"nom_voie_ban_gauche":null,"nom_voie_ban_droite":null,"lieux_dits_ban_gauche":null,"lieux_dits_ban_droite":null,"identifiant_voie_ban_gauche":null,"identifiant_voie_ban_droite":null,"sens_amenagement_cyclable_gauche":null,"sens_amenagement_cyclable_droit":null,"amenagement_cyclable_gauche":null,"amenagement_cyclable_droit":null,"aire_de_retournement_dfci":null,"gabarit_dfci":null,"impasse_dfci":null,"nature_detaillee_dfci":null,"ouvrage_d_art_limitant_dfci":null,"pente_maximale_dfci":null,"piste_dfci":null,"piste_dfci_debroussaillee":null,"piste_dfci_fosses":null,"sens_de_circulation_dfci":null,"tout_terrain_dfci":null,"vitesse_moyenne_dfci":null,"zone_de_croisement_dfci":null,"categorie_dfci":null,"vitesse_collaborative":null,"id_ban_odonyme_droite":null,"id_ban_odonyme_gauche":null}},{"type":"Feature","id":"troncon_de_route.14714","geometry":{"type":"LineString","coordinates":[[2.35219692,48.85265759,35.6],[2.35209029,48.85334142,35.6],[2.35204205,48.85349405,35.4],[2.35197194,48.85365285,35.1],[2.35184511,48.8538788,34.1]]},"geometry_name":"geometrie","properties":{"cleabs":"TRONROUT0000000000194438","nature":"Route à 1 chaussée","nom_collaboratif_gauche":"QU AUX FLEURS","nom_collaboratif_droite":"QU AUX FLEURS","importance":"4","fictif":false,"position_par_rapport_au_sol":"0","etat_de_l_objet":"En service","date_creation":"2006-05-22T11:18:11.781Z","date_modification":"2024-12-14T00:47:20.257Z","date_d_apparition":null,"date_de_confirmation":null,"sources":null,"identifiants_sources":null,"methode_d_acquisition_planimetrique":"BDTopo","precision_planimetrique":2.5,"methode_d_acquisition_altimetrique":"BDTopo","precision_altimetrique":1.5,"nombre_de_voies":2,"largeur_de_chaussee":4,"itineraire_vert":false,"prive":false,"sens_de_circulation":"Sens direct","reserve_aux_bus":null,"urbain":true,"vitesse_moyenne_vl":30,"acces_vehicule_leger":"Libre","acces_pieton":null,"periode_de_fermeture":null,"nature_de_la_restriction":null,"restriction_de_hauteur":null,"restriction_de_poids_total":null,"restriction_de_poids_par_essieu":null,"restriction_de_largeur":null,"restriction_de_longueur":null,"matieres_dangereuses_interdites":false,"borne_debut_gauche":"1","borne_debut_droite":"","borne_fin_gauche":"11","borne_fin_droite":"","insee_commune_gauche":"75104","insee_commune_droite":"75104","alias_gauche":"","alias_droit":"","date_de_mise_en_service":null,"liens_vers_route_nommee":"","liens_vers_itineraire_autre":null,"cpx_numero":null,"cpx_numero_route_europeenne":null,"cpx_classement_administratif":null,"cpx_gestionnaire":null,"cpx_toponyme_route_nommee":null,"cpx_toponyme_itineraire_cyclable":null,"cpx_toponyme_voie_verte":null,"cpx_nature_itineraire_autre":null,"cpx_toponyme_itineraire_autre":null,"delestage":null,"source_voie_ban_gauche":"commune","source_voie_ban_droite":"commune","nom_voie_ban_gauche":"Quai aux Fleurs","nom_voie_ban_droite":"Quai aux Fleurs","lieux_dits_ban_gauche":null,"lieux_dits_ban_droite":null,"identifiant_voie_ban_gauche":"75104_3671","identifiant_voie_ban_droite":"75104_3671","sens_amenagement_cyclable_gauche":null,"sens_amenagement_cyclable_droit":null,"amenagement_cyclable_gauche":null,"amenagement_cyclable_droit":null,"aire_de_retournement_dfci":null,"gabarit_dfci":null,"impasse_dfci":null,"nature_detaillee_dfci":null,"ouvrage_d_art_limitant_dfci":null,"pente_maximale_dfci":null,"piste_dfci":null,"piste_dfci_debroussaillee":null,"piste_dfci_fosses":null,"sens_de_circulation_dfci":null,"tout_terrain_dfci":null,"vitesse_moyenne_dfci":null,"zone_de_croisement_dfci":null,"categorie_dfci":null,"vitesse_collaborative":null,"id_ban_odonyme_droite":null,"id_ban_odonyme_gauche":null}},{"type":"Feature","id":"troncon_de_route.14717","geometry":{"type":"LineString","coordinates":[[2.35219692,48.85265759,35.6],[2.35195227,48.85271382,35.4],[2.3512066,48.85294901,34.2]]},"geometry_name":"geometrie","properties":{"cleabs":"TRONROUT0000000000194441","nature":"Route à 1 chaussée","nom_collaboratif_gauche":"R DU CLOITRE NOTRE-DAME","nom_collaboratif_droite":"R DU CLOITRE NOTRE-DAME","importance":"4","fictif":false,"position_par_rapport_au_sol":"0","etat_de_l_objet":"En service","date_creation":"2006-05-22T11:18:11.781Z","date_modification":"2024-12-14T00:47:20.257Z","date_d_apparition":null,"date_de_confirmation":null,"sources":null,"identifiants_sources":null,"methode_d_acquisition_planimetrique":"BDTopo","precision_planimetrique":2.5,"methode_d_acquisition_altimetrique":"BDTopo","precision_altimetrique":1.5,"nombre_de_voies":2,"largeur_de_chaussee":4,"itineraire_vert":false,"prive":false,"sens_de_circulation":"Sens inverse","reserve_aux_bus":null,"urbain":true,"vitesse_moyenne_vl":30,"acces_vehicule_leger":"Libre","acces_pieton":null,"periode_de_fermeture":null,"nature_de_la_restriction":null,"restriction_de_hauteur":null,"restriction_de_poids_total":null,"restriction_de_poids_par_essieu":null,"restriction_de_largeur":null,"restriction_de_longueur":null,"matieres_dangereuses_interdites":false,"borne_debut_gauche":"1","borne_debut_droite":"2","borne_fin_gauche":"1","borne_fin_droite":"6B","insee_commune_gauche":"75104","insee_commune_droite":"75104","alias_gauche":null,"alias_droit":null,"date_de_mise_en_service":null,"liens_vers_route_nommee":null,"liens_vers_itineraire_autre":null,"cpx_numero":null,"cpx_numero_route_europeenne":null,"cpx_classement_administratif":null,"cpx_gestionnaire":null,"cpx_toponyme_route_nommee":null,"cpx_toponyme_itineraire_cyclable":null,"cpx_toponyme_voie_verte":null,"cpx_nature_itineraire_autre":null,"cpx_toponyme_itineraire_autre":null,"delestage":null,"source_voie_ban_gauche":"commune","source_voie_ban_droite":"commune","nom_voie_ban_gauche":"Rue du Cloître Notre-Dame","nom_voie_ban_droite":"Rue du Cloître Notre-Dame","lieux_dits_ban_gauche":null,"lieux_dits_ban_droite":null,"identifiant_voie_ban_gauche":"75104_2130","identifiant_voie_ban_droite":"75104_2130","sens_amenagement_cyclable_gauche":null,"sens_amenagement_cyclable_droit":null,"amenagement_cyclable_gauche":null,"amenagement_cyclable_droit":null,"aire_de_retournement_dfci":null,"gabarit_dfci":null,"impasse_dfci":null,"nature_detaillee_dfci":null,"ouvrage_d_art_limitant_dfci":null,"pente_maximale_dfci":null,"piste_dfci":null,"piste_dfci_debroussaillee":null,"piste_dfci_fosses":null,"sens_de_circulation_dfci":null,"tout_terrain_dfci":null,"vitesse_moyenne_dfci":null,"zone_de_croisement_dfci":null,"categorie_dfci":null,"vitesse_collaborative":null,"id_ban_odonyme_droite":null,"id_ban_odonyme_gauche":null}},{"type":"Feature","id":"troncon_de_route.14719","geometry":{"type":"LineString","coordinates":[[2.3511109,48.85352048,33.7],[2.35116165,48.85349467,33.7],[2.35123624,48.85341413,33.7],[2.35126265,48.85337291,33.7],[2.351308,48.85323285,34.1],[2.35127807,48.85311937,34.1],[2.3512066,48.85294901,34.2]]},"geometry_name":"geometrie","properties":{"cleabs":"TRONROUT0000000000194443","nature":"Route à 1 chaussée","nom_collaboratif_gauche":"R CHANOINESSE","nom_collaboratif_droite":"R CHANOINESSE","importance":"5","fictif":false,"position_par_rapport_au_sol":"0","etat_de_l_objet":"En service","date_creation":"2006-05-22T11:18:11.781Z","date_modification":"2025-12-16T20:53:14.197Z","date_d_apparition":null,"date_de_confirmation":null,"sources":null,"identifiants_sources":null,"methode_d_acquisition_planimetrique":"BDTopo","precision_planimetrique":2.5,"methode_d_acquisition_altimetrique":"BDTopo","precision_altimetrique":1.5,"nombre_de_voies":2,"largeur_de_chaussee":4,"itineraire_vert":false,"prive":false,"sens_de_circulation":"Sens inverse","reserve_aux_bus":null,"urbain":true,"vitesse_moyenne_vl":5,"acces_vehicule_leger":"Libre","acces_pieton":null,"periode_de_fermeture":null,"nature_de_la_restriction":null,"restriction_de_hauteur":null,"restriction_de_poids_total":null,"restriction_de_poids_par_essieu":null,"restriction_de_largeur":null,"restriction_de_longueur":null,"matieres_dangereuses_interdites":false,"borne_debut_gauche":"10","borne_debut_droite":"3","borne_fin_gauche":"2","borne_fin_droite":"1","insee_commune_gauche":"75104","insee_commune_droite":"75104","alias_gauche":null,"alias_droit":null,"date_de_mise_en_service":null,"liens_vers_route_nommee":null,"liens_vers_itineraire_autre":null,"cpx_numero":null,"cpx_numero_route_europeenne":null,"cpx_classement_administratif":null,"cpx_gestionnaire":null,"cpx_toponyme_route_nommee":null,"cpx_toponyme_itineraire_cyclable":null,"cpx_toponyme_voie_verte":null,"cpx_nature_itineraire_autre":null,"cpx_toponyme_itineraire_autre":null,"delestage":null,"source_voie_ban_gauche":"commune","source_voie_ban_droite":"commune","nom_voie_ban_gauche":"Rue Chanoinesse","nom_voie_ban_droite":"Rue Chanoinesse","lieux_dits_ban_gauche":null,"lieux_dits_ban_droite":null,"identifiant_voie_ban_gauche":"75104_1748","identifiant_voie_ban_droite":"75104_1748","sens_amenagement_cyclable_gauche":null,"sens_amenagement_cyclable_droit":null,"amenagement_cyclable_gauche":null,"amenagement_cyclable_droit":null,"aire_de_retournement_dfci":null,"gabarit_dfci":null,"impasse_dfci":null,"nature_detaillee_dfci":null,"ouvrage_d_art_limitant_dfci":null,"pente_maximale_dfci":null,"piste_dfci":null,"piste_dfci_debroussaillee":null,"piste_dfci_fosses":null,"sens_de_circulation_dfci":null,"tout_terrain_dfci":null,"vitesse_moyenne_dfci":null,"zone_de_croisement_dfci":null,"categorie_dfci":null,"vitesse_collaborative":null,"id_ban_odonyme_droite":null,"id_ban_odonyme_gauche":null}},{"type":"Feature","id":"troncon_de_route.14720","geometry":{"type":"LineString","coordinates":[[2.35184112,48.85255583,35.4],[2.35111363,48.85275424,35.3]]},"geometry_name":"geometrie","properties":{"cleabs":"TRONROUT0000000000194444","nature":"Sentier","nom_collaboratif_gauche":"","nom_collaboratif_droite":"","importance":"6","fictif":false,"position_par_rapport_au_sol":"0","etat_de_l_objet":"En service","date_creation":"2006-05-22T11:18:11.781Z","date_modification":"2012-02-07T07:51:41.624Z","date_d_apparition":null,"date_de_confirmation":null,"sources":null,"identifiants_sources":null,"methode_d_acquisition_planimetrique":"BDTopo","precision_planimetrique":2.5,"methode_d_acquisition_altimetrique":"BDTopo","precision_altimetrique":1.5,"nombre_de_voies":null,"largeur_de_chaussee":null,"itineraire_vert":false,"prive":false,"sens_de_circulation":"Sans objet","reserve_aux_bus":null,"urbain":true,"vitesse_moyenne_vl":0,"acces_vehicule_leger":"Physiquement impossible","acces_pieton":null,"periode_de_fermeture":null,"nature_de_la_restriction":null,"restriction_de_hauteur":null,"restriction_de_poids_total":null,"restriction_de_poids_par_essieu":null,"restriction_de_largeur":null,"restriction_de_longueur":null,"matieres_dangereuses_interdites":false,"borne_debut_gauche":"","borne_debut_droite":"","borne_fin_gauche":"","borne_fin_droite":"","insee_commune_gauche":"75104","insee_commune_droite":"75104","alias_gauche":"","alias_droit":"","date_de_mise_en_service":null,"liens_vers_route_nommee":"","liens_vers_itineraire_autre":null,"cpx_numero":null,"cpx_numero_route_europeenne":null,"cpx_classement_administratif":null,"cpx_gestionnaire":null,"cpx_toponyme_route_nommee":null,"cpx_toponyme_itineraire_cyclable":null,"cpx_toponyme_voie_verte":null,"cpx_nature_itineraire_autre":null,"cpx_toponyme_itineraire_autre":null,"delestage":null,"source_voie_ban_gauche":null,"source_voie_ban_droite":null,"nom_voie_ban_gauche":null,"nom_voie_ban_droite":null,"lieux_dits_ban_gauche":null,"lieux_dits_ban_droite":null,"identifiant_voie_ban_gauche":null,"identifiant_voie_ban_droite":null,"sens_amenagement_cyclable_gauche":null,"sens_amenagement_cyclable_droit":null,"amenagement_cyclable_gauche":null,"amenagement_cyclable_droit":null,"aire_de_retournement_dfci":null,"gabarit_dfci":null,"impasse_dfci":null,"nature_detaillee_dfci":null,"ouvrage_d_art_limitant_dfci":null,"pente_maximale_dfci":null,"piste_dfci":null,"piste_dfci_debroussaillee":null,"piste_dfci_fosses":null,"sens_de_circulation_dfci":null,"tout_terrain_dfci":null,"vitesse_moyenne_dfci":null,"zone_de_croisement_dfci":null,"categorie_dfci":null,"vitesse_collaborative":null,"id_ban_odonyme_droite":null,"id_ban_odonyme_gauche":null}},{"type":"Feature","id":"troncon_de_route.14721","geometry":{"type":"LineString","coordinates":[[2.35184112,48.85255583,35.4],[2.35196592,48.85260237,34.9],[2.35219692,48.85265759,35.6]]},"geometry_name":"geometrie","properties":{"cleabs":"TRONROUT0000000000194445","nature":"Sentier","nom_collaboratif_gauche":null,"nom_collaboratif_droite":null,"importance":"6","fictif":false,"position_par_rapport_au_sol":"0","etat_de_l_objet":"En service","date_creation":"2006-05-22T11:18:11.781Z","date_modification":"2024-04-26T21:52:49.141Z","date_d_apparition":null,"date_de_confirmation":null,"sources":null,"identifiants_sources":null,"methode_d_acquisition_planimetrique":"BDTopo","precision_planimetrique":2.5,"methode_d_acquisition_altimetrique":"BDTopo","precision_altimetrique":1.5,"nombre_de_voies":null,"largeur_de_chaussee":null,"itineraire_vert":false,"prive":false,"sens_de_circulation":"Sans objet","reserve_aux_bus":null,"urbain":true,"vitesse_moyenne_vl":0,"acces_vehicule_leger":"Physiquement impossible","acces_pieton":null,"periode_de_fermeture":null,"nature_de_la_restriction":null,"restriction_de_hauteur":null,"restriction_de_poids_total":null,"restriction_de_poids_par_essieu":null,"restriction_de_largeur":null,"restriction_de_longueur":null,"matieres_dangereuses_interdites":false,"borne_debut_gauche":null,"borne_debut_droite":null,"borne_fin_gauche":null,"borne_fin_droite":null,"insee_commune_gauche":"75104","insee_commune_droite":"75104","alias_gauche":null,"alias_droit":null,"date_de_mise_en_service":null,"liens_vers_route_nommee":null,"liens_vers_itineraire_autre":null,"cpx_numero":null,"cpx_numero_route_europeenne":null,"cpx_classement_administratif":null,"cpx_gestionnaire":null,"cpx_toponyme_route_nommee":null,"cpx_toponyme_itineraire_cyclable":null,"cpx_toponyme_voie_verte":null,"cpx_nature_itineraire_autre":null,"cpx_toponyme_itineraire_autre":null,"delestage":null,"source_voie_ban_gauche":null,"source_voie_ban_droite":null,"nom_voie_ban_gauche":null,"nom_voie_ban_droite":null,"lieux_dits_ban_gauche":null,"lieux_dits_ban_droite":null,"identifiant_voie_ban_gauche":null,"identifiant_voie_ban_droite":null,"sens_amenagement_cyclable_gauche":null,"sens_amenagement_cyclable_droit":null,"amenagement_cyclable_gauche":null,"amenagement_cyclable_droit":null,"aire_de_retournement_dfci":null,"gabarit_dfci":null,"impasse_dfci":null,"nature_detaillee_dfci":null,"ouvrage_d_art_limitant_dfci":null,"pente_maximale_dfci":null,"piste_dfci":null,"piste_dfci_debroussaillee":null,"piste_dfci_fosses":null,"sens_de_circulation_dfci":null,"tout_terrain_dfci":null,"vitesse_moyenne_dfci":null,"zone_de_croisement_dfci":null,"categorie_dfci":null,"vitesse_collaborative":null,"id_ban_odonyme_droite":null,"id_ban_odonyme_gauche":null}},{"type":"Feature","id":"troncon_de_route.14723","geometry":{"type":"LineString","coordinates":[[2.3512066,48.85294901,34.2],[2.35111363,48.85275424,35.3]]},"geometry_name":"geometrie","properties":{"cleabs":"TRONROUT0000000000194447","nature":"Sentier","nom_collaboratif_gauche":null,"nom_collaboratif_droite":null,"importance":"6","fictif":false,"position_par_rapport_au_sol":"0","etat_de_l_objet":"En service","date_creation":"2006-05-22T11:18:11.781Z","date_modification":"2019-10-25T19:11:08.152Z","date_d_apparition":null,"date_de_confirmation":null,"sources":null,"identifiants_sources":null,"methode_d_acquisition_planimetrique":"BDTopo","precision_planimetrique":2.5,"methode_d_acquisition_altimetrique":"BDTopo","precision_altimetrique":1.5,"nombre_de_voies":null,"largeur_de_chaussee":null,"itineraire_vert":false,"prive":false,"sens_de_circulation":"Sans objet","reserve_aux_bus":null,"urbain":true,"vitesse_moyenne_vl":0,"acces_vehicule_leger":"Physiquement impossible","acces_pieton":null,"periode_de_fermeture":null,"nature_de_la_restriction":null,"restriction_de_hauteur":null,"restriction_de_poids_total":null,"restriction_de_poids_par_essieu":null,"restriction_de_largeur":null,"restriction_de_longueur":null,"matieres_dangereuses_interdites":false,"borne_debut_gauche":null,"borne_debut_droite":null,"borne_fin_gauche":null,"borne_fin_droite":null,"insee_commune_gauche":"75104","insee_commune_droite":"75104","alias_gauche":null,"alias_droit":null,"date_de_mise_en_service":null,"liens_vers_route_nommee":null,"liens_vers_itineraire_autre":null,"cpx_numero":null,"cpx_numero_route_europeenne":null,"cpx_classement_administratif":null,"cpx_gestionnaire":null,"cpx_toponyme_route_nommee":null,"cpx_toponyme_itineraire_cyclable":null,"cpx_toponyme_voie_verte":null,"cpx_nature_itineraire_autre":null,"cpx_toponyme_itineraire_autre":null,"delestage":null,"source_voie_ban_gauche":null,"source_voie_ban_droite":null,"nom_voie_ban_gauche":null,"nom_voie_ban_droite":null,"lieux_dits_ban_gauche":null,"lieux_dits_ban_droite":null,"identifiant_voie_ban_gauche":null,"identifiant_voie_ban_droite":null,"sens_amenagement_cyclable_gauche":null,"sens_amenagement_cyclable_droit":null,"amenagement_cyclable_gauche":null,"amenagement_cyclable_droit":null,"aire_de_retournement_dfci":null,"gabarit_dfci":null,"impasse_dfci":null,"nature_detaillee_dfci":null,"ouvrage_d_art_limitant_dfci":null,"pente_maximale_dfci":null,"piste_dfci":null,"piste_dfci_debroussaillee":null,"piste_dfci_fosses":null,"sens_de_circulation_dfci":null,"tout_terrain_dfci":null,"vitesse_moyenne_dfci":null,"zone_de_croisement_dfci":null,"categorie_dfci":null,"vitesse_collaborative":null,"id_ban_odonyme_droite":null,"id_ban_odonyme_gauche":null}},{"type":"Feature","id":"troncon_de_route.14726","geometry":{"type":"LineString","coordinates":[[2.3512066,48.85294901,34.2],[2.35089055,48.85304802,33.9],[2.35056081,48.85315236,34.5]]},"geometry_name":"geometrie","properties":{"cleabs":"TRONROUT0000000000194450","nature":"Route à 1 chaussée","nom_collaboratif_gauche":"R DU CLOITRE NOTRE-DAME","nom_collaboratif_droite":"R DU CLOITRE NOTRE-DAME","importance":"4","fictif":false,"position_par_rapport_au_sol":"0","etat_de_l_objet":"En service","date_creation":"2006-05-22T11:18:11.781Z","date_modification":"2024-12-14T00:47:20.257Z","date_d_apparition":null,"date_de_confirmation":null,"sources":null,"identifiants_sources":null,"methode_d_acquisition_planimetrique":"BDTopo","precision_planimetrique":2.5,"methode_d_acquisition_altimetrique":"BDTopo","precision_altimetrique":1.5,"nombre_de_voies":2,"largeur_de_chaussee":4,"itineraire_vert":false,"prive":false,"sens_de_circulation":"Sens inverse","reserve_aux_bus":null,"urbain":true,"vitesse_moyenne_vl":25,"acces_vehicule_leger":"Libre","acces_pieton":null,"periode_de_fermeture":null,"nature_de_la_restriction":null,"restriction_de_hauteur":null,"restriction_de_poids_total":null,"restriction_de_poids_par_essieu":null,"restriction_de_largeur":null,"restriction_de_longueur":null,"matieres_dangereuses_interdites":false,"borne_debut_gauche":null,"borne_debut_droite":"6T","borne_fin_gauche":null,"borne_fin_droite":"6T","insee_commune_gauche":"75104","insee_commune_droite":"75104","alias_gauche":null,"alias_droit":null,"date_de_mise_en_service":null,"liens_vers_route_nommee":null,"liens_vers_itineraire_autre":null,"cpx_numero":null,"cpx_numero_route_europeenne":null,"cpx_classement_administratif":null,"cpx_gestionnaire":null,"cpx_toponyme_route_nommee":null,"cpx_toponyme_itineraire_cyclable":null,"cpx_toponyme_voie_verte":null,"cpx_nature_itineraire_autre":null,"cpx_toponyme_itineraire_autre":null,"delestage":null,"source_voie_ban_gauche":"commune","source_voie_ban_droite":"commune","nom_voie_ban_gauche":"Rue du Cloître Notre-Dame","nom_voie_ban_droite":"Rue du Cloître Notre-Dame","lieux_dits_ban_gauche":null,"lieux_dits_ban_droite":null,"identifiant_voie_ban_gauche":"75104_2130","identifiant_voie_ban_droite":"75104_2130","sens_amenagement_cyclable_gauche":null,"sens_amenagement_cyclable_droit":null,"amenagement_cyclable_gauche":null,"amenagement_cyclable_droit":null,"aire_de_retournement_dfci":null,"gabarit_dfci":null,"impasse_dfci":null,"nature_detaillee_dfci":null,"ouvrage_d_art_limitant_dfci":null,"pente_maximale_dfci":null,"piste_dfci":null,"piste_dfci_debroussaillee":null,"piste_dfci_fosses":null,"sens_de_circulation_dfci":null,"tout_terrain_dfci":null,"vitesse_moyenne_dfci":null,"zone_de_croisement_dfci":null,"categorie_dfci":null,"vitesse_collaborative":null,"id_ban_odonyme_droite":null,"id_ban_odonyme_gauche":null}},{"type":"Feature","id":"troncon_de_route.14727","geometry":{"type":"LineString","coordinates":[[2.35168499,48.85228878,34.9],[2.35170103,48.85231404,35.1],[2.35172234,48.85235373,34.5],[2.35184112,48.85255583,35.4]]},"geometry_name":"geometrie","properties":{"cleabs":"TRONROUT0000000000194451","nature":"Sentier","nom_collaboratif_gauche":null,"nom_collaboratif_droite":null,"importance":"6","fictif":false,"position_par_rapport_au_sol":"0","etat_de_l_objet":"En service","date_creation":"2006-05-22T11:18:11.781Z","date_modification":"2024-04-26T21:52:49.141Z","date_d_apparition":null,"date_de_confirmation":null,"sources":null,"identifiants_sources":null,"methode_d_acquisition_planimetrique":"BDTopo","precision_planimetrique":2.5,"methode_d_acquisition_altimetrique":"BDTopo","precision_altimetrique":1.5,"nombre_de_voies":null,"largeur_de_chaussee":null,"itineraire_vert":false,"prive":false,"sens_de_circulation":"Sans objet","reserve_aux_bus":null,"urbain":true,"vitesse_moyenne_vl":0,"acces_vehicule_leger":"Physiquement impossible","acces_pieton":null,"periode_de_fermeture":null,"nature_de_la_restriction":null,"restriction_de_hauteur":null,"restriction_de_poids_total":null,"restriction_de_poids_par_essieu":null,"restriction_de_largeur":null,"restriction_de_longueur":null,"matieres_dangereuses_interdites":false,"borne_debut_gauche":null,"borne_debut_droite":null,"borne_fin_gauche":null,"borne_fin_droite":null,"insee_commune_gauche":"75104","insee_commune_droite":"75104","alias_gauche":null,"alias_droit":null,"date_de_mise_en_service":null,"liens_vers_route_nommee":null,"liens_vers_itineraire_autre":null,"cpx_numero":null,"cpx_numero_route_europeenne":null,"cpx_classement_administratif":null,"cpx_gestionnaire":null,"cpx_toponyme_route_nommee":null,"cpx_toponyme_itineraire_cyclable":null,"cpx_toponyme_voie_verte":null,"cpx_nature_itineraire_autre":null,"cpx_toponyme_itineraire_autre":null,"delestage":null,"source_voie_ban_gauche":null,"source_voie_ban_droite":null,"nom_voie_ban_gauche":null,"nom_voie_ban_droite":null,"lieux_dits_ban_gauche":null,"lieux_dits_ban_droite":null,"identifiant_voie_ban_gauche":null,"identifiant_voie_ban_droite":null,"sens_amenagement_cyclable_gauche":null,"sens_amenagement_cyclable_droit":null,"amenagement_cyclable_gauche":null,"amenagement_cyclable_droit":null,"aire_de_retournement_dfci":null,"gabarit_dfci":null,"impasse_dfci":null,"nature_detaillee_dfci":null,"ouvrage_d_art_limitant_dfci":null,"pente_maximale_dfci":null,"piste_dfci":null,"piste_dfci_debroussaillee":null,"piste_dfci_fosses":null,"sens_de_circulation_dfci":null,"tout_terrain_dfci":null,"vitesse_moyenne_dfci":null,"zone_de_croisement_dfci":null,"categorie_dfci":null,"vitesse_collaborative":null,"id_ban_odonyme_droite":null,"id_ban_odonyme_gauche":null}},{"type":"Feature","id":"troncon_de_route.15412","geometry":{"type":"LineString","coordinates":[[2.35111363,48.85275424,35.3],[2.35099867,48.85257375,34.8],[2.35091314,48.85243838,35.5],[2.3507768,48.85222359,36.7],[2.35069796,48.85209816,34.8]]},"geometry_name":"geometrie","properties":{"cleabs":"TRONROUT0000000000195247","nature":"Sentier","nom_collaboratif_gauche":"","nom_collaboratif_droite":"","importance":"6","fictif":false,"position_par_rapport_au_sol":"0","etat_de_l_objet":"En service","date_creation":"2006-05-22T11:18:11.781Z","date_modification":"2019-10-25T19:11:08.152Z","date_d_apparition":null,"date_de_confirmation":null,"sources":null,"identifiants_sources":null,"methode_d_acquisition_planimetrique":"BDTopo","precision_planimetrique":2.5,"methode_d_acquisition_altimetrique":"BDTopo","precision_altimetrique":1.5,"nombre_de_voies":null,"largeur_de_chaussee":null,"itineraire_vert":false,"prive":false,"sens_de_circulation":"Sans objet","reserve_aux_bus":null,"urbain":true,"vitesse_moyenne_vl":0,"acces_vehicule_leger":"Physiquement impossible","acces_pieton":null,"periode_de_fermeture":null,"nature_de_la_restriction":null,"restriction_de_hauteur":null,"restriction_de_poids_total":null,"restriction_de_poids_par_essieu":null,"restriction_de_largeur":null,"restriction_de_longueur":null,"matieres_dangereuses_interdites":false,"borne_debut_gauche":"","borne_debut_droite":"","borne_fin_gauche":"","borne_fin_droite":"","insee_commune_gauche":"75104","insee_commune_droite":"75104","alias_gauche":"","alias_droit":"","date_de_mise_en_service":null,"liens_vers_route_nommee":"","liens_vers_itineraire_autre":null,"cpx_numero":null,"cpx_numero_route_europeenne":null,"cpx_classement_administratif":null,"cpx_gestionnaire":null,"cpx_toponyme_route_nommee":null,"cpx_toponyme_itineraire_cyclable":null,"cpx_toponyme_voie_verte":null,"cpx_nature_itineraire_autre":null,"cpx_toponyme_itineraire_autre":null,"delestage":null,"source_voie_ban_gauche":null,"source_voie_ban_droite":null,"nom_voie_ban_gauche":null,"nom_voie_ban_droite":null,"lieux_dits_ban_gauche":null,"lieux_dits_ban_droite":null,"identifiant_voie_ban_gauche":null,"identifiant_voie_ban_droite":null,"sens_amenagement_cyclable_gauche":null,"sens_amenagement_cyclable_droit":null,"amenagement_cyclable_gauche":null,"amenagement_cyclable_droit":null,"aire_de_retournement_dfci":null,"gabarit_dfci":null,"impasse_dfci":null,"nature_detaillee_dfci":null,"ouvrage_d_art_limitant_dfci":null,"pente_maximale_dfci":null,"piste_dfci":null,"piste_dfci_debroussaillee":null,"piste_dfci_fosses":null,"sens_de_circulation_dfci":null,"tout_terrain_dfci":null,"vitesse_moyenne_dfci":null,"zone_de_croisement_dfci":null,"categorie_dfci":null,"vitesse_collaborative":null,"id_ban_odonyme_droite":null,"id_ban_odonyme_gauche":null}},{"type":"Feature","id":"troncon_de_route.15413","geometry":{"type":"LineString","coordinates":[[2.35147016,48.85192067,34.8],[2.35156864,48.85189153,34.9],[2.35162747,48.85187386,34.9],[2.35174902,48.85185294,34.9]]},"geometry_name":"geometrie","properties":{"cleabs":"TRONROUT0000000000195248","nature":"Route à 1 chaussée","nom_collaboratif_gauche":"quai Madeleine Delbrêl","nom_collaboratif_droite":"quai Madeleine Delbrêl","importance":"5","fictif":false,"position_par_rapport_au_sol":"0","etat_de_l_objet":"En service","date_creation":"2006-05-22T11:18:11.781Z","date_modification":"2024-12-16T16:13:00.374Z","date_d_apparition":null,"date_de_confirmation":null,"sources":null,"identifiants_sources":null,"methode_d_acquisition_planimetrique":"BDTopo","precision_planimetrique":2.5,"methode_d_acquisition_altimetrique":"BDTopo","precision_altimetrique":1.5,"nombre_de_voies":2,"largeur_de_chaussee":5,"itineraire_vert":false,"prive":false,"sens_de_circulation":"Double sens","reserve_aux_bus":null,"urbain":true,"vitesse_moyenne_vl":0,"acces_vehicule_leger":"Restreint aux ayants droit","acces_pieton":null,"periode_de_fermeture":null,"nature_de_la_restriction":null,"restriction_de_hauteur":null,"restriction_de_poids_total":null,"restriction_de_poids_par_essieu":null,"restriction_de_largeur":null,"restriction_de_longueur":null,"matieres_dangereuses_interdites":false,"borne_debut_gauche":"","borne_debut_droite":"","borne_fin_gauche":"","borne_fin_droite":"","insee_commune_gauche":"75104","insee_commune_droite":"75104","alias_gauche":null,"alias_droit":null,"date_de_mise_en_service":null,"liens_vers_route_nommee":null,"liens_vers_itineraire_autre":null,"cpx_numero":null,"cpx_numero_route_europeenne":null,"cpx_classement_administratif":null,"cpx_gestionnaire":null,"cpx_toponyme_route_nommee":null,"cpx_toponyme_itineraire_cyclable":null,"cpx_toponyme_voie_verte":null,"cpx_nature_itineraire_autre":null,"cpx_toponyme_itineraire_autre":null,"delestage":null,"source_voie_ban_gauche":null,"source_voie_ban_droite":null,"nom_voie_ban_gauche":null,"nom_voie_ban_droite":null,"lieux_dits_ban_gauche":null,"lieux_dits_ban_droite":null,"identifiant_voie_ban_gauche":null,"identifiant_voie_ban_droite":null,"sens_amenagement_cyclable_gauche":null,"sens_amenagement_cyclable_droit":null,"amenagement_cyclable_gauche":null,"amenagement_cyclable_droit":null,"aire_de_retournement_dfci":null,"gabarit_dfci":null,"impasse_dfci":null,"nature_detaillee_dfci":null,"ouvrage_d_art_limitant_dfci":null,"pente_maximale_dfci":null,"piste_dfci":null,"piste_dfci_debroussaillee":null,"piste_dfci_fosses":null,"sens_de_circulation_dfci":null,"tout_terrain_dfci":null,"vitesse_moyenne_dfci":null,"zone_de_croisement_dfci":null,"categorie_dfci":null,"vitesse_collaborative":null,"id_ban_odonyme_droite":null,"id_ban_odonyme_gauche":null}},{"type":"Feature","id":"troncon_de_route.15414","geometry":{"type":"LineString","coordinates":[[2.35041062,48.85142478,33.5],[2.34955604,48.85176099,34.4]]},"geometry_name":"geometrie","properties":{"cleabs":"TRONROUT0000000000195249","nature":"Route à 1 chaussée","nom_collaboratif_gauche":"QU DE MONTEBELLO","nom_collaboratif_droite":"QU DE MONTEBELLO","importance":"3","fictif":false,"position_par_rapport_au_sol":"0","etat_de_l_objet":"En service","date_creation":"2006-05-22T11:18:11.781Z","date_modification":"2023-08-27T10:03:02.614Z","date_d_apparition":null,"date_de_confirmation":null,"sources":null,"identifiants_sources":null,"methode_d_acquisition_planimetrique":"BDTopo","precision_planimetrique":2.5,"methode_d_acquisition_altimetrique":"BDTopo","precision_altimetrique":1.5,"nombre_de_voies":2,"largeur_de_chaussee":7,"itineraire_vert":false,"prive":false,"sens_de_circulation":"Sens direct","reserve_aux_bus":null,"urbain":true,"vitesse_moyenne_vl":30,"acces_vehicule_leger":"Libre","acces_pieton":null,"periode_de_fermeture":null,"nature_de_la_restriction":null,"restriction_de_hauteur":null,"restriction_de_poids_total":null,"restriction_de_poids_par_essieu":null,"restriction_de_largeur":null,"restriction_de_longueur":null,"matieres_dangereuses_interdites":false,"borne_debut_gauche":"1","borne_debut_droite":null,"borne_fin_gauche":"9","borne_fin_droite":null,"insee_commune_gauche":"75105","insee_commune_droite":"75105","alias_gauche":null,"alias_droit":null,"date_de_mise_en_service":null,"liens_vers_route_nommee":null,"liens_vers_itineraire_autre":null,"cpx_numero":null,"cpx_numero_route_europeenne":null,"cpx_classement_administratif":null,"cpx_gestionnaire":null,"cpx_toponyme_route_nommee":null,"cpx_toponyme_itineraire_cyclable":null,"cpx_toponyme_voie_verte":null,"cpx_nature_itineraire_autre":null,"cpx_toponyme_itineraire_autre":null,"delestage":null,"source_voie_ban_gauche":"commune","source_voie_ban_droite":"commune","nom_voie_ban_gauche":"Quai de Montebello","nom_voie_ban_droite":"Quai de Montebello","lieux_dits_ban_gauche":"","lieux_dits_ban_droite":"","identifiant_voie_ban_gauche":"75105_6472","identifiant_voie_ban_droite":"75105_6472","sens_amenagement_cyclable_gauche":null,"sens_amenagement_cyclable_droit":null,"amenagement_cyclable_gauche":null,"amenagement_cyclable_droit":null,"aire_de_retournement_dfci":null,"gabarit_dfci":null,"impasse_dfci":null,"nature_detaillee_dfci":null,"ouvrage_d_art_limitant_dfci":null,"pente_maximale_dfci":null,"piste_dfci":null,"piste_dfci_debroussaillee":null,"piste_dfci_fosses":null,"sens_de_circulation_dfci":null,"tout_terrain_dfci":null,"vitesse_moyenne_dfci":null,"zone_de_croisement_dfci":null,"categorie_dfci":null,"vitesse_collaborative":null,"id_ban_odonyme_droite":null,"id_ban_odonyme_gauche":null}},{"type":"Feature","id":"troncon_de_route.15415","geometry":{"type":"LineString","coordinates":[[2.35168499,48.85228878,34.9],[2.35197644,48.85219502,34.9]]},"geometry_name":"geometrie","properties":{"cleabs":"TRONROUT0000000000195250","nature":"Sentier","nom_collaboratif_gauche":"","nom_collaboratif_droite":"","importance":"6","fictif":false,"position_par_rapport_au_sol":"0","etat_de_l_objet":"En service","date_creation":"2006-05-22T11:18:11.781Z","date_modification":"2012-02-07T07:51:41.624Z","date_d_apparition":null,"date_de_confirmation":null,"sources":null,"identifiants_sources":null,"methode_d_acquisition_planimetrique":"BDTopo","precision_planimetrique":2.5,"methode_d_acquisition_altimetrique":"BDTopo","precision_altimetrique":1.5,"nombre_de_voies":null,"largeur_de_chaussee":null,"itineraire_vert":false,"prive":false,"sens_de_circulation":"Sans objet","reserve_aux_bus":null,"urbain":true,"vitesse_moyenne_vl":0,"acces_vehicule_leger":"Physiquement impossible","acces_pieton":null,"periode_de_fermeture":null,"nature_de_la_restriction":null,"restriction_de_hauteur":null,"restriction_de_poids_total":null,"restriction_de_poids_par_essieu":null,"restriction_de_largeur":null,"restriction_de_longueur":null,"matieres_dangereuses_interdites":false,"borne_debut_gauche":"","borne_debut_droite":"","borne_fin_gauche":"","borne_fin_droite":"","insee_commune_gauche":"75104","insee_commune_droite":"75104","alias_gauche":"","alias_droit":"","date_de_mise_en_service":null,"liens_vers_route_nommee":"","liens_vers_itineraire_autre":null,"cpx_numero":null,"cpx_numero_route_europeenne":null,"cpx_classement_administratif":null,"cpx_gestionnaire":null,"cpx_toponyme_route_nommee":null,"cpx_toponyme_itineraire_cyclable":null,"cpx_toponyme_voie_verte":null,"cpx_nature_itineraire_autre":null,"cpx_toponyme_itineraire_autre":null,"delestage":null,"source_voie_ban_gauche":null,"source_voie_ban_droite":null,"nom_voie_ban_gauche":null,"nom_voie_ban_droite":null,"lieux_dits_ban_gauche":null,"lieux_dits_ban_droite":null,"identifiant_voie_ban_gauche":null,"identifiant_voie_ban_droite":null,"sens_amenagement_cyclable_gauche":null,"sens_amenagement_cyclable_droit":null,"amenagement_cyclable_gauche":null,"amenagement_cyclable_droit":null,"aire_de_retournement_dfci":null,"gabarit_dfci":null,"impasse_dfci":null,"nature_detaillee_dfci":null,"ouvrage_d_art_limitant_dfci":null,"pente_maximale_dfci":null,"piste_dfci":null,"piste_dfci_debroussaillee":null,"piste_dfci_fosses":null,"sens_de_circulation_dfci":null,"tout_terrain_dfci":null,"vitesse_moyenne_dfci":null,"zone_de_croisement_dfci":null,"categorie_dfci":null,"vitesse_collaborative":null,"id_ban_odonyme_droite":null,"id_ban_odonyme_gauche":null}},{"type":"Feature","id":"troncon_de_route.15416","geometry":{"type":"LineString","coordinates":[[2.35069796,48.85209816,34.8],[2.35132256,48.85195405,34.5],[2.35147016,48.85192067,34.8]]},"geometry_name":"geometrie","properties":{"cleabs":"TRONROUT0000000000195251","nature":"Route à 1 chaussée","nom_collaboratif_gauche":"quai Madeleine Delbrêl","nom_collaboratif_droite":"quai Madeleine Delbrêl","importance":"5","fictif":false,"position_par_rapport_au_sol":"0","etat_de_l_objet":"En service","date_creation":"2006-05-22T11:18:11.781Z","date_modification":"2024-12-16T16:13:00.374Z","date_d_apparition":null,"date_de_confirmation":null,"sources":null,"identifiants_sources":null,"methode_d_acquisition_planimetrique":"BDTopo","precision_planimetrique":2.5,"methode_d_acquisition_altimetrique":"BDTopo","precision_altimetrique":1.5,"nombre_de_voies":2,"largeur_de_chaussee":5,"itineraire_vert":false,"prive":false,"sens_de_circulation":"Double sens","reserve_aux_bus":null,"urbain":true,"vitesse_moyenne_vl":0,"acces_vehicule_leger":"Restreint aux ayants droit","acces_pieton":null,"periode_de_fermeture":null,"nature_de_la_restriction":null,"restriction_de_hauteur":null,"restriction_de_poids_total":null,"restriction_de_poids_par_essieu":null,"restriction_de_largeur":null,"restriction_de_longueur":null,"matieres_dangereuses_interdites":false,"borne_debut_gauche":null,"borne_debut_droite":null,"borne_fin_gauche":null,"borne_fin_droite":null,"insee_commune_gauche":"75104","insee_commune_droite":"75104","alias_gauche":null,"alias_droit":null,"date_de_mise_en_service":null,"liens_vers_route_nommee":null,"liens_vers_itineraire_autre":null,"cpx_numero":null,"cpx_numero_route_europeenne":null,"cpx_classement_administratif":null,"cpx_gestionnaire":null,"cpx_toponyme_route_nommee":null,"cpx_toponyme_itineraire_cyclable":null,"cpx_toponyme_voie_verte":null,"cpx_nature_itineraire_autre":null,"cpx_toponyme_itineraire_autre":null,"delestage":null,"source_voie_ban_gauche":null,"source_voie_ban_droite":null,"nom_voie_ban_gauche":null,"nom_voie_ban_droite":null,"lieux_dits_ban_gauche":null,"lieux_dits_ban_droite":null,"identifiant_voie_ban_gauche":null,"identifiant_voie_ban_droite":null,"sens_amenagement_cyclable_gauche":null,"sens_amenagement_cyclable_droit":null,"amenagement_cyclable_gauche":null,"amenagement_cyclable_droit":null,"aire_de_retournement_dfci":null,"gabarit_dfci":null,"impasse_dfci":null,"nature_detaillee_dfci":null,"ouvrage_d_art_limitant_dfci":null,"pente_maximale_dfci":null,"piste_dfci":null,"piste_dfci_debroussaillee":null,"piste_dfci_fosses":null,"sens_de_circulation_dfci":null,"tout_terrain_dfci":null,"vitesse_moyenne_dfci":null,"zone_de_croisement_dfci":null,"categorie_dfci":null,"vitesse_collaborative":null,"id_ban_odonyme_droite":null,"id_ban_odonyme_gauche":null}},{"type":"Feature","id":"troncon_de_route.15417","geometry":{"type":"LineString","coordinates":[[2.35147016,48.85192067,34.8],[2.35154889,48.85205511,34.9],[2.3516236,48.85218412,35],[2.35168499,48.85228878,34.9]]},"geometry_name":"geometrie","properties":{"cleabs":"TRONROUT0000000000195252","nature":"Sentier","nom_collaboratif_gauche":null,"nom_collaboratif_droite":null,"importance":"6","fictif":false,"position_par_rapport_au_sol":"0","etat_de_l_objet":"En service","date_creation":"2006-05-22T11:18:11.781Z","date_modification":"2024-04-26T21:52:49.141Z","date_d_apparition":null,"date_de_confirmation":null,"sources":null,"identifiants_sources":null,"methode_d_acquisition_planimetrique":"BDTopo","precision_planimetrique":2.5,"methode_d_acquisition_altimetrique":"BDTopo","precision_altimetrique":1.5,"nombre_de_voies":null,"largeur_de_chaussee":null,"itineraire_vert":false,"prive":false,"sens_de_circulation":"Sans objet","reserve_aux_bus":null,"urbain":true,"vitesse_moyenne_vl":0,"acces_vehicule_leger":"Physiquement impossible","acces_pieton":null,"periode_de_fermeture":null,"nature_de_la_restriction":null,"restriction_de_hauteur":null,"restriction_de_poids_total":null,"restriction_de_poids_par_essieu":null,"restriction_de_largeur":null,"restriction_de_longueur":null,"matieres_dangereuses_interdites":false,"borne_debut_gauche":null,"borne_debut_droite":null,"borne_fin_gauche":null,"borne_fin_droite":null,"insee_commune_gauche":"75104","insee_commune_droite":"75104","alias_gauche":null,"alias_droit":null,"date_de_mise_en_service":null,"liens_vers_route_nommee":null,"liens_vers_itineraire_autre":null,"cpx_numero":null,"cpx_numero_route_europeenne":null,"cpx_classement_administratif":null,"cpx_gestionnaire":null,"cpx_toponyme_route_nommee":null,"cpx_toponyme_itineraire_cyclable":null,"cpx_toponyme_voie_verte":null,"cpx_nature_itineraire_autre":null,"cpx_toponyme_itineraire_autre":null,"delestage":null,"source_voie_ban_gauche":null,"source_voie_ban_droite":null,"nom_voie_ban_gauche":null,"nom_voie_ban_droite":null,"lieux_dits_ban_gauche":null,"lieux_dits_ban_droite":null,"identifiant_voie_ban_gauche":null,"identifiant_voie_ban_droite":null,"sens_amenagement_cyclable_gauche":null,"sens_amenagement_cyclable_droit":null,"amenagement_cyclable_gauche":null,"amenagement_cyclable_droit":null,"aire_de_retournement_dfci":null,"gabarit_dfci":null,"impasse_dfci":null,"nature_detaillee_dfci":null,"ouvrage_d_art_limitant_dfci":null,"pente_maximale_dfci":null,"piste_dfci":null,"piste_dfci_debroussaillee":null,"piste_dfci_fosses":null,"sens_de_circulation_dfci":null,"tout_terrain_dfci":null,"vitesse_moyenne_dfci":null,"zone_de_croisement_dfci":null,"categorie_dfci":null,"vitesse_collaborative":null,"id_ban_odonyme_droite":null,"id_ban_odonyme_gauche":null}},{"type":"Feature","id":"troncon_de_route.15418","geometry":{"type":"LineString","coordinates":[[2.3508584,48.85125273,33.6],[2.35041062,48.85142478,33.5]]},"geometry_name":"geometrie","properties":{"cleabs":"TRONROUT0000000000195253","nature":"Route à 1 chaussée","nom_collaboratif_gauche":"QU DE LA TOURNELLE","nom_collaboratif_droite":"QU DE LA TOURNELLE","importance":"3","fictif":false,"position_par_rapport_au_sol":"0","etat_de_l_objet":"En service","date_creation":"2006-05-22T11:18:11.781Z","date_modification":"2024-12-14T21:42:53.628Z","date_d_apparition":null,"date_de_confirmation":null,"sources":null,"identifiants_sources":null,"methode_d_acquisition_planimetrique":"BDTopo","precision_planimetrique":2.5,"methode_d_acquisition_altimetrique":"BDTopo","precision_altimetrique":1.5,"nombre_de_voies":2,"largeur_de_chaussee":7,"itineraire_vert":false,"prive":false,"sens_de_circulation":"Sens direct","reserve_aux_bus":null,"urbain":true,"vitesse_moyenne_vl":30,"acces_vehicule_leger":"Libre","acces_pieton":null,"periode_de_fermeture":null,"nature_de_la_restriction":null,"restriction_de_hauteur":null,"restriction_de_poids_total":null,"restriction_de_poids_par_essieu":null,"restriction_de_largeur":null,"restriction_de_longueur":null,"matieres_dangereuses_interdites":false,"borne_debut_gauche":"67","borne_debut_droite":null,"borne_fin_gauche":"69","borne_fin_droite":null,"insee_commune_gauche":"75105","insee_commune_droite":"75105","alias_gauche":null,"alias_droit":null,"date_de_mise_en_service":null,"liens_vers_route_nommee":null,"liens_vers_itineraire_autre":null,"cpx_numero":null,"cpx_numero_route_europeenne":null,"cpx_classement_administratif":null,"cpx_gestionnaire":null,"cpx_toponyme_route_nommee":null,"cpx_toponyme_itineraire_cyclable":null,"cpx_toponyme_voie_verte":null,"cpx_nature_itineraire_autre":null,"cpx_toponyme_itineraire_autre":null,"delestage":null,"source_voie_ban_gauche":"commune","source_voie_ban_droite":"commune","nom_voie_ban_gauche":"Quai de la Tournelle","nom_voie_ban_droite":"Quai de la Tournelle","lieux_dits_ban_gauche":null,"lieux_dits_ban_droite":null,"identifiant_voie_ban_gauche":"75105_9380","identifiant_voie_ban_droite":"75105_9380","sens_amenagement_cyclable_gauche":null,"sens_amenagement_cyclable_droit":null,"amenagement_cyclable_gauche":null,"amenagement_cyclable_droit":null,"aire_de_retournement_dfci":null,"gabarit_dfci":null,"impasse_dfci":null,"nature_detaillee_dfci":null,"ouvrage_d_art_limitant_dfci":null,"pente_maximale_dfci":null,"piste_dfci":null,"piste_dfci_debroussaillee":null,"piste_dfci_fosses":null,"sens_de_circulation_dfci":null,"tout_terrain_dfci":null,"vitesse_moyenne_dfci":null,"zone_de_croisement_dfci":null,"categorie_dfci":null,"vitesse_collaborative":null,"id_ban_odonyme_droite":null,"id_ban_odonyme_gauche":null}},{"type":"Feature","id":"troncon_de_route.15419","geometry":{"type":"LineString","coordinates":[[2.35172358,48.85181592,35.1],[2.35174902,48.85185294,34.9]]},"geometry_name":"geometrie","properties":{"cleabs":"TRONROUT0000000000195254","nature":"Route à 1 chaussée","nom_collaboratif_gauche":"PONT DE L'ARCHEVECHE","nom_collaboratif_droite":"PONT DE L'ARCHEVECHE","importance":"4","fictif":false,"position_par_rapport_au_sol":"0","etat_de_l_objet":"En service","date_creation":"2006-05-22T11:18:11.781Z","date_modification":"2025-12-08T08:40:26.221Z","date_d_apparition":null,"date_de_confirmation":null,"sources":null,"identifiants_sources":null,"methode_d_acquisition_planimetrique":"BDTopo","precision_planimetrique":2.5,"methode_d_acquisition_altimetrique":"BDTopo","precision_altimetrique":1.5,"nombre_de_voies":2,"largeur_de_chaussee":4,"itineraire_vert":false,"prive":false,"sens_de_circulation":"Sens direct","reserve_aux_bus":null,"urbain":true,"vitesse_moyenne_vl":30,"acces_vehicule_leger":"Libre","acces_pieton":null,"periode_de_fermeture":null,"nature_de_la_restriction":null,"restriction_de_hauteur":null,"restriction_de_poids_total":25,"restriction_de_poids_par_essieu":null,"restriction_de_largeur":null,"restriction_de_longueur":null,"matieres_dangereuses_interdites":false,"borne_debut_gauche":null,"borne_debut_droite":null,"borne_fin_gauche":null,"borne_fin_droite":null,"insee_commune_gauche":"75104","insee_commune_droite":"75104","alias_gauche":null,"alias_droit":null,"date_de_mise_en_service":null,"liens_vers_route_nommee":null,"liens_vers_itineraire_autre":"ITI_AUT_0000002496291173","cpx_numero":null,"cpx_numero_route_europeenne":null,"cpx_classement_administratif":null,"cpx_gestionnaire":null,"cpx_toponyme_route_nommee":null,"cpx_toponyme_itineraire_cyclable":null,"cpx_toponyme_voie_verte":null,"cpx_nature_itineraire_autre":"Itinéraire cyclable","cpx_toponyme_itineraire_autre":"la Scandibérique - Eurovélo 3","delestage":null,"source_voie_ban_gauche":null,"source_voie_ban_droite":null,"nom_voie_ban_gauche":null,"nom_voie_ban_droite":null,"lieux_dits_ban_gauche":null,"lieux_dits_ban_droite":null,"identifiant_voie_ban_gauche":null,"identifiant_voie_ban_droite":null,"sens_amenagement_cyclable_gauche":"Sens inverse","sens_amenagement_cyclable_droit":null,"amenagement_cyclable_gauche":"Bande cyclable","amenagement_cyclable_droit":null,"aire_de_retournement_dfci":null,"gabarit_dfci":null,"impasse_dfci":null,"nature_detaillee_dfci":null,"ouvrage_d_art_limitant_dfci":null,"pente_maximale_dfci":null,"piste_dfci":null,"piste_dfci_debroussaillee":null,"piste_dfci_fosses":null,"sens_de_circulation_dfci":null,"tout_terrain_dfci":null,"vitesse_moyenne_dfci":null,"zone_de_croisement_dfci":null,"categorie_dfci":null,"vitesse_collaborative":null,"id_ban_odonyme_droite":null,"id_ban_odonyme_gauche":null}},{"type":"Feature","id":"troncon_de_route.15420","geometry":{"type":"LineString","coordinates":[[2.35159798,48.85161469,35.2],[2.35172358,48.85181592,35.1]]},"geometry_name":"geometrie","properties":{"cleabs":"TRONROUT0000000000195255","nature":"Route à 1 chaussée","nom_collaboratif_gauche":"PONT DE L'ARCHEVECHE","nom_collaboratif_droite":"PONT DE L'ARCHEVECHE","importance":"4","fictif":false,"position_par_rapport_au_sol":"1","etat_de_l_objet":"En service","date_creation":"2006-05-22T11:18:11.781Z","date_modification":"2025-12-08T08:40:26.221Z","date_d_apparition":null,"date_de_confirmation":null,"sources":null,"identifiants_sources":null,"methode_d_acquisition_planimetrique":"BDTopo","precision_planimetrique":2.5,"methode_d_acquisition_altimetrique":"BDTopo","precision_altimetrique":1.5,"nombre_de_voies":2,"largeur_de_chaussee":5,"itineraire_vert":false,"prive":false,"sens_de_circulation":"Sens direct","reserve_aux_bus":null,"urbain":true,"vitesse_moyenne_vl":30,"acces_vehicule_leger":"Libre","acces_pieton":null,"periode_de_fermeture":null,"nature_de_la_restriction":null,"restriction_de_hauteur":null,"restriction_de_poids_total":25,"restriction_de_poids_par_essieu":null,"restriction_de_largeur":null,"restriction_de_longueur":null,"matieres_dangereuses_interdites":false,"borne_debut_gauche":null,"borne_debut_droite":null,"borne_fin_gauche":null,"borne_fin_droite":null,"insee_commune_gauche":"75104","insee_commune_droite":"75104","alias_gauche":null,"alias_droit":null,"date_de_mise_en_service":null,"liens_vers_route_nommee":null,"liens_vers_itineraire_autre":"ITI_AUT_0000002496291173","cpx_numero":null,"cpx_numero_route_europeenne":null,"cpx_classement_administratif":null,"cpx_gestionnaire":null,"cpx_toponyme_route_nommee":null,"cpx_toponyme_itineraire_cyclable":null,"cpx_toponyme_voie_verte":null,"cpx_nature_itineraire_autre":"Itinéraire cyclable","cpx_toponyme_itineraire_autre":"la Scandibérique - Eurovélo 3","delestage":null,"source_voie_ban_gauche":null,"source_voie_ban_droite":null,"nom_voie_ban_gauche":null,"nom_voie_ban_droite":null,"lieux_dits_ban_gauche":null,"lieux_dits_ban_droite":null,"identifiant_voie_ban_gauche":null,"identifiant_voie_ban_droite":null,"sens_amenagement_cyclable_gauche":"Sens inverse","sens_amenagement_cyclable_droit":null,"amenagement_cyclable_gauche":"Bande cyclable","amenagement_cyclable_droit":null,"aire_de_retournement_dfci":null,"gabarit_dfci":null,"impasse_dfci":null,"nature_detaillee_dfci":null,"ouvrage_d_art_limitant_dfci":null,"pente_maximale_dfci":null,"piste_dfci":null,"piste_dfci_debroussaillee":null,"piste_dfci_fosses":null,"sens_de_circulation_dfci":null,"tout_terrain_dfci":null,"vitesse_moyenne_dfci":null,"zone_de_croisement_dfci":null,"categorie_dfci":null,"vitesse_collaborative":null,"id_ban_odonyme_droite":null,"id_ban_odonyme_gauche":null}},{"type":"Feature","id":"troncon_de_route.15421","geometry":{"type":"LineString","coordinates":[[2.3513749,48.85125284,34.6],[2.35159798,48.85161469,35.2]]},"geometry_name":"geometrie","properties":{"cleabs":"TRONROUT0000000000195256","nature":"Route à 1 chaussée","nom_collaboratif_gauche":"PONT DE L'ARCHEVECHE","nom_collaboratif_droite":"PONT DE L'ARCHEVECHE","importance":"4","fictif":false,"position_par_rapport_au_sol":"1","etat_de_l_objet":"En service","date_creation":"2006-05-22T11:18:11.781Z","date_modification":"2025-12-08T08:40:26.221Z","date_d_apparition":null,"date_de_confirmation":null,"sources":null,"identifiants_sources":null,"methode_d_acquisition_planimetrique":"BDTopo","precision_planimetrique":2.5,"methode_d_acquisition_altimetrique":"BDTopo","precision_altimetrique":1.5,"nombre_de_voies":2,"largeur_de_chaussee":5,"itineraire_vert":false,"prive":false,"sens_de_circulation":"Sens direct","reserve_aux_bus":null,"urbain":true,"vitesse_moyenne_vl":30,"acces_vehicule_leger":"Libre","acces_pieton":null,"periode_de_fermeture":null,"nature_de_la_restriction":null,"restriction_de_hauteur":null,"restriction_de_poids_total":25,"restriction_de_poids_par_essieu":null,"restriction_de_largeur":null,"restriction_de_longueur":null,"matieres_dangereuses_interdites":false,"borne_debut_gauche":null,"borne_debut_droite":null,"borne_fin_gauche":null,"borne_fin_droite":null,"insee_commune_gauche":"75105","insee_commune_droite":"75105","alias_gauche":null,"alias_droit":null,"date_de_mise_en_service":null,"liens_vers_route_nommee":null,"liens_vers_itineraire_autre":"ITI_AUT_0000002496291173","cpx_numero":null,"cpx_numero_route_europeenne":null,"cpx_classement_administratif":null,"cpx_gestionnaire":null,"cpx_toponyme_route_nommee":null,"cpx_toponyme_itineraire_cyclable":null,"cpx_toponyme_voie_verte":null,"cpx_nature_itineraire_autre":"Itinéraire cyclable","cpx_toponyme_itineraire_autre":"la Scandibérique - Eurovélo 3","delestage":null,"source_voie_ban_gauche":null,"source_voie_ban_droite":null,"nom_voie_ban_gauche":null,"nom_voie_ban_droite":null,"lieux_dits_ban_gauche":null,"lieux_dits_ban_droite":null,"identifiant_voie_ban_gauche":null,"identifiant_voie_ban_droite":null,"sens_amenagement_cyclable_gauche":"Sens inverse","sens_amenagement_cyclable_droit":null,"amenagement_cyclable_gauche":"Bande cyclable","amenagement_cyclable_droit":null,"aire_de_retournement_dfci":null,"gabarit_dfci":null,"impasse_dfci":null,"nature_detaillee_dfci":null,"ouvrage_d_art_limitant_dfci":null,"pente_maximale_dfci":null,"piste_dfci":null,"piste_dfci_debroussaillee":null,"piste_dfci_fosses":null,"sens_de_circulation_dfci":null,"tout_terrain_dfci":null,"vitesse_moyenne_dfci":null,"zone_de_croisement_dfci":null,"categorie_dfci":null,"vitesse_collaborative":null,"id_ban_odonyme_droite":null,"id_ban_odonyme_gauche":null}},{"type":"Feature","id":"troncon_de_route.15422","geometry":{"type":"LineString","coordinates":[[2.3512895,48.85110668,34.1],[2.3508584,48.85125273,33.6]]},"geometry_name":"geometrie","properties":{"cleabs":"TRONROUT0000000000195257","nature":"Route à 1 chaussée","nom_collaboratif_gauche":"QU DE LA TOURNELLE","nom_collaboratif_droite":"QU DE LA TOURNELLE","importance":"3","fictif":false,"position_par_rapport_au_sol":"0","etat_de_l_objet":"En service","date_creation":"2006-05-22T11:18:11.781Z","date_modification":"2024-12-14T21:42:53.628Z","date_d_apparition":null,"date_de_confirmation":null,"sources":null,"identifiants_sources":null,"methode_d_acquisition_planimetrique":"BDTopo","precision_planimetrique":2.5,"methode_d_acquisition_altimetrique":"BDTopo","precision_altimetrique":1.5,"nombre_de_voies":2,"largeur_de_chaussee":7,"itineraire_vert":false,"prive":false,"sens_de_circulation":"Sens direct","reserve_aux_bus":null,"urbain":true,"vitesse_moyenne_vl":30,"acces_vehicule_leger":"Libre","acces_pieton":null,"periode_de_fermeture":null,"nature_de_la_restriction":null,"restriction_de_hauteur":null,"restriction_de_poids_total":null,"restriction_de_poids_par_essieu":null,"restriction_de_largeur":null,"restriction_de_longueur":null,"matieres_dangereuses_interdites":false,"borne_debut_gauche":"59","borne_debut_droite":null,"borne_fin_gauche":"65","borne_fin_droite":null,"insee_commune_gauche":"75105","insee_commune_droite":"75105","alias_gauche":null,"alias_droit":null,"date_de_mise_en_service":null,"liens_vers_route_nommee":null,"liens_vers_itineraire_autre":null,"cpx_numero":null,"cpx_numero_route_europeenne":null,"cpx_classement_administratif":null,"cpx_gestionnaire":null,"cpx_toponyme_route_nommee":null,"cpx_toponyme_itineraire_cyclable":null,"cpx_toponyme_voie_verte":null,"cpx_nature_itineraire_autre":null,"cpx_toponyme_itineraire_autre":null,"delestage":null,"source_voie_ban_gauche":"commune","source_voie_ban_droite":"commune","nom_voie_ban_gauche":"Quai de la Tournelle","nom_voie_ban_droite":"Quai de la Tournelle","lieux_dits_ban_gauche":null,"lieux_dits_ban_droite":null,"identifiant_voie_ban_gauche":"75105_9380","identifiant_voie_ban_droite":"75105_9380","sens_amenagement_cyclable_gauche":null,"sens_amenagement_cyclable_droit":null,"amenagement_cyclable_gauche":null,"amenagement_cyclable_droit":null,"aire_de_retournement_dfci":null,"gabarit_dfci":null,"impasse_dfci":null,"nature_detaillee_dfci":null,"ouvrage_d_art_limitant_dfci":null,"pente_maximale_dfci":null,"piste_dfci":null,"piste_dfci_debroussaillee":null,"piste_dfci_fosses":null,"sens_de_circulation_dfci":null,"tout_terrain_dfci":null,"vitesse_moyenne_dfci":null,"zone_de_croisement_dfci":null,"categorie_dfci":null,"vitesse_collaborative":null,"id_ban_odonyme_droite":null,"id_ban_odonyme_gauche":null}},{"type":"Feature","id":"troncon_de_route.15423","geometry":{"type":"LineString","coordinates":[[2.35174902,48.85185294,34.9],[2.35197644,48.85219502,34.9]]},"geometry_name":"geometrie","properties":{"cleabs":"TRONROUT0000000000195258","nature":"Route à 1 chaussée","nom_collaboratif_gauche":"QU DE L'ARCHEVECHE","nom_collaboratif_droite":"QU DE L'ARCHEVECHE","importance":"4","fictif":false,"position_par_rapport_au_sol":"0","etat_de_l_objet":"En service","date_creation":"2006-05-22T11:18:11.781Z","date_modification":"2025-12-08T08:40:26.221Z","date_d_apparition":null,"date_de_confirmation":null,"sources":null,"identifiants_sources":null,"methode_d_acquisition_planimetrique":"BDTopo","precision_planimetrique":2.5,"methode_d_acquisition_altimetrique":"BDTopo","precision_altimetrique":1.5,"nombre_de_voies":2,"largeur_de_chaussee":4,"itineraire_vert":false,"prive":false,"sens_de_circulation":"Sens direct","reserve_aux_bus":null,"urbain":true,"vitesse_moyenne_vl":30,"acces_vehicule_leger":"Libre","acces_pieton":null,"periode_de_fermeture":null,"nature_de_la_restriction":null,"restriction_de_hauteur":null,"restriction_de_poids_total":null,"restriction_de_poids_par_essieu":null,"restriction_de_largeur":null,"restriction_de_longueur":null,"matieres_dangereuses_interdites":false,"borne_debut_gauche":null,"borne_debut_droite":"7","borne_fin_gauche":null,"borne_fin_droite":"5","insee_commune_gauche":"75104","insee_commune_droite":"75104","alias_gauche":null,"alias_droit":null,"date_de_mise_en_service":null,"liens_vers_route_nommee":null,"liens_vers_itineraire_autre":"ITI_AUT_0000002496291173","cpx_numero":null,"cpx_numero_route_europeenne":null,"cpx_classement_administratif":null,"cpx_gestionnaire":null,"cpx_toponyme_route_nommee":null,"cpx_toponyme_itineraire_cyclable":null,"cpx_toponyme_voie_verte":null,"cpx_nature_itineraire_autre":"Itinéraire cyclable","cpx_toponyme_itineraire_autre":"la Scandibérique - Eurovélo 3","delestage":null,"source_voie_ban_gauche":"commune","source_voie_ban_droite":"commune","nom_voie_ban_gauche":"Quai de l'Archevêché","nom_voie_ban_droite":"Quai de l'Archevêché","lieux_dits_ban_gauche":null,"lieux_dits_ban_droite":null,"identifiant_voie_ban_gauche":"75104_0417","identifiant_voie_ban_droite":"75104_0417","sens_amenagement_cyclable_gauche":"Sens inverse","sens_amenagement_cyclable_droit":null,"amenagement_cyclable_gauche":"Bande cyclable","amenagement_cyclable_droit":null,"aire_de_retournement_dfci":null,"gabarit_dfci":null,"impasse_dfci":null,"nature_detaillee_dfci":null,"ouvrage_d_art_limitant_dfci":null,"pente_maximale_dfci":null,"piste_dfci":null,"piste_dfci_debroussaillee":null,"piste_dfci_fosses":null,"sens_de_circulation_dfci":null,"tout_terrain_dfci":null,"vitesse_moyenne_dfci":null,"zone_de_croisement_dfci":null,"categorie_dfci":null,"vitesse_collaborative":null,"id_ban_odonyme_droite":null,"id_ban_odonyme_gauche":null}},{"type":"Feature","id":"troncon_de_route.15424","geometry":{"type":"LineString","coordinates":[[2.35259056,48.85070002,33.3],[2.3512895,48.85110668,34.1]]},"geometry_name":"geometrie","properties":{"cleabs":"TRONROUT0000000000195259","nature":"Route à 1 chaussée","nom_collaboratif_gauche":"QU DE LA TOURNELLE","nom_collaboratif_droite":"QU DE LA TOURNELLE","importance":"3","fictif":false,"position_par_rapport_au_sol":"0","etat_de_l_objet":"En service","date_creation":"2006-05-22T11:18:11.781Z","date_modification":"2024-12-14T21:42:53.628Z","date_d_apparition":null,"date_de_confirmation":null,"sources":null,"identifiants_sources":null,"methode_d_acquisition_planimetrique":"BDTopo","precision_planimetrique":2.5,"methode_d_acquisition_altimetrique":"BDTopo","precision_altimetrique":1.5,"nombre_de_voies":2,"largeur_de_chaussee":7,"itineraire_vert":false,"prive":false,"sens_de_circulation":"Sens direct","reserve_aux_bus":null,"urbain":true,"vitesse_moyenne_vl":30,"acces_vehicule_leger":"Libre","acces_pieton":null,"periode_de_fermeture":null,"nature_de_la_restriction":null,"restriction_de_hauteur":null,"restriction_de_poids_total":null,"restriction_de_poids_par_essieu":null,"restriction_de_largeur":null,"restriction_de_longueur":null,"matieres_dangereuses_interdites":false,"borne_debut_gauche":"43","borne_debut_droite":null,"borne_fin_gauche":"57","borne_fin_droite":null,"insee_commune_gauche":"75105","insee_commune_droite":"75105","alias_gauche":null,"alias_droit":null,"date_de_mise_en_service":null,"liens_vers_route_nommee":null,"liens_vers_itineraire_autre":null,"cpx_numero":null,"cpx_numero_route_europeenne":null,"cpx_classement_administratif":null,"cpx_gestionnaire":null,"cpx_toponyme_route_nommee":null,"cpx_toponyme_itineraire_cyclable":null,"cpx_toponyme_voie_verte":null,"cpx_nature_itineraire_autre":null,"cpx_toponyme_itineraire_autre":null,"delestage":null,"source_voie_ban_gauche":"commune","source_voie_ban_droite":"commune","nom_voie_ban_gauche":"Quai de la Tournelle","nom_voie_ban_droite":"Quai de la Tournelle","lieux_dits_ban_gauche":null,"lieux_dits_ban_droite":null,"identifiant_voie_ban_gauche":"75105_9380","identifiant_voie_ban_droite":"75105_9380","sens_amenagement_cyclable_gauche":null,"sens_amenagement_cyclable_droit":null,"amenagement_cyclable_gauche":null,"amenagement_cyclable_droit":null,"aire_de_retournement_dfci":null,"gabarit_dfci":null,"impasse_dfci":null,"nature_detaillee_dfci":null,"ouvrage_d_art_limitant_dfci":null,"pente_maximale_dfci":null,"piste_dfci":null,"piste_dfci_debroussaillee":null,"piste_dfci_fosses":null,"sens_de_circulation_dfci":null,"tout_terrain_dfci":null,"vitesse_moyenne_dfci":null,"zone_de_croisement_dfci":null,"categorie_dfci":null,"vitesse_collaborative":null,"id_ban_odonyme_droite":null,"id_ban_odonyme_gauche":null}},{"type":"Feature","id":"troncon_de_route.15425","geometry":{"type":"LineString","coordinates":[[2.35197644,48.85219502,34.9],[2.35217309,48.85249108,35.5],[2.35219809,48.85256316,35.6],[2.35219692,48.85265759,35.6]]},"geometry_name":"geometrie","properties":{"cleabs":"TRONROUT0000000000195260","nature":"Route à 1 chaussée","nom_collaboratif_gauche":"QU DE L'ARCHEVECHE","nom_collaboratif_droite":"QU DE L'ARCHEVECHE","importance":"4","fictif":false,"position_par_rapport_au_sol":"0","etat_de_l_objet":"En service","date_creation":"2006-05-22T11:18:11.781Z","date_modification":"2025-12-08T08:40:26.221Z","date_d_apparition":null,"date_de_confirmation":null,"sources":null,"identifiants_sources":null,"methode_d_acquisition_planimetrique":"BDTopo","precision_planimetrique":2.5,"methode_d_acquisition_altimetrique":"BDTopo","precision_altimetrique":1.5,"nombre_de_voies":2,"largeur_de_chaussee":4,"itineraire_vert":false,"prive":false,"sens_de_circulation":"Sens direct","reserve_aux_bus":null,"urbain":true,"vitesse_moyenne_vl":30,"acces_vehicule_leger":"Libre","acces_pieton":null,"periode_de_fermeture":null,"nature_de_la_restriction":null,"restriction_de_hauteur":null,"restriction_de_poids_total":null,"restriction_de_poids_par_essieu":null,"restriction_de_largeur":null,"restriction_de_longueur":null,"matieres_dangereuses_interdites":false,"borne_debut_gauche":"2","borne_debut_droite":"3","borne_fin_gauche":"2","borne_fin_droite":"1","insee_commune_gauche":"75104","insee_commune_droite":"75104","alias_gauche":null,"alias_droit":null,"date_de_mise_en_service":null,"liens_vers_route_nommee":null,"liens_vers_itineraire_autre":"ITI_AUT_0000002496291173","cpx_numero":null,"cpx_numero_route_europeenne":null,"cpx_classement_administratif":null,"cpx_gestionnaire":null,"cpx_toponyme_route_nommee":null,"cpx_toponyme_itineraire_cyclable":null,"cpx_toponyme_voie_verte":null,"cpx_nature_itineraire_autre":"Itinéraire cyclable","cpx_toponyme_itineraire_autre":"la Scandibérique - Eurovélo 3","delestage":null,"source_voie_ban_gauche":"commune","source_voie_ban_droite":"commune","nom_voie_ban_gauche":"Quai de l'Archevêché","nom_voie_ban_droite":"Quai de l'Archevêché","lieux_dits_ban_gauche":null,"lieux_dits_ban_droite":null,"identifiant_voie_ban_gauche":"75104_0417","identifiant_voie_ban_droite":"75104_0417","sens_amenagement_cyclable_gauche":"Sens inverse","sens_amenagement_cyclable_droit":null,"amenagement_cyclable_gauche":"Bande cyclable","amenagement_cyclable_droit":null,"aire_de_retournement_dfci":null,"gabarit_dfci":null,"impasse_dfci":null,"nature_detaillee_dfci":null,"ouvrage_d_art_limitant_dfci":null,"pente_maximale_dfci":null,"piste_dfci":null,"piste_dfci_debroussaillee":null,"piste_dfci_fosses":null,"sens_de_circulation_dfci":null,"tout_terrain_dfci":null,"vitesse_moyenne_dfci":null,"zone_de_croisement_dfci":null,"categorie_dfci":null,"vitesse_collaborative":null,"id_ban_odonyme_droite":null,"id_ban_odonyme_gauche":null}},{"type":"Feature","id":"troncon_de_route.15426","geometry":{"type":"LineString","coordinates":[[2.35133088,48.85117615,34.2],[2.3513749,48.85125284,34.6]]},"geometry_name":"geometrie","properties":{"cleabs":"TRONROUT0000000000195261","nature":"Route à 1 chaussée","nom_collaboratif_gauche":"PONT DE L'ARCHEVECHE","nom_collaboratif_droite":"PONT DE L'ARCHEVECHE","importance":"4","fictif":false,"position_par_rapport_au_sol":"0","etat_de_l_objet":"En service","date_creation":"2006-05-22T11:18:11.781Z","date_modification":"2025-12-08T08:40:26.221Z","date_d_apparition":null,"date_de_confirmation":null,"sources":null,"identifiants_sources":null,"methode_d_acquisition_planimetrique":"BDTopo","precision_planimetrique":2.5,"methode_d_acquisition_altimetrique":"BDTopo","precision_altimetrique":1.5,"nombre_de_voies":2,"largeur_de_chaussee":5,"itineraire_vert":false,"prive":false,"sens_de_circulation":"Sens direct","reserve_aux_bus":null,"urbain":true,"vitesse_moyenne_vl":30,"acces_vehicule_leger":"Libre","acces_pieton":null,"periode_de_fermeture":null,"nature_de_la_restriction":null,"restriction_de_hauteur":null,"restriction_de_poids_total":25,"restriction_de_poids_par_essieu":null,"restriction_de_largeur":null,"restriction_de_longueur":null,"matieres_dangereuses_interdites":false,"borne_debut_gauche":null,"borne_debut_droite":null,"borne_fin_gauche":null,"borne_fin_droite":null,"insee_commune_gauche":"75105","insee_commune_droite":"75105","alias_gauche":null,"alias_droit":null,"date_de_mise_en_service":null,"liens_vers_route_nommee":null,"liens_vers_itineraire_autre":"ITI_AUT_0000002496291173","cpx_numero":null,"cpx_numero_route_europeenne":null,"cpx_classement_administratif":null,"cpx_gestionnaire":null,"cpx_toponyme_route_nommee":null,"cpx_toponyme_itineraire_cyclable":null,"cpx_toponyme_voie_verte":null,"cpx_nature_itineraire_autre":"Itinéraire cyclable","cpx_toponyme_itineraire_autre":"la Scandibérique - Eurovélo 3","delestage":null,"source_voie_ban_gauche":null,"source_voie_ban_droite":null,"nom_voie_ban_gauche":null,"nom_voie_ban_droite":null,"lieux_dits_ban_gauche":null,"lieux_dits_ban_droite":null,"identifiant_voie_ban_gauche":null,"identifiant_voie_ban_droite":null,"sens_amenagement_cyclable_gauche":"Sens inverse","sens_amenagement_cyclable_droit":null,"amenagement_cyclable_gauche":"Bande cyclable","amenagement_cyclable_droit":null,"aire_de_retournement_dfci":null,"gabarit_dfci":null,"impasse_dfci":null,"nature_detaillee_dfci":null,"ouvrage_d_art_limitant_dfci":null,"pente_maximale_dfci":null,"piste_dfci":null,"piste_dfci_debroussaillee":null,"piste_dfci_fosses":null,"sens_de_circulation_dfci":null,"tout_terrain_dfci":null,"vitesse_moyenne_dfci":null,"zone_de_croisement_dfci":null,"categorie_dfci":null,"vitesse_collaborative":null,"id_ban_odonyme_droite":null,"id_ban_odonyme_gauche":null}},{"type":"Feature","id":"troncon_de_route.15427","geometry":{"type":"LineString","coordinates":[[2.35024933,48.85124493,32.9],[2.35041062,48.85142478,33.5]]},"geometry_name":"geometrie","properties":{"cleabs":"TRONROUT0000000000195262","nature":"Route à 1 chaussée","nom_collaboratif_gauche":"QU DE LA TOURNELLE","nom_collaboratif_droite":"QU DE LA TOURNELLE","importance":"5","fictif":false,"position_par_rapport_au_sol":"0","etat_de_l_objet":"En service","date_creation":"2006-05-22T11:18:11.781Z","date_modification":"2024-12-14T21:42:53.628Z","date_d_apparition":null,"date_de_confirmation":null,"sources":null,"identifiants_sources":null,"methode_d_acquisition_planimetrique":"BDTopo","precision_planimetrique":2.5,"methode_d_acquisition_altimetrique":"BDTopo","precision_altimetrique":1.5,"nombre_de_voies":1,"largeur_de_chaussee":3,"itineraire_vert":false,"prive":false,"sens_de_circulation":"Sens inverse","reserve_aux_bus":null,"urbain":true,"vitesse_moyenne_vl":5,"acces_vehicule_leger":"Libre","acces_pieton":null,"periode_de_fermeture":null,"nature_de_la_restriction":null,"restriction_de_hauteur":null,"restriction_de_poids_total":null,"restriction_de_poids_par_essieu":null,"restriction_de_largeur":null,"restriction_de_longueur":null,"matieres_dangereuses_interdites":false,"borne_debut_gauche":null,"borne_debut_droite":"73","borne_fin_gauche":null,"borne_fin_droite":"71","insee_commune_gauche":"75105","insee_commune_droite":"75105","alias_gauche":null,"alias_droit":null,"date_de_mise_en_service":null,"liens_vers_route_nommee":null,"liens_vers_itineraire_autre":null,"cpx_numero":null,"cpx_numero_route_europeenne":null,"cpx_classement_administratif":null,"cpx_gestionnaire":null,"cpx_toponyme_route_nommee":null,"cpx_toponyme_itineraire_cyclable":null,"cpx_toponyme_voie_verte":null,"cpx_nature_itineraire_autre":null,"cpx_toponyme_itineraire_autre":null,"delestage":null,"source_voie_ban_gauche":"commune","source_voie_ban_droite":"commune","nom_voie_ban_gauche":"Quai de la Tournelle","nom_voie_ban_droite":"Quai de la Tournelle","lieux_dits_ban_gauche":null,"lieux_dits_ban_droite":null,"identifiant_voie_ban_gauche":"75105_9380","identifiant_voie_ban_droite":"75105_9380","sens_amenagement_cyclable_gauche":null,"sens_amenagement_cyclable_droit":null,"amenagement_cyclable_gauche":null,"amenagement_cyclable_droit":null,"aire_de_retournement_dfci":null,"gabarit_dfci":null,"impasse_dfci":null,"nature_detaillee_dfci":null,"ouvrage_d_art_limitant_dfci":null,"pente_maximale_dfci":null,"piste_dfci":null,"piste_dfci_debroussaillee":null,"piste_dfci_fosses":null,"sens_de_circulation_dfci":null,"tout_terrain_dfci":null,"vitesse_moyenne_dfci":null,"zone_de_croisement_dfci":null,"categorie_dfci":null,"vitesse_collaborative":null,"id_ban_odonyme_droite":null,"id_ban_odonyme_gauche":null}},{"type":"Feature","id":"troncon_de_route.15432","geometry":{"type":"LineString","coordinates":[[2.35069796,48.85209816,34.8],[2.34995035,48.85227037,34.8],[2.34977663,48.85232249,34.8],[2.34872346,48.85273496,35.5],[2.3485865,48.85278908,35.5]]},"geometry_name":"geometrie","properties":{"cleabs":"TRONROUT0000000000195266","nature":"Route à 1 chaussée","nom_collaboratif_gauche":"quai Madeleine Delbrêl","nom_collaboratif_droite":"quai Madeleine Delbrêl","importance":"5","fictif":false,"position_par_rapport_au_sol":"0","etat_de_l_objet":"En service","date_creation":"2006-05-22T11:18:11.781Z","date_modification":"2024-12-16T16:13:00.374Z","date_d_apparition":null,"date_de_confirmation":null,"sources":null,"identifiants_sources":null,"methode_d_acquisition_planimetrique":"BDTopo","precision_planimetrique":2.5,"methode_d_acquisition_altimetrique":"BDTopo","precision_altimetrique":1.5,"nombre_de_voies":2,"largeur_de_chaussee":5,"itineraire_vert":false,"prive":false,"sens_de_circulation":"Double sens","reserve_aux_bus":null,"urbain":true,"vitesse_moyenne_vl":0,"acces_vehicule_leger":"Restreint aux ayants droit","acces_pieton":null,"periode_de_fermeture":null,"nature_de_la_restriction":null,"restriction_de_hauteur":null,"restriction_de_poids_total":null,"restriction_de_poids_par_essieu":null,"restriction_de_largeur":null,"restriction_de_longueur":null,"matieres_dangereuses_interdites":false,"borne_debut_gauche":null,"borne_debut_droite":null,"borne_fin_gauche":null,"borne_fin_droite":null,"insee_commune_gauche":"75104","insee_commune_droite":"75104","alias_gauche":null,"alias_droit":null,"date_de_mise_en_service":null,"liens_vers_route_nommee":null,"liens_vers_itineraire_autre":null,"cpx_numero":null,"cpx_numero_route_europeenne":null,"cpx_classement_administratif":null,"cpx_gestionnaire":null,"cpx_toponyme_route_nommee":null,"cpx_toponyme_itineraire_cyclable":null,"cpx_toponyme_voie_verte":null,"cpx_nature_itineraire_autre":null,"cpx_toponyme_itineraire_autre":null,"delestage":null,"source_voie_ban_gauche":null,"source_voie_ban_droite":null,"nom_voie_ban_gauche":null,"nom_voie_ban_droite":null,"lieux_dits_ban_gauche":null,"lieux_dits_ban_droite":null,"identifiant_voie_ban_gauche":null,"identifiant_voie_ban_droite":null,"sens_amenagement_cyclable_gauche":null,"sens_amenagement_cyclable_droit":null,"amenagement_cyclable_gauche":null,"amenagement_cyclable_droit":null,"aire_de_retournement_dfci":null,"gabarit_dfci":null,"impasse_dfci":null,"nature_detaillee_dfci":null,"ouvrage_d_art_limitant_dfci":null,"pente_maximale_dfci":null,"piste_dfci":null,"piste_dfci_debroussaillee":null,"piste_dfci_fosses":null,"sens_de_circulation_dfci":null,"tout_terrain_dfci":null,"vitesse_moyenne_dfci":null,"zone_de_croisement_dfci":null,"categorie_dfci":null,"vitesse_collaborative":null,"id_ban_odonyme_droite":null,"id_ban_odonyme_gauche":null}},{"type":"Feature","id":"troncon_de_route.15439","geometry":{"type":"LineString","coordinates":[[2.35024933,48.85124493,32.9],[2.34999125,48.8512858,33.2],[2.34934378,48.85140639,32.6]]},"geometry_name":"geometrie","properties":{"cleabs":"TRONROUT0000000000195273","nature":"Route à 1 chaussée","nom_collaboratif_gauche":"R DES GRANDS DEGRES","nom_collaboratif_droite":"R DES GRANDS DEGRES","importance":"5","fictif":false,"position_par_rapport_au_sol":"0","etat_de_l_objet":"En service","date_creation":"2006-05-22T11:18:11.781Z","date_modification":"2026-02-14T15:59:48.067Z","date_d_apparition":null,"date_de_confirmation":null,"sources":null,"identifiants_sources":null,"methode_d_acquisition_planimetrique":"BDTopo","precision_planimetrique":2.5,"methode_d_acquisition_altimetrique":"BDTopo","precision_altimetrique":1.5,"nombre_de_voies":1,"largeur_de_chaussee":3,"itineraire_vert":false,"prive":false,"sens_de_circulation":"Sens inverse","reserve_aux_bus":null,"urbain":true,"vitesse_moyenne_vl":20,"acces_vehicule_leger":"Libre","acces_pieton":null,"periode_de_fermeture":null,"nature_de_la_restriction":null,"restriction_de_hauteur":null,"restriction_de_poids_total":null,"restriction_de_poids_par_essieu":null,"restriction_de_largeur":null,"restriction_de_longueur":null,"matieres_dangereuses_interdites":false,"borne_debut_gauche":"1","borne_debut_droite":"2","borne_fin_gauche":"9","borne_fin_droite":"12","insee_commune_gauche":"75105","insee_commune_droite":"75105","alias_gauche":null,"alias_droit":null,"date_de_mise_en_service":null,"liens_vers_route_nommee":null,"liens_vers_itineraire_autre":null,"cpx_numero":null,"cpx_numero_route_europeenne":null,"cpx_classement_administratif":null,"cpx_gestionnaire":null,"cpx_toponyme_route_nommee":null,"cpx_toponyme_itineraire_cyclable":null,"cpx_toponyme_voie_verte":null,"cpx_nature_itineraire_autre":null,"cpx_toponyme_itineraire_autre":null,"delestage":null,"source_voie_ban_gauche":"commune","source_voie_ban_droite":"commune","nom_voie_ban_gauche":"Rue des Grands Degrés","nom_voie_ban_droite":"Rue des Grands Degrés","lieux_dits_ban_gauche":null,"lieux_dits_ban_droite":null,"identifiant_voie_ban_gauche":"75105_4289","identifiant_voie_ban_droite":"75105_4289","sens_amenagement_cyclable_gauche":null,"sens_amenagement_cyclable_droit":null,"amenagement_cyclable_gauche":null,"amenagement_cyclable_droit":null,"aire_de_retournement_dfci":null,"gabarit_dfci":null,"impasse_dfci":null,"nature_detaillee_dfci":null,"ouvrage_d_art_limitant_dfci":null,"pente_maximale_dfci":null,"piste_dfci":null,"piste_dfci_debroussaillee":null,"piste_dfci_fosses":null,"sens_de_circulation_dfci":null,"tout_terrain_dfci":null,"vitesse_moyenne_dfci":null,"zone_de_croisement_dfci":null,"categorie_dfci":null,"vitesse_collaborative":null,"id_ban_odonyme_droite":null,"id_ban_odonyme_gauche":null}},{"type":"Feature","id":"troncon_de_route.16133","geometry":{"type":"LineString","coordinates":[[2.35305437,48.85055324,33.6],[2.35259056,48.85070002,33.3]]},"geometry_name":"geometrie","properties":{"cleabs":"TRONROUT0000000000196098","nature":"Route à 1 chaussée","nom_collaboratif_gauche":"QU DE LA TOURNELLE","nom_collaboratif_droite":"QU DE LA TOURNELLE","importance":"3","fictif":false,"position_par_rapport_au_sol":"0","etat_de_l_objet":"En service","date_creation":"2006-05-22T11:18:11.781Z","date_modification":"2026-01-31T17:03:12.332Z","date_d_apparition":null,"date_de_confirmation":null,"sources":null,"identifiants_sources":null,"methode_d_acquisition_planimetrique":"BDTopo","precision_planimetrique":2.5,"methode_d_acquisition_altimetrique":"BDTopo","precision_altimetrique":1.5,"nombre_de_voies":2,"largeur_de_chaussee":7,"itineraire_vert":false,"prive":false,"sens_de_circulation":"Sens direct","reserve_aux_bus":null,"urbain":true,"vitesse_moyenne_vl":30,"acces_vehicule_leger":"Libre","acces_pieton":null,"periode_de_fermeture":null,"nature_de_la_restriction":null,"restriction_de_hauteur":null,"restriction_de_poids_total":null,"restriction_de_poids_par_essieu":null,"restriction_de_largeur":null,"restriction_de_longueur":null,"matieres_dangereuses_interdites":false,"borne_debut_gauche":"37","borne_debut_droite":"2","borne_fin_gauche":"39","borne_fin_droite":"2","insee_commune_gauche":"75105","insee_commune_droite":"75105","alias_gauche":null,"alias_droit":null,"date_de_mise_en_service":null,"liens_vers_route_nommee":null,"liens_vers_itineraire_autre":null,"cpx_numero":null,"cpx_numero_route_europeenne":null,"cpx_classement_administratif":null,"cpx_gestionnaire":null,"cpx_toponyme_route_nommee":null,"cpx_toponyme_itineraire_cyclable":null,"cpx_toponyme_voie_verte":null,"cpx_nature_itineraire_autre":null,"cpx_toponyme_itineraire_autre":null,"delestage":null,"source_voie_ban_gauche":"commune","source_voie_ban_droite":"commune","nom_voie_ban_gauche":"Quai de la Tournelle","nom_voie_ban_droite":"Quai de la Tournelle","lieux_dits_ban_gauche":null,"lieux_dits_ban_droite":null,"identifiant_voie_ban_gauche":"75105_9380","identifiant_voie_ban_droite":"75105_9380","sens_amenagement_cyclable_gauche":null,"sens_amenagement_cyclable_droit":null,"amenagement_cyclable_gauche":null,"amenagement_cyclable_droit":null,"aire_de_retournement_dfci":null,"gabarit_dfci":null,"impasse_dfci":null,"nature_detaillee_dfci":null,"ouvrage_d_art_limitant_dfci":null,"pente_maximale_dfci":null,"piste_dfci":null,"piste_dfci_debroussaillee":null,"piste_dfci_fosses":null,"sens_de_circulation_dfci":null,"tout_terrain_dfci":null,"vitesse_moyenne_dfci":null,"zone_de_croisement_dfci":null,"categorie_dfci":null,"vitesse_collaborative":null,"id_ban_odonyme_droite":null,"id_ban_odonyme_gauche":null}},{"type":"Feature","id":"troncon_de_route.16134","geometry":{"type":"LineString","coordinates":[[2.3522731,48.85025672,33.6],[2.35320872,48.84997489,34.1]]},"geometry_name":"geometrie","properties":{"cleabs":"TRONROUT0000000000196099","nature":"Route à 1 chaussée","nom_collaboratif_gauche":"R COCHIN","nom_collaboratif_droite":"R COCHIN","importance":"5","fictif":false,"position_par_rapport_au_sol":"0","etat_de_l_objet":"En service","date_creation":"2006-05-22T11:18:11.781Z","date_modification":"2023-08-27T10:03:02.614Z","date_d_apparition":null,"date_de_confirmation":null,"sources":null,"identifiants_sources":null,"methode_d_acquisition_planimetrique":"BDTopo","precision_planimetrique":2.5,"methode_d_acquisition_altimetrique":"BDTopo","precision_altimetrique":1.5,"nombre_de_voies":1,"largeur_de_chaussee":3,"itineraire_vert":false,"prive":false,"sens_de_circulation":"Sens inverse","reserve_aux_bus":null,"urbain":true,"vitesse_moyenne_vl":20,"acces_vehicule_leger":"Libre","acces_pieton":null,"periode_de_fermeture":null,"nature_de_la_restriction":null,"restriction_de_hauteur":null,"restriction_de_poids_total":null,"restriction_de_poids_par_essieu":null,"restriction_de_largeur":null,"restriction_de_longueur":null,"matieres_dangereuses_interdites":false,"borne_debut_gauche":"10","borne_debut_droite":"9","borne_fin_gauche":"2","borne_fin_droite":"1","insee_commune_gauche":"75105","insee_commune_droite":"75105","alias_gauche":"","alias_droit":"","date_de_mise_en_service":null,"liens_vers_route_nommee":"","liens_vers_itineraire_autre":null,"cpx_numero":null,"cpx_numero_route_europeenne":null,"cpx_classement_administratif":null,"cpx_gestionnaire":null,"cpx_toponyme_route_nommee":null,"cpx_toponyme_itineraire_cyclable":null,"cpx_toponyme_voie_verte":null,"cpx_nature_itineraire_autre":null,"cpx_toponyme_itineraire_autre":null,"delestage":null,"source_voie_ban_gauche":"commune","source_voie_ban_droite":"commune","nom_voie_ban_gauche":"Rue Cochin","nom_voie_ban_droite":"Rue Cochin","lieux_dits_ban_gauche":"","lieux_dits_ban_droite":"","identifiant_voie_ban_gauche":"75105_2169","identifiant_voie_ban_droite":"75105_2169","sens_amenagement_cyclable_gauche":null,"sens_amenagement_cyclable_droit":null,"amenagement_cyclable_gauche":null,"amenagement_cyclable_droit":null,"aire_de_retournement_dfci":null,"gabarit_dfci":null,"impasse_dfci":null,"nature_detaillee_dfci":null,"ouvrage_d_art_limitant_dfci":null,"pente_maximale_dfci":null,"piste_dfci":null,"piste_dfci_debroussaillee":null,"piste_dfci_fosses":null,"sens_de_circulation_dfci":null,"tout_terrain_dfci":null,"vitesse_moyenne_dfci":null,"zone_de_croisement_dfci":null,"categorie_dfci":null,"vitesse_collaborative":null,"id_ban_odonyme_droite":null,"id_ban_odonyme_gauche":null}},{"type":"Feature","id":"troncon_de_route.16135","geometry":{"type":"LineString","coordinates":[[2.35259056,48.85070002,33.3],[2.3522731,48.85025672,33.6]]},"geometry_name":"geometrie","properties":{"cleabs":"TRONROUT0000000000196100","nature":"Route à 1 chaussée","nom_collaboratif_gauche":"R DE PONTOISE","nom_collaboratif_droite":"R DE PONTOISE","importance":"5","fictif":false,"position_par_rapport_au_sol":"0","etat_de_l_objet":"En service","date_creation":"2006-05-22T11:18:11.781Z","date_modification":"2023-08-27T10:03:02.614Z","date_d_apparition":null,"date_de_confirmation":null,"sources":null,"identifiants_sources":null,"methode_d_acquisition_planimetrique":"BDTopo","precision_planimetrique":2.5,"methode_d_acquisition_altimetrique":"BDTopo","precision_altimetrique":1.5,"nombre_de_voies":1,"largeur_de_chaussee":3,"itineraire_vert":false,"prive":false,"sens_de_circulation":"Sens direct","reserve_aux_bus":null,"urbain":true,"vitesse_moyenne_vl":5,"acces_vehicule_leger":"Libre","acces_pieton":null,"periode_de_fermeture":null,"nature_de_la_restriction":null,"restriction_de_hauteur":null,"restriction_de_poids_total":null,"restriction_de_poids_par_essieu":null,"restriction_de_largeur":null,"restriction_de_longueur":null,"matieres_dangereuses_interdites":false,"borne_debut_gauche":"1","borne_debut_droite":"2","borne_fin_gauche":"3","borne_fin_droite":"6","insee_commune_gauche":"75105","insee_commune_droite":"75105","alias_gauche":"","alias_droit":"","date_de_mise_en_service":null,"liens_vers_route_nommee":"","liens_vers_itineraire_autre":null,"cpx_numero":null,"cpx_numero_route_europeenne":null,"cpx_classement_administratif":null,"cpx_gestionnaire":null,"cpx_toponyme_route_nommee":null,"cpx_toponyme_itineraire_cyclable":null,"cpx_toponyme_voie_verte":null,"cpx_nature_itineraire_autre":null,"cpx_toponyme_itineraire_autre":null,"delestage":null,"source_voie_ban_gauche":"commune","source_voie_ban_droite":"commune","nom_voie_ban_gauche":"Rue de Pontoise","nom_voie_ban_droite":"Rue de Pontoise","lieux_dits_ban_gauche":"","lieux_dits_ban_droite":"","identifiant_voie_ban_gauche":"75105_7621","identifiant_voie_ban_droite":"75105_7621","sens_amenagement_cyclable_gauche":null,"sens_amenagement_cyclable_droit":null,"amenagement_cyclable_gauche":null,"amenagement_cyclable_droit":null,"aire_de_retournement_dfci":null,"gabarit_dfci":null,"impasse_dfci":null,"nature_detaillee_dfci":null,"ouvrage_d_art_limitant_dfci":null,"pente_maximale_dfci":null,"piste_dfci":null,"piste_dfci_debroussaillee":null,"piste_dfci_fosses":null,"sens_de_circulation_dfci":null,"tout_terrain_dfci":null,"vitesse_moyenne_dfci":null,"zone_de_croisement_dfci":null,"categorie_dfci":null,"vitesse_collaborative":null,"id_ban_odonyme_droite":null,"id_ban_odonyme_gauche":null}},{"type":"Feature","id":"troncon_de_route.16137","geometry":{"type":"LineString","coordinates":[[2.35036482,48.84963301,34.2],[2.35051974,48.84988657,34.2],[2.35068532,48.85015998,34.2],[2.35100316,48.85068153,34.1],[2.35121094,48.85095876,34.1],[2.35126291,48.85105347,34.1],[2.3512895,48.85110668,34.1]]},"geometry_name":"geometrie","properties":{"cleabs":"TRONROUT0000000000196102","nature":"Route à 1 chaussée","nom_collaboratif_gauche":"R DES BERNARDINS","nom_collaboratif_droite":"R DES BERNARDINS","importance":"4","fictif":false,"position_par_rapport_au_sol":"0","etat_de_l_objet":"En service","date_creation":"2006-05-22T11:18:11.781Z","date_modification":"2023-08-27T10:03:02.614Z","date_d_apparition":null,"date_de_confirmation":null,"sources":null,"identifiants_sources":null,"methode_d_acquisition_planimetrique":"BDTopo","precision_planimetrique":2.5,"methode_d_acquisition_altimetrique":"Z corrigé","precision_altimetrique":2.5,"nombre_de_voies":1,"largeur_de_chaussee":3,"itineraire_vert":false,"prive":false,"sens_de_circulation":"Sens direct","reserve_aux_bus":null,"urbain":true,"vitesse_moyenne_vl":15,"acces_vehicule_leger":"Libre","acces_pieton":null,"periode_de_fermeture":null,"nature_de_la_restriction":null,"restriction_de_hauteur":null,"restriction_de_poids_total":null,"restriction_de_poids_par_essieu":null,"restriction_de_largeur":null,"restriction_de_longueur":null,"matieres_dangereuses_interdites":false,"borne_debut_gauche":"32","borne_debut_droite":"21","borne_fin_gauche":"2","borne_fin_droite":"1","insee_commune_gauche":"75105","insee_commune_droite":"75105","alias_gauche":null,"alias_droit":null,"date_de_mise_en_service":null,"liens_vers_route_nommee":null,"liens_vers_itineraire_autre":null,"cpx_numero":null,"cpx_numero_route_europeenne":null,"cpx_classement_administratif":null,"cpx_gestionnaire":null,"cpx_toponyme_route_nommee":null,"cpx_toponyme_itineraire_cyclable":null,"cpx_toponyme_voie_verte":null,"cpx_nature_itineraire_autre":null,"cpx_toponyme_itineraire_autre":null,"delestage":null,"source_voie_ban_gauche":"commune","source_voie_ban_droite":"commune","nom_voie_ban_gauche":"Rue des Bernardins","nom_voie_ban_droite":"Rue des Bernardins","lieux_dits_ban_gauche":"","lieux_dits_ban_droite":"","identifiant_voie_ban_gauche":"75105_0896","identifiant_voie_ban_droite":"75105_0896","sens_amenagement_cyclable_gauche":null,"sens_amenagement_cyclable_droit":null,"amenagement_cyclable_gauche":null,"amenagement_cyclable_droit":null,"aire_de_retournement_dfci":null,"gabarit_dfci":null,"impasse_dfci":null,"nature_detaillee_dfci":null,"ouvrage_d_art_limitant_dfci":null,"pente_maximale_dfci":null,"piste_dfci":null,"piste_dfci_debroussaillee":null,"piste_dfci_fosses":null,"sens_de_circulation_dfci":null,"tout_terrain_dfci":null,"vitesse_moyenne_dfci":null,"zone_de_croisement_dfci":null,"categorie_dfci":null,"vitesse_collaborative":null,"id_ban_odonyme_droite":null,"id_ban_odonyme_gauche":null}},{"type":"Feature","id":"troncon_de_route.16138","geometry":{"type":"LineString","coordinates":[[2.3522731,48.85025672,33.6],[2.35176272,48.84954616,34.2]]},"geometry_name":"geometrie","properties":{"cleabs":"TRONROUT0000000000196103","nature":"Route à 1 chaussée","nom_collaboratif_gauche":"R DE PONTOISE","nom_collaboratif_droite":"R DE PONTOISE","importance":"5","fictif":false,"position_par_rapport_au_sol":"0","etat_de_l_objet":"En service","date_creation":"2006-05-22T11:18:11.781Z","date_modification":"2026-01-10T14:50:32.816Z","date_d_apparition":null,"date_de_confirmation":null,"sources":null,"identifiants_sources":null,"methode_d_acquisition_planimetrique":"BDTopo","precision_planimetrique":2.5,"methode_d_acquisition_altimetrique":"BDTopo","precision_altimetrique":1.5,"nombre_de_voies":1,"largeur_de_chaussee":3,"itineraire_vert":false,"prive":false,"sens_de_circulation":"Sens direct","reserve_aux_bus":null,"urbain":true,"vitesse_moyenne_vl":5,"acces_vehicule_leger":"Libre","acces_pieton":null,"periode_de_fermeture":null,"nature_de_la_restriction":null,"restriction_de_hauteur":null,"restriction_de_poids_total":null,"restriction_de_poids_par_essieu":null,"restriction_de_largeur":null,"restriction_de_longueur":null,"matieres_dangereuses_interdites":false,"borne_debut_gauche":"5","borne_debut_droite":"8","borne_fin_gauche":"11","borne_fin_droite":"16","insee_commune_gauche":"75105","insee_commune_droite":"75105","alias_gauche":null,"alias_droit":null,"date_de_mise_en_service":null,"liens_vers_route_nommee":null,"liens_vers_itineraire_autre":null,"cpx_numero":null,"cpx_numero_route_europeenne":null,"cpx_classement_administratif":null,"cpx_gestionnaire":null,"cpx_toponyme_route_nommee":null,"cpx_toponyme_itineraire_cyclable":null,"cpx_toponyme_voie_verte":null,"cpx_nature_itineraire_autre":null,"cpx_toponyme_itineraire_autre":null,"delestage":null,"source_voie_ban_gauche":"commune","source_voie_ban_droite":"commune","nom_voie_ban_gauche":"Rue de Pontoise","nom_voie_ban_droite":"Rue de Pontoise","lieux_dits_ban_gauche":null,"lieux_dits_ban_droite":null,"identifiant_voie_ban_gauche":"75105_7621","identifiant_voie_ban_droite":"75105_7621","sens_amenagement_cyclable_gauche":null,"sens_amenagement_cyclable_droit":null,"amenagement_cyclable_gauche":null,"amenagement_cyclable_droit":null,"aire_de_retournement_dfci":null,"gabarit_dfci":null,"impasse_dfci":null,"nature_detaillee_dfci":null,"ouvrage_d_art_limitant_dfci":null,"pente_maximale_dfci":null,"piste_dfci":null,"piste_dfci_debroussaillee":null,"piste_dfci_fosses":null,"sens_de_circulation_dfci":null,"tout_terrain_dfci":null,"vitesse_moyenne_dfci":null,"zone_de_croisement_dfci":null,"categorie_dfci":null,"vitesse_collaborative":null,"id_ban_odonyme_droite":null,"id_ban_odonyme_gauche":null}},{"type":"Feature","id":"troncon_de_route.16140","geometry":{"type":"LineString","coordinates":[[2.3508584,48.85125273,33.6],[2.35064359,48.85099345,32.5],[2.3503736,48.85067811,32.7],[2.35017038,48.85047285,32.8],[2.34993852,48.85026924,33],[2.34983606,48.85018055,33.2],[2.34969822,48.85008716,33.6],[2.3494407,48.84986542,34.4]]},"geometry_name":"geometrie","properties":{"cleabs":"TRONROUT0000000000196104","nature":"Route à 1 chaussée","nom_collaboratif_gauche":"R DE BIEVRE","nom_collaboratif_droite":"R DE BIEVRE","importance":"5","fictif":false,"position_par_rapport_au_sol":"0","etat_de_l_objet":"En service","date_creation":"2006-05-22T11:18:11.781Z","date_modification":"2022-12-12T12:52:43.465Z","date_d_apparition":null,"date_de_confirmation":null,"sources":null,"identifiants_sources":null,"methode_d_acquisition_planimetrique":"BDTopo","precision_planimetrique":2.5,"methode_d_acquisition_altimetrique":"BDTopo","precision_altimetrique":1.5,"nombre_de_voies":1,"largeur_de_chaussee":3,"itineraire_vert":false,"prive":false,"sens_de_circulation":"Sens inverse","reserve_aux_bus":null,"urbain":true,"vitesse_moyenne_vl":0,"acces_vehicule_leger":"Restreint aux ayants droit","acces_pieton":null,"periode_de_fermeture":null,"nature_de_la_restriction":null,"restriction_de_hauteur":null,"restriction_de_poids_total":null,"restriction_de_poids_par_essieu":null,"restriction_de_largeur":null,"restriction_de_longueur":null,"matieres_dangereuses_interdites":false,"borne_debut_gauche":"1","borne_debut_droite":"2","borne_fin_gauche":"33","borne_fin_droite":"34","insee_commune_gauche":"75105","insee_commune_droite":"75105","alias_gauche":null,"alias_droit":null,"date_de_mise_en_service":null,"liens_vers_route_nommee":null,"liens_vers_itineraire_autre":null,"cpx_numero":null,"cpx_numero_route_europeenne":null,"cpx_classement_administratif":null,"cpx_gestionnaire":null,"cpx_toponyme_route_nommee":null,"cpx_toponyme_itineraire_cyclable":null,"cpx_toponyme_voie_verte":null,"cpx_nature_itineraire_autre":null,"cpx_toponyme_itineraire_autre":null,"delestage":null,"source_voie_ban_gauche":"commune","source_voie_ban_droite":"commune","nom_voie_ban_gauche":"Rue de Bièvre","nom_voie_ban_droite":"Rue de Bièvre","lieux_dits_ban_gauche":"","lieux_dits_ban_droite":"","identifiant_voie_ban_gauche":"75105_0964","identifiant_voie_ban_droite":"75105_0964","sens_amenagement_cyclable_gauche":null,"sens_amenagement_cyclable_droit":null,"amenagement_cyclable_gauche":null,"amenagement_cyclable_droit":null,"aire_de_retournement_dfci":null,"gabarit_dfci":null,"impasse_dfci":null,"nature_detaillee_dfci":null,"ouvrage_d_art_limitant_dfci":null,"pente_maximale_dfci":null,"piste_dfci":null,"piste_dfci_debroussaillee":null,"piste_dfci_fosses":null,"sens_de_circulation_dfci":null,"tout_terrain_dfci":null,"vitesse_moyenne_dfci":null,"zone_de_croisement_dfci":null,"categorie_dfci":null,"vitesse_collaborative":null,"id_ban_odonyme_droite":null,"id_ban_odonyme_gauche":null}},{"type":"Feature","id":"troncon_de_route.17622439","geometry":{"type":"LineString","coordinates":[[2.34828491,48.85238542,-1000],[2.34922916,48.85196427,-1000],[2.3495936,48.85180886,-1000],[2.35000593,48.85163843,-1000],[2.35089614,48.85128621,-1000],[2.35120801,48.85119347,-1000],[2.35133088,48.85117615,-1000]]},"geometry_name":"geometrie","properties":{"cleabs":"TRONROUT0000002203970923","nature":"Route à 1 chaussée","nom_collaboratif_gauche":null,"nom_collaboratif_droite":null,"importance":"6","fictif":false,"position_par_rapport_au_sol":"0","etat_de_l_objet":"En service","date_creation":"2019-09-02T13:26:25.778Z","date_modification":"2025-12-08T08:40:26.221Z","date_d_apparition":null,"date_de_confirmation":null,"sources":null,"identifiants_sources":null,"methode_d_acquisition_planimetrique":"Calculé","precision_planimetrique":20,"methode_d_acquisition_altimetrique":"Pas de Z","precision_altimetrique":9999,"nombre_de_voies":null,"largeur_de_chaussee":null,"itineraire_vert":false,"prive":false,"sens_de_circulation":"Double sens","reserve_aux_bus":null,"urbain":true,"vitesse_moyenne_vl":0,"acces_vehicule_leger":"Physiquement impossible","acces_pieton":"Libre","periode_de_fermeture":null,"nature_de_la_restriction":"Piste cyclable","restriction_de_hauteur":null,"restriction_de_poids_total":null,"restriction_de_poids_par_essieu":null,"restriction_de_largeur":null,"restriction_de_longueur":null,"matieres_dangereuses_interdites":null,"borne_debut_gauche":null,"borne_debut_droite":null,"borne_fin_gauche":null,"borne_fin_droite":null,"insee_commune_gauche":"75105","insee_commune_droite":"75105","alias_gauche":null,"alias_droit":null,"date_de_mise_en_service":null,"liens_vers_route_nommee":null,"liens_vers_itineraire_autre":"ITI_AUT_0000002496291173","cpx_numero":null,"cpx_numero_route_europeenne":null,"cpx_classement_administratif":null,"cpx_gestionnaire":null,"cpx_toponyme_route_nommee":null,"cpx_toponyme_itineraire_cyclable":null,"cpx_toponyme_voie_verte":null,"cpx_nature_itineraire_autre":"Itinéraire cyclable","cpx_toponyme_itineraire_autre":"la Scandibérique - Eurovélo 3","delestage":null,"source_voie_ban_gauche":null,"source_voie_ban_droite":null,"nom_voie_ban_gauche":null,"nom_voie_ban_droite":null,"lieux_dits_ban_gauche":null,"lieux_dits_ban_droite":null,"identifiant_voie_ban_gauche":null,"identifiant_voie_ban_droite":null,"sens_amenagement_cyclable_gauche":null,"sens_amenagement_cyclable_droit":null,"amenagement_cyclable_gauche":null,"amenagement_cyclable_droit":null,"aire_de_retournement_dfci":null,"gabarit_dfci":null,"impasse_dfci":null,"nature_detaillee_dfci":null,"ouvrage_d_art_limitant_dfci":null,"pente_maximale_dfci":null,"piste_dfci":null,"piste_dfci_debroussaillee":null,"piste_dfci_fosses":null,"sens_de_circulation_dfci":null,"tout_terrain_dfci":null,"vitesse_moyenne_dfci":null,"zone_de_croisement_dfci":null,"categorie_dfci":null,"vitesse_collaborative":null,"id_ban_odonyme_droite":null,"id_ban_odonyme_gauche":null}},{"type":"Feature","id":"troncon_de_route.18700980","geometry":{"type":"LineString","coordinates":[[2.35153726,48.85134725,27.8],[2.35134171,48.85140105,27.6]]},"geometry_name":"geometrie","properties":{"cleabs":"TRONROUT0000002322200383","nature":"Route à 1 chaussée","nom_collaboratif_gauche":"PORT DE MONTEBELLO","nom_collaboratif_droite":"PORT DE MONTEBELLO","importance":"5","fictif":false,"position_par_rapport_au_sol":"0","etat_de_l_objet":"En service","date_creation":"2022-10-24T16:26:43.642Z","date_modification":"2022-12-12T12:52:43.465Z","date_d_apparition":null,"date_de_confirmation":null,"sources":null,"identifiants_sources":null,"methode_d_acquisition_planimetrique":"Photogrammétrie","precision_planimetrique":2.5,"methode_d_acquisition_altimetrique":"Photogrammétrie","precision_altimetrique":1.5,"nombre_de_voies":1,"largeur_de_chaussee":2,"itineraire_vert":false,"prive":false,"sens_de_circulation":"Double sens","reserve_aux_bus":null,"urbain":true,"vitesse_moyenne_vl":0,"acces_vehicule_leger":"Restreint aux ayants droit","acces_pieton":"Libre","periode_de_fermeture":null,"nature_de_la_restriction":null,"restriction_de_hauteur":null,"restriction_de_poids_total":null,"restriction_de_poids_par_essieu":null,"restriction_de_largeur":null,"restriction_de_longueur":null,"matieres_dangereuses_interdites":false,"borne_debut_gauche":null,"borne_debut_droite":null,"borne_fin_gauche":null,"borne_fin_droite":null,"insee_commune_gauche":"75105","insee_commune_droite":"75105","alias_gauche":null,"alias_droit":null,"date_de_mise_en_service":null,"liens_vers_route_nommee":null,"liens_vers_itineraire_autre":null,"cpx_numero":null,"cpx_numero_route_europeenne":null,"cpx_classement_administratif":null,"cpx_gestionnaire":null,"cpx_toponyme_route_nommee":null,"cpx_toponyme_itineraire_cyclable":null,"cpx_toponyme_voie_verte":null,"cpx_nature_itineraire_autre":null,"cpx_toponyme_itineraire_autre":null,"delestage":null,"source_voie_ban_gauche":"commune","source_voie_ban_droite":"commune","nom_voie_ban_gauche":"Port de Montebello","nom_voie_ban_droite":"Port de Montebello","lieux_dits_ban_gauche":"","lieux_dits_ban_droite":"","identifiant_voie_ban_gauche":"75105_6471","identifiant_voie_ban_droite":"75105_6471","sens_amenagement_cyclable_gauche":null,"sens_amenagement_cyclable_droit":null,"amenagement_cyclable_gauche":null,"amenagement_cyclable_droit":null,"aire_de_retournement_dfci":null,"gabarit_dfci":null,"impasse_dfci":null,"nature_detaillee_dfci":null,"ouvrage_d_art_limitant_dfci":null,"pente_maximale_dfci":null,"piste_dfci":null,"piste_dfci_debroussaillee":null,"piste_dfci_fosses":null,"sens_de_circulation_dfci":null,"tout_terrain_dfci":null,"vitesse_moyenne_dfci":null,"zone_de_croisement_dfci":null,"categorie_dfci":null,"vitesse_collaborative":null,"id_ban_odonyme_droite":null,"id_ban_odonyme_gauche":null}},{"type":"Feature","id":"troncon_de_route.18700982","geometry":{"type":"LineString","coordinates":[[2.35133088,48.85117615,-1000],[2.3514239,48.85114788,-1000],[2.35149122,48.85110417,-1000],[2.35308238,48.85060195,-1000]]},"geometry_name":"geometrie","properties":{"cleabs":"TRONROUT0000002322200385","nature":"Route à 1 chaussée","nom_collaboratif_gauche":null,"nom_collaboratif_droite":null,"importance":"6","fictif":false,"position_par_rapport_au_sol":"0","etat_de_l_objet":"En service","date_creation":"2022-10-24T16:26:43.642Z","date_modification":"2025-03-21T07:23:14.909Z","date_d_apparition":null,"date_de_confirmation":null,"sources":null,"identifiants_sources":null,"methode_d_acquisition_planimetrique":"Calculé","precision_planimetrique":20,"methode_d_acquisition_altimetrique":"Pas de Z","precision_altimetrique":9999,"nombre_de_voies":null,"largeur_de_chaussee":null,"itineraire_vert":false,"prive":false,"sens_de_circulation":"Double sens","reserve_aux_bus":null,"urbain":true,"vitesse_moyenne_vl":0,"acces_vehicule_leger":"Physiquement impossible","acces_pieton":"Libre","periode_de_fermeture":null,"nature_de_la_restriction":"Piste cyclable","restriction_de_hauteur":null,"restriction_de_poids_total":null,"restriction_de_poids_par_essieu":null,"restriction_de_largeur":null,"restriction_de_longueur":null,"matieres_dangereuses_interdites":null,"borne_debut_gauche":null,"borne_debut_droite":null,"borne_fin_gauche":null,"borne_fin_droite":null,"insee_commune_gauche":"75105","insee_commune_droite":"75105","alias_gauche":null,"alias_droit":null,"date_de_mise_en_service":null,"liens_vers_route_nommee":null,"liens_vers_itineraire_autre":null,"cpx_numero":null,"cpx_numero_route_europeenne":null,"cpx_classement_administratif":null,"cpx_gestionnaire":null,"cpx_toponyme_route_nommee":null,"cpx_toponyme_itineraire_cyclable":null,"cpx_toponyme_voie_verte":null,"cpx_nature_itineraire_autre":null,"cpx_toponyme_itineraire_autre":null,"delestage":null,"source_voie_ban_gauche":null,"source_voie_ban_droite":null,"nom_voie_ban_gauche":null,"nom_voie_ban_droite":null,"lieux_dits_ban_gauche":null,"lieux_dits_ban_droite":null,"identifiant_voie_ban_gauche":null,"identifiant_voie_ban_droite":null,"sens_amenagement_cyclable_gauche":null,"sens_amenagement_cyclable_droit":null,"amenagement_cyclable_gauche":null,"amenagement_cyclable_droit":null,"aire_de_retournement_dfci":null,"gabarit_dfci":null,"impasse_dfci":null,"nature_detaillee_dfci":null,"ouvrage_d_art_limitant_dfci":null,"pente_maximale_dfci":null,"piste_dfci":null,"piste_dfci_debroussaillee":null,"piste_dfci_fosses":null,"sens_de_circulation_dfci":null,"tout_terrain_dfci":null,"vitesse_moyenne_dfci":null,"zone_de_croisement_dfci":null,"categorie_dfci":null,"vitesse_collaborative":null,"id_ban_odonyme_droite":null,"id_ban_odonyme_gauche":null}},{"type":"Feature","id":"troncon_de_route.18700988","geometry":{"type":"LineString","coordinates":[[2.35386957,48.8507519,26.9],[2.35264939,48.85112034,27.3],[2.35204558,48.85123758,28.2],[2.35168347,48.85131567,28]]},"geometry_name":"geometrie","properties":{"cleabs":"TRONROUT0000002322200392","nature":"Route à 1 chaussée","nom_collaboratif_gauche":"PORT DE LA TOURNELLE","nom_collaboratif_droite":"PORT DE LA TOURNELLE","importance":"5","fictif":false,"position_par_rapport_au_sol":"0","etat_de_l_objet":"En service","date_creation":"2022-10-24T16:26:43.642Z","date_modification":"2026-01-10T18:07:23.725Z","date_d_apparition":null,"date_de_confirmation":null,"sources":null,"identifiants_sources":null,"methode_d_acquisition_planimetrique":"Photogrammétrie","precision_planimetrique":2.5,"methode_d_acquisition_altimetrique":"Photogrammétrie","precision_altimetrique":1.5,"nombre_de_voies":2,"largeur_de_chaussee":5,"itineraire_vert":false,"prive":false,"sens_de_circulation":"Double sens","reserve_aux_bus":null,"urbain":true,"vitesse_moyenne_vl":0,"acces_vehicule_leger":"Restreint aux ayants droit","acces_pieton":"Libre","periode_de_fermeture":null,"nature_de_la_restriction":null,"restriction_de_hauteur":null,"restriction_de_poids_total":null,"restriction_de_poids_par_essieu":null,"restriction_de_largeur":null,"restriction_de_longueur":null,"matieres_dangereuses_interdites":false,"borne_debut_gauche":null,"borne_debut_droite":"4","borne_fin_gauche":null,"borne_fin_droite":"6","insee_commune_gauche":"75105","insee_commune_droite":"75105","alias_gauche":null,"alias_droit":null,"date_de_mise_en_service":null,"liens_vers_route_nommee":null,"liens_vers_itineraire_autre":null,"cpx_numero":null,"cpx_numero_route_europeenne":null,"cpx_classement_administratif":null,"cpx_gestionnaire":null,"cpx_toponyme_route_nommee":null,"cpx_toponyme_itineraire_cyclable":null,"cpx_toponyme_voie_verte":null,"cpx_nature_itineraire_autre":null,"cpx_toponyme_itineraire_autre":null,"delestage":null,"source_voie_ban_gauche":"commune","source_voie_ban_droite":"commune","nom_voie_ban_gauche":"Port de la Tournelle","nom_voie_ban_droite":"Port de la Tournelle","lieux_dits_ban_gauche":null,"lieux_dits_ban_droite":null,"identifiant_voie_ban_gauche":"75105_9379","identifiant_voie_ban_droite":"75105_9379","sens_amenagement_cyclable_gauche":null,"sens_amenagement_cyclable_droit":null,"amenagement_cyclable_gauche":null,"amenagement_cyclable_droit":null,"aire_de_retournement_dfci":null,"gabarit_dfci":null,"impasse_dfci":null,"nature_detaillee_dfci":null,"ouvrage_d_art_limitant_dfci":null,"pente_maximale_dfci":null,"piste_dfci":null,"piste_dfci_debroussaillee":null,"piste_dfci_fosses":null,"sens_de_circulation_dfci":null,"tout_terrain_dfci":null,"vitesse_moyenne_dfci":null,"zone_de_croisement_dfci":null,"categorie_dfci":null,"vitesse_collaborative":null,"id_ban_odonyme_droite":null,"id_ban_odonyme_gauche":null}},{"type":"Feature","id":"troncon_de_route.18700990","geometry":{"type":"LineString","coordinates":[[2.35168347,48.85131567,-1000],[2.35180541,48.85126326,-1000],[2.3520162,48.85118976,-1000],[2.35215975,48.85115276,-1000],[2.35236873,48.85111432,-1000]]},"geometry_name":"geometrie","properties":{"cleabs":"TRONROUT0000002322200394","nature":"Route à 1 chaussée","nom_collaboratif_gauche":"PORT DE LA TOURNELLE","nom_collaboratif_droite":"PORT DE LA TOURNELLE","importance":"5","fictif":false,"position_par_rapport_au_sol":"0","etat_de_l_objet":"En service","date_creation":"2022-10-24T16:26:43.642Z","date_modification":"2022-12-12T12:52:43.465Z","date_d_apparition":null,"date_de_confirmation":null,"sources":null,"identifiants_sources":null,"methode_d_acquisition_planimetrique":"Orthophotographie","precision_planimetrique":3,"methode_d_acquisition_altimetrique":"Pas de Z","precision_altimetrique":9999,"nombre_de_voies":2,"largeur_de_chaussee":4,"itineraire_vert":false,"prive":false,"sens_de_circulation":"Double sens","reserve_aux_bus":null,"urbain":true,"vitesse_moyenne_vl":0,"acces_vehicule_leger":"Restreint aux ayants droit","acces_pieton":"Libre","periode_de_fermeture":null,"nature_de_la_restriction":null,"restriction_de_hauteur":null,"restriction_de_poids_total":null,"restriction_de_poids_par_essieu":null,"restriction_de_largeur":null,"restriction_de_longueur":null,"matieres_dangereuses_interdites":null,"borne_debut_gauche":null,"borne_debut_droite":null,"borne_fin_gauche":null,"borne_fin_droite":null,"insee_commune_gauche":"75105","insee_commune_droite":"75105","alias_gauche":null,"alias_droit":null,"date_de_mise_en_service":null,"liens_vers_route_nommee":null,"liens_vers_itineraire_autre":null,"cpx_numero":null,"cpx_numero_route_europeenne":null,"cpx_classement_administratif":null,"cpx_gestionnaire":null,"cpx_toponyme_route_nommee":null,"cpx_toponyme_itineraire_cyclable":null,"cpx_toponyme_voie_verte":null,"cpx_nature_itineraire_autre":null,"cpx_toponyme_itineraire_autre":null,"delestage":null,"source_voie_ban_gauche":"commune","source_voie_ban_droite":"commune","nom_voie_ban_gauche":"Port de la Tournelle","nom_voie_ban_droite":"Port de la Tournelle","lieux_dits_ban_gauche":"","lieux_dits_ban_droite":"","identifiant_voie_ban_gauche":"75105_9379","identifiant_voie_ban_droite":"75105_9379","sens_amenagement_cyclable_gauche":null,"sens_amenagement_cyclable_droit":null,"amenagement_cyclable_gauche":null,"amenagement_cyclable_droit":null,"aire_de_retournement_dfci":null,"gabarit_dfci":null,"impasse_dfci":null,"nature_detaillee_dfci":null,"ouvrage_d_art_limitant_dfci":null,"pente_maximale_dfci":null,"piste_dfci":null,"piste_dfci_debroussaillee":null,"piste_dfci_fosses":null,"sens_de_circulation_dfci":null,"tout_terrain_dfci":null,"vitesse_moyenne_dfci":null,"zone_de_croisement_dfci":null,"categorie_dfci":null,"vitesse_collaborative":null,"id_ban_odonyme_droite":null,"id_ban_odonyme_gauche":null}},{"type":"Feature","id":"troncon_de_route.16178965","geometry":{"type":"LineString","coordinates":[[2.35168347,48.85131567,28],[2.35153726,48.85134725,27.8]]},"geometry_name":"geometrie","properties":{"cleabs":"TRONROUT0000000353682362","nature":"Route à 1 chaussée","nom_collaboratif_gauche":"PORT DE LA TOURNELLE","nom_collaboratif_droite":"PORT DE LA TOURNELLE","importance":"5","fictif":false,"position_par_rapport_au_sol":"0","etat_de_l_objet":"En service","date_creation":"2015-09-10T09:47:29.373Z","date_modification":"2022-12-12T12:52:43.465Z","date_d_apparition":null,"date_de_confirmation":null,"sources":null,"identifiants_sources":null,"methode_d_acquisition_planimetrique":"Photogrammétrie","precision_planimetrique":2.5,"methode_d_acquisition_altimetrique":"Photogrammétrie","precision_altimetrique":1.5,"nombre_de_voies":2,"largeur_de_chaussee":5,"itineraire_vert":false,"prive":false,"sens_de_circulation":"Double sens","reserve_aux_bus":null,"urbain":true,"vitesse_moyenne_vl":0,"acces_vehicule_leger":"Restreint aux ayants droit","acces_pieton":"Libre","periode_de_fermeture":null,"nature_de_la_restriction":null,"restriction_de_hauteur":null,"restriction_de_poids_total":null,"restriction_de_poids_par_essieu":null,"restriction_de_largeur":null,"restriction_de_longueur":null,"matieres_dangereuses_interdites":false,"borne_debut_gauche":null,"borne_debut_droite":null,"borne_fin_gauche":null,"borne_fin_droite":null,"insee_commune_gauche":"75105","insee_commune_droite":"75105","alias_gauche":null,"alias_droit":null,"date_de_mise_en_service":null,"liens_vers_route_nommee":null,"liens_vers_itineraire_autre":null,"cpx_numero":null,"cpx_numero_route_europeenne":null,"cpx_classement_administratif":null,"cpx_gestionnaire":null,"cpx_toponyme_route_nommee":null,"cpx_toponyme_itineraire_cyclable":null,"cpx_toponyme_voie_verte":null,"cpx_nature_itineraire_autre":null,"cpx_toponyme_itineraire_autre":null,"delestage":null,"source_voie_ban_gauche":"commune","source_voie_ban_droite":"commune","nom_voie_ban_gauche":"Port de la Tournelle","nom_voie_ban_droite":"Port de la Tournelle","lieux_dits_ban_gauche":"","lieux_dits_ban_droite":"","identifiant_voie_ban_gauche":"75105_9379","identifiant_voie_ban_droite":"75105_9379","sens_amenagement_cyclable_gauche":null,"sens_amenagement_cyclable_droit":null,"amenagement_cyclable_gauche":null,"amenagement_cyclable_droit":null,"aire_de_retournement_dfci":null,"gabarit_dfci":null,"impasse_dfci":null,"nature_detaillee_dfci":null,"ouvrage_d_art_limitant_dfci":null,"pente_maximale_dfci":null,"piste_dfci":null,"piste_dfci_debroussaillee":null,"piste_dfci_fosses":null,"sens_de_circulation_dfci":null,"tout_terrain_dfci":null,"vitesse_moyenne_dfci":null,"zone_de_croisement_dfci":null,"categorie_dfci":null,"vitesse_collaborative":null,"id_ban_odonyme_droite":null,"id_ban_odonyme_gauche":null}},{"type":"Feature","id":"troncon_de_route.16178966","geometry":{"type":"LineString","coordinates":[[2.35134171,48.85140105,27.6],[2.35119152,48.85142362,27.4],[2.35033512,48.85168788,28.1],[2.34986982,48.85184364,28.1],[2.34881364,48.85228038,29.4]]},"geometry_name":"geometrie","properties":{"cleabs":"TRONROUT0000000353682363","nature":"Route à 1 chaussée","nom_collaboratif_gauche":"PORT DE MONTEBELLO","nom_collaboratif_droite":"PORT DE MONTEBELLO","importance":"5","fictif":false,"position_par_rapport_au_sol":"0","etat_de_l_objet":"En service","date_creation":"2015-09-10T09:47:29.373Z","date_modification":"2026-02-14T15:38:57.702Z","date_d_apparition":null,"date_de_confirmation":null,"sources":null,"identifiants_sources":null,"methode_d_acquisition_planimetrique":"Photogrammétrie","precision_planimetrique":2.5,"methode_d_acquisition_altimetrique":"Photogrammétrie","precision_altimetrique":1.5,"nombre_de_voies":2,"largeur_de_chaussee":5,"itineraire_vert":false,"prive":false,"sens_de_circulation":"Double sens","reserve_aux_bus":null,"urbain":true,"vitesse_moyenne_vl":0,"acces_vehicule_leger":"Restreint aux ayants droit","acces_pieton":"Libre","periode_de_fermeture":null,"nature_de_la_restriction":null,"restriction_de_hauteur":null,"restriction_de_poids_total":null,"restriction_de_poids_par_essieu":null,"restriction_de_largeur":null,"restriction_de_longueur":null,"matieres_dangereuses_interdites":false,"borne_debut_gauche":null,"borne_debut_droite":"2","borne_fin_gauche":null,"borne_fin_droite":"10","insee_commune_gauche":"75105","insee_commune_droite":"75105","alias_gauche":null,"alias_droit":null,"date_de_mise_en_service":null,"liens_vers_route_nommee":null,"liens_vers_itineraire_autre":null,"cpx_numero":null,"cpx_numero_route_europeenne":null,"cpx_classement_administratif":null,"cpx_gestionnaire":null,"cpx_toponyme_route_nommee":null,"cpx_toponyme_itineraire_cyclable":null,"cpx_toponyme_voie_verte":null,"cpx_nature_itineraire_autre":null,"cpx_toponyme_itineraire_autre":null,"delestage":null,"source_voie_ban_gauche":"commune","source_voie_ban_droite":"commune","nom_voie_ban_gauche":"Port de Montebello","nom_voie_ban_droite":"Port de Montebello","lieux_dits_ban_gauche":null,"lieux_dits_ban_droite":null,"identifiant_voie_ban_gauche":"75105_6471","identifiant_voie_ban_droite":"75105_6471","sens_amenagement_cyclable_gauche":null,"sens_amenagement_cyclable_droit":null,"amenagement_cyclable_gauche":null,"amenagement_cyclable_droit":null,"aire_de_retournement_dfci":null,"gabarit_dfci":null,"impasse_dfci":null,"nature_detaillee_dfci":null,"ouvrage_d_art_limitant_dfci":null,"pente_maximale_dfci":null,"piste_dfci":null,"piste_dfci_debroussaillee":null,"piste_dfci_fosses":null,"sens_de_circulation_dfci":null,"tout_terrain_dfci":null,"vitesse_moyenne_dfci":null,"zone_de_croisement_dfci":null,"categorie_dfci":null,"vitesse_collaborative":null,"id_ban_odonyme_droite":null,"id_ban_odonyme_gauche":null}},{"type":"Feature","id":"troncon_de_route.18700989","geometry":{"type":"LineString","coordinates":[[2.35236873,48.85111432,-1000],[2.35253925,48.85110086,-1000],[2.35273332,48.85105604,-1000],[2.35296725,48.85098446,-1000],[2.35343664,48.85082691,-1000]]},"geometry_name":"geometrie","properties":{"cleabs":"TRONROUT0000002322200393","nature":"Route à 1 chaussée","nom_collaboratif_gauche":"PORT DE LA TOURNELLE","nom_collaboratif_droite":"PORT DE LA TOURNELLE","importance":"5","fictif":false,"position_par_rapport_au_sol":"0","etat_de_l_objet":"En service","date_creation":"2022-10-24T16:26:43.642Z","date_modification":"2022-12-12T12:52:43.465Z","date_d_apparition":null,"date_de_confirmation":null,"sources":null,"identifiants_sources":null,"methode_d_acquisition_planimetrique":"Orthophotographie","precision_planimetrique":3,"methode_d_acquisition_altimetrique":"Pas de Z","precision_altimetrique":9999,"nombre_de_voies":2,"largeur_de_chaussee":4,"itineraire_vert":false,"prive":false,"sens_de_circulation":"Double sens","reserve_aux_bus":null,"urbain":true,"vitesse_moyenne_vl":0,"acces_vehicule_leger":"Restreint aux ayants droit","acces_pieton":"Libre","periode_de_fermeture":null,"nature_de_la_restriction":null,"restriction_de_hauteur":null,"restriction_de_poids_total":null,"restriction_de_poids_par_essieu":null,"restriction_de_largeur":null,"restriction_de_longueur":null,"matieres_dangereuses_interdites":null,"borne_debut_gauche":null,"borne_debut_droite":null,"borne_fin_gauche":null,"borne_fin_droite":null,"insee_commune_gauche":"75105","insee_commune_droite":"75105","alias_gauche":null,"alias_droit":null,"date_de_mise_en_service":null,"liens_vers_route_nommee":null,"liens_vers_itineraire_autre":null,"cpx_numero":null,"cpx_numero_route_europeenne":null,"cpx_classement_administratif":null,"cpx_gestionnaire":null,"cpx_toponyme_route_nommee":null,"cpx_toponyme_itineraire_cyclable":null,"cpx_toponyme_voie_verte":null,"cpx_nature_itineraire_autre":null,"cpx_toponyme_itineraire_autre":null,"delestage":null,"source_voie_ban_gauche":"commune","source_voie_ban_droite":"commune","nom_voie_ban_gauche":"Port de la Tournelle","nom_voie_ban_droite":"Port de la Tournelle","lieux_dits_ban_gauche":"","lieux_dits_ban_droite":"","identifiant_voie_ban_gauche":"75105_9379","identifiant_voie_ban_droite":"75105_9379","sens_amenagement_cyclable_gauche":null,"sens_amenagement_cyclable_droit":null,"amenagement_cyclable_gauche":null,"amenagement_cyclable_droit":null,"aire_de_retournement_dfci":null,"gabarit_dfci":null,"impasse_dfci":null,"nature_detaillee_dfci":null,"ouvrage_d_art_limitant_dfci":null,"pente_maximale_dfci":null,"piste_dfci":null,"piste_dfci_debroussaillee":null,"piste_dfci_fosses":null,"sens_de_circulation_dfci":null,"tout_terrain_dfci":null,"vitesse_moyenne_dfci":null,"zone_de_croisement_dfci":null,"categorie_dfci":null,"vitesse_collaborative":null,"id_ban_odonyme_droite":null,"id_ban_odonyme_gauche":null}}],"totalFeatures":45,"numberMatched":45,"numberReturned":45,"timeStamp":"2026-09-28T11:04:07.059Z","crs":{"type":"name","properties":{"name":"urn:ogc:def:crs:EPSG::4326"}}}