{"type":"FeatureCollection","features":[{"type":"Feature","id":"troncon_de_route.10768100","geometry":{"type":"LineString","coordinates":[[2.38137419,48.83401629,35.3],[2.38108543,48.83424143,35.2],[2.38067011,48.83456845,35.3],[2.38024107,48.83490439,35],[2.37978448,48.83526447,35.2],[2.37939528,48.83557093,35.2],[2.3791215,48.83579435,35.1],[2.37903623,48.83586226,35]]},"geometry_name":"geometrie","properties":{"cleabs":"TRONROUT0000000081787130","nature":"Route à 1 chaussée","nom_collaboratif_gauche":null,"nom_collaboratif_droite":null,"importance":"6","fictif":false,"position_par_rapport_au_sol":"0","etat_de_l_objet":"En service","date_creation":"2007-06-12T10:58:32.872Z","date_modification":"2025-12-08T08:40:26.221Z","date_d_apparition":null,"date_de_confirmation":null,"sources":null,"identifiants_sources":null,"methode_d_acquisition_planimetrique":"BDTopo","precision_planimetrique":2.5,"methode_d_acquisition_altimetrique":"BDTopo","precision_altimetrique":1.5,"nombre_de_voies":null,"largeur_de_chaussee":null,"itineraire_vert":false,"prive":false,"sens_de_circulation":"Double sens","reserve_aux_bus":null,"urbain":true,"vitesse_moyenne_vl":0,"acces_vehicule_leger":"Physiquement impossible","acces_pieton":null,"periode_de_fermeture":null,"nature_de_la_restriction":"Piste cyclable","restriction_de_hauteur":null,"restriction_de_poids_total":null,"restriction_de_poids_par_essieu":null,"restriction_de_largeur":null,"restriction_de_longueur":null,"matieres_dangereuses_interdites":false,"borne_debut_gauche":null,"borne_debut_droite":null,"borne_fin_gauche":null,"borne_fin_droite":null,"insee_commune_gauche":"75112","insee_commune_droite":"75112","alias_gauche":null,"alias_droit":null,"date_de_mise_en_service":null,"liens_vers_route_nommee":null,"liens_vers_itineraire_autre":"ITI_AUT_0000002496291173","cpx_numero":null,"cpx_numero_route_europeenne":null,"cpx_classement_administratif":null,"cpx_gestionnaire":null,"cpx_toponyme_route_nommee":null,"cpx_toponyme_itineraire_cyclable":null,"cpx_toponyme_voie_verte":null,"cpx_nature_itineraire_autre":"Itinéraire cyclable","cpx_toponyme_itineraire_autre":"la Scandibérique - Eurovélo 3","delestage":null,"source_voie_ban_gauche":null,"source_voie_ban_droite":null,"nom_voie_ban_gauche":null,"nom_voie_ban_droite":null,"lieux_dits_ban_gauche":null,"lieux_dits_ban_droite":null,"identifiant_voie_ban_gauche":null,"identifiant_voie_ban_droite":null,"sens_amenagement_cyclable_gauche":null,"sens_amenagement_cyclable_droit":null,"amenagement_cyclable_gauche":null,"amenagement_cyclable_droit":null,"aire_de_retournement_dfci":null,"gabarit_dfci":null,"impasse_dfci":null,"nature_detaillee_dfci":null,"ouvrage_d_art_limitant_dfci":null,"pente_maximale_dfci":null,"piste_dfci":null,"piste_dfci_debroussaillee":null,"piste_dfci_fosses":null,"sens_de_circulation_dfci":null,"tout_terrain_dfci":null,"vitesse_moyenne_dfci":null,"zone_de_croisement_dfci":null,"categorie_dfci":null,"vitesse_collaborative":null,"id_ban_odonyme_droite":null,"id_ban_odonyme_gauche":null}},{"type":"Feature","id":"troncon_de_route.13780078","geometry":{"type":"LineString","coordinates":[[2.38137419,48.83401629,35.3],[2.38135521,48.8340081,35],[2.38131302,48.83400518,35.1],[2.38125567,48.83401567,34.9],[2.38118844,48.8340558,34.9],[2.38076484,48.83439267,31.8],[2.38064006,48.83446037,31.1]]},"geometry_name":"geometrie","properties":{"cleabs":"TRONROUT0000000230033214","nature":"Route à 1 chaussée","nom_collaboratif_gauche":"PORT DE BERCY","nom_collaboratif_droite":"PORT DE BERCY","importance":"5","fictif":false,"position_par_rapport_au_sol":"0","etat_de_l_objet":"En service","date_creation":"2010-03-22T12:47:59.156Z","date_modification":"2024-12-14T07:04:06.119Z","date_d_apparition":null,"date_de_confirmation":null,"sources":null,"identifiants_sources":null,"methode_d_acquisition_planimetrique":"BDTopo","precision_planimetrique":2.5,"methode_d_acquisition_altimetrique":"BDTopo","precision_altimetrique":1.5,"nombre_de_voies":1,"largeur_de_chaussee":3,"itineraire_vert":false,"prive":false,"sens_de_circulation":"Double sens","reserve_aux_bus":null,"urbain":true,"vitesse_moyenne_vl":0,"acces_vehicule_leger":"Restreint aux ayants droit","acces_pieton":null,"periode_de_fermeture":null,"nature_de_la_restriction":null,"restriction_de_hauteur":null,"restriction_de_poids_total":null,"restriction_de_poids_par_essieu":null,"restriction_de_largeur":null,"restriction_de_longueur":null,"matieres_dangereuses_interdites":false,"borne_debut_gauche":"","borne_debut_droite":"","borne_fin_gauche":"","borne_fin_droite":"","insee_commune_gauche":"75112","insee_commune_droite":"75112","alias_gauche":"","alias_droit":"","date_de_mise_en_service":null,"liens_vers_route_nommee":"","liens_vers_itineraire_autre":null,"cpx_numero":null,"cpx_numero_route_europeenne":null,"cpx_classement_administratif":null,"cpx_gestionnaire":null,"cpx_toponyme_route_nommee":null,"cpx_toponyme_itineraire_cyclable":null,"cpx_toponyme_voie_verte":null,"cpx_nature_itineraire_autre":null,"cpx_toponyme_itineraire_autre":null,"delestage":null,"source_voie_ban_gauche":null,"source_voie_ban_droite":null,"nom_voie_ban_gauche":null,"nom_voie_ban_droite":null,"lieux_dits_ban_gauche":null,"lieux_dits_ban_droite":null,"identifiant_voie_ban_gauche":null,"identifiant_voie_ban_droite":null,"sens_amenagement_cyclable_gauche":null,"sens_amenagement_cyclable_droit":null,"amenagement_cyclable_gauche":null,"amenagement_cyclable_droit":null,"aire_de_retournement_dfci":null,"gabarit_dfci":null,"impasse_dfci":null,"nature_detaillee_dfci":null,"ouvrage_d_art_limitant_dfci":null,"pente_maximale_dfci":null,"piste_dfci":null,"piste_dfci_debroussaillee":null,"piste_dfci_fosses":null,"sens_de_circulation_dfci":null,"tout_terrain_dfci":null,"vitesse_moyenne_dfci":null,"zone_de_croisement_dfci":null,"categorie_dfci":null,"vitesse_collaborative":null,"id_ban_odonyme_droite":null,"id_ban_odonyme_gauche":null}},{"type":"Feature","id":"troncon_de_route.15769548","geometry":{"type":"LineString","coordinates":[[2.37983453,48.83105749,33.8],[2.38016392,48.831195,33.8],[2.38050279,48.83133796,33.8],[2.38064647,48.83139896,33.8]]},"geometry_name":"geometrie","properties":{"cleabs":"TRONROUT0000000338524404","nature":"Route à 1 chaussée","nom_collaboratif_gauche":"R PRIMO LEVI","nom_collaboratif_droite":"R PRIMO LEVI","importance":"5","fictif":false,"position_par_rapport_au_sol":"0","etat_de_l_objet":"En service","date_creation":"2014-10-07T12:58:05.269Z","date_modification":"2024-12-14T10:08:20.334Z","date_d_apparition":null,"date_de_confirmation":null,"sources":null,"identifiants_sources":null,"methode_d_acquisition_planimetrique":"Photogrammétrie","precision_planimetrique":2.5,"methode_d_acquisition_altimetrique":"Photogrammétrie","precision_altimetrique":1.5,"nombre_de_voies":2,"largeur_de_chaussee":5,"itineraire_vert":false,"prive":false,"sens_de_circulation":"Sens direct","reserve_aux_bus":null,"urbain":true,"vitesse_moyenne_vl":20,"acces_vehicule_leger":"Libre","acces_pieton":null,"periode_de_fermeture":null,"nature_de_la_restriction":null,"restriction_de_hauteur":null,"restriction_de_poids_total":null,"restriction_de_poids_par_essieu":null,"restriction_de_largeur":null,"restriction_de_longueur":null,"matieres_dangereuses_interdites":false,"borne_debut_gauche":"8","borne_debut_droite":"7","borne_fin_gauche":"2","borne_fin_droite":"1","insee_commune_gauche":"75113","insee_commune_droite":"75113","alias_gauche":"","alias_droit":"","date_de_mise_en_service":null,"liens_vers_route_nommee":"","liens_vers_itineraire_autre":null,"cpx_numero":null,"cpx_numero_route_europeenne":null,"cpx_classement_administratif":null,"cpx_gestionnaire":null,"cpx_toponyme_route_nommee":null,"cpx_toponyme_itineraire_cyclable":null,"cpx_toponyme_voie_verte":null,"cpx_nature_itineraire_autre":null,"cpx_toponyme_itineraire_autre":null,"delestage":null,"source_voie_ban_gauche":"commune","source_voie_ban_droite":"commune","nom_voie_ban_gauche":"Rue Primo Levi","nom_voie_ban_droite":"Rue Primo Levi","lieux_dits_ban_gauche":null,"lieux_dits_ban_droite":null,"identifiant_voie_ban_gauche":"75113_7834","identifiant_voie_ban_droite":"75113_7834","sens_amenagement_cyclable_gauche":null,"sens_amenagement_cyclable_droit":null,"amenagement_cyclable_gauche":null,"amenagement_cyclable_droit":null,"aire_de_retournement_dfci":null,"gabarit_dfci":null,"impasse_dfci":null,"nature_detaillee_dfci":null,"ouvrage_d_art_limitant_dfci":null,"pente_maximale_dfci":null,"piste_dfci":null,"piste_dfci_debroussaillee":null,"piste_dfci_fosses":null,"sens_de_circulation_dfci":null,"tout_terrain_dfci":null,"vitesse_moyenne_dfci":null,"zone_de_croisement_dfci":null,"categorie_dfci":null,"vitesse_collaborative":null,"id_ban_odonyme_droite":null,"id_ban_odonyme_gauche":null}},{"type":"Feature","id":"troncon_de_route.16775810","geometry":{"type":"LineString","coordinates":[[2.38305515,48.83403037,35.2],[2.38298222,48.83409115,34.9],[2.38287222,48.83417692,31.6]]},"geometry_name":"geometrie","properties":{"cleabs":"TRONROUT0000002000696336","nature":"Escalier","nom_collaboratif_gauche":"","nom_collaboratif_droite":"","importance":"6","fictif":false,"position_par_rapport_au_sol":"0","etat_de_l_objet":"En service","date_creation":"2017-01-13T13:11:07.048Z","date_modification":"2023-08-27T10:03:02.614Z","date_d_apparition":null,"date_de_confirmation":null,"sources":null,"identifiants_sources":null,"methode_d_acquisition_planimetrique":"BDTopo","precision_planimetrique":2.5,"methode_d_acquisition_altimetrique":"BDTopo","precision_altimetrique":1.5,"nombre_de_voies":null,"largeur_de_chaussee":null,"itineraire_vert":false,"prive":false,"sens_de_circulation":"Sans objet","reserve_aux_bus":null,"urbain":true,"vitesse_moyenne_vl":0,"acces_vehicule_leger":"Physiquement impossible","acces_pieton":null,"periode_de_fermeture":null,"nature_de_la_restriction":null,"restriction_de_hauteur":null,"restriction_de_poids_total":null,"restriction_de_poids_par_essieu":null,"restriction_de_largeur":null,"restriction_de_longueur":null,"matieres_dangereuses_interdites":false,"borne_debut_gauche":"","borne_debut_droite":"","borne_fin_gauche":"","borne_fin_droite":"","insee_commune_gauche":"75112","insee_commune_droite":"75112","alias_gauche":"","alias_droit":"","date_de_mise_en_service":null,"liens_vers_route_nommee":"","liens_vers_itineraire_autre":null,"cpx_numero":null,"cpx_numero_route_europeenne":null,"cpx_classement_administratif":null,"cpx_gestionnaire":null,"cpx_toponyme_route_nommee":null,"cpx_toponyme_itineraire_cyclable":null,"cpx_toponyme_voie_verte":null,"cpx_nature_itineraire_autre":null,"cpx_toponyme_itineraire_autre":null,"delestage":null,"source_voie_ban_gauche":null,"source_voie_ban_droite":null,"nom_voie_ban_gauche":null,"nom_voie_ban_droite":null,"lieux_dits_ban_gauche":null,"lieux_dits_ban_droite":null,"identifiant_voie_ban_gauche":null,"identifiant_voie_ban_droite":null,"sens_amenagement_cyclable_gauche":null,"sens_amenagement_cyclable_droit":null,"amenagement_cyclable_gauche":null,"amenagement_cyclable_droit":null,"aire_de_retournement_dfci":null,"gabarit_dfci":null,"impasse_dfci":null,"nature_detaillee_dfci":null,"ouvrage_d_art_limitant_dfci":null,"pente_maximale_dfci":null,"piste_dfci":null,"piste_dfci_debroussaillee":null,"piste_dfci_fosses":null,"sens_de_circulation_dfci":null,"tout_terrain_dfci":null,"vitesse_moyenne_dfci":null,"zone_de_croisement_dfci":null,"categorie_dfci":null,"vitesse_collaborative":null,"id_ban_odonyme_droite":null,"id_ban_odonyme_gauche":null}},{"type":"Feature","id":"troncon_de_route.10768095","geometry":{"type":"LineString","coordinates":[[2.37877227,48.83297572,35.6],[2.37910084,48.83272561,35.4],[2.37925345,48.83260858,35.9]]},"geometry_name":"geometrie","properties":{"cleabs":"TRONROUT0000000081787125","nature":"Route à 1 chaussée","nom_collaboratif_gauche":"QU FRANCOIS MAURIAC","nom_collaboratif_droite":"QU FRANCOIS MAURIAC","importance":"3","fictif":false,"position_par_rapport_au_sol":"0","etat_de_l_objet":"En service","date_creation":"2007-06-12T10:58:32.872Z","date_modification":"2026-02-01T08:29:28.342Z","date_d_apparition":null,"date_de_confirmation":null,"sources":"DSR","identifiants_sources":null,"methode_d_acquisition_planimetrique":"BDTopo","precision_planimetrique":2.5,"methode_d_acquisition_altimetrique":"BDTopo","precision_altimetrique":1.5,"nombre_de_voies":2,"largeur_de_chaussee":7,"itineraire_vert":false,"prive":false,"sens_de_circulation":"Double sens","reserve_aux_bus":null,"urbain":true,"vitesse_moyenne_vl":30,"acces_vehicule_leger":"Libre","acces_pieton":null,"periode_de_fermeture":null,"nature_de_la_restriction":null,"restriction_de_hauteur":null,"restriction_de_poids_total":null,"restriction_de_poids_par_essieu":null,"restriction_de_largeur":null,"restriction_de_longueur":null,"matieres_dangereuses_interdites":false,"borne_debut_gauche":"6","borne_debut_droite":"13","borne_fin_gauche":"6","borne_fin_droite":"7","insee_commune_gauche":"75113","insee_commune_droite":"75113","alias_gauche":null,"alias_droit":null,"date_de_mise_en_service":null,"liens_vers_route_nommee":null,"liens_vers_itineraire_autre":null,"cpx_numero":null,"cpx_numero_route_europeenne":null,"cpx_classement_administratif":null,"cpx_gestionnaire":null,"cpx_toponyme_route_nommee":null,"cpx_toponyme_itineraire_cyclable":null,"cpx_toponyme_voie_verte":null,"cpx_nature_itineraire_autre":null,"cpx_toponyme_itineraire_autre":null,"delestage":null,"source_voie_ban_gauche":"commune","source_voie_ban_droite":"commune","nom_voie_ban_gauche":"Quai François Mauriac","nom_voie_ban_droite":"Quai François Mauriac","lieux_dits_ban_gauche":null,"lieux_dits_ban_droite":null,"identifiant_voie_ban_gauche":"75113_3802","identifiant_voie_ban_droite":"75113_3802","sens_amenagement_cyclable_gauche":null,"sens_amenagement_cyclable_droit":null,"amenagement_cyclable_gauche":null,"amenagement_cyclable_droit":null,"aire_de_retournement_dfci":null,"gabarit_dfci":null,"impasse_dfci":null,"nature_detaillee_dfci":null,"ouvrage_d_art_limitant_dfci":null,"pente_maximale_dfci":null,"piste_dfci":null,"piste_dfci_debroussaillee":null,"piste_dfci_fosses":null,"sens_de_circulation_dfci":null,"tout_terrain_dfci":null,"vitesse_moyenne_dfci":null,"zone_de_croisement_dfci":null,"categorie_dfci":null,"vitesse_collaborative":null,"id_ban_odonyme_droite":null,"id_ban_odonyme_gauche":null}},{"type":"Feature","id":"troncon_de_route.12827271","geometry":{"type":"LineString","coordinates":[[2.3804854,48.8319989,28.5],[2.38022694,48.83219632,28.5],[2.38026471,48.83234312,28.5],[2.38015033,48.83245315,28.4]]},"geometry_name":"geometrie","properties":{"cleabs":"TRONROUT0000000120485908","nature":"Route à 1 chaussée","nom_collaboratif_gauche":"PORT DE TOLBIAC","nom_collaboratif_droite":"PORT DE TOLBIAC","importance":"5","fictif":false,"position_par_rapport_au_sol":"0","etat_de_l_objet":"En service","date_creation":"2008-03-21T04:12:23.539Z","date_modification":"2026-02-01T09:04:16.631Z","date_d_apparition":null,"date_de_confirmation":null,"sources":null,"identifiants_sources":null,"methode_d_acquisition_planimetrique":"Photogrammétrie","precision_planimetrique":2.5,"methode_d_acquisition_altimetrique":"Photogrammétrie","precision_altimetrique":1.5,"nombre_de_voies":2,"largeur_de_chaussee":5,"itineraire_vert":false,"prive":false,"sens_de_circulation":"Double sens","reserve_aux_bus":null,"urbain":true,"vitesse_moyenne_vl":0,"acces_vehicule_leger":"Restreint aux ayants droit","acces_pieton":null,"periode_de_fermeture":null,"nature_de_la_restriction":null,"restriction_de_hauteur":null,"restriction_de_poids_total":null,"restriction_de_poids_par_essieu":null,"restriction_de_largeur":null,"restriction_de_longueur":null,"matieres_dangereuses_interdites":false,"borne_debut_gauche":null,"borne_debut_droite":"12","borne_fin_gauche":null,"borne_fin_droite":"12","insee_commune_gauche":"75113","insee_commune_droite":"75113","alias_gauche":null,"alias_droit":null,"date_de_mise_en_service":null,"liens_vers_route_nommee":null,"liens_vers_itineraire_autre":null,"cpx_numero":null,"cpx_numero_route_europeenne":null,"cpx_classement_administratif":null,"cpx_gestionnaire":null,"cpx_toponyme_route_nommee":null,"cpx_toponyme_itineraire_cyclable":null,"cpx_toponyme_voie_verte":null,"cpx_nature_itineraire_autre":null,"cpx_toponyme_itineraire_autre":null,"delestage":null,"source_voie_ban_gauche":"commune","source_voie_ban_droite":"commune","nom_voie_ban_gauche":"Port de Tolbiac","nom_voie_ban_droite":"Port de Tolbiac","lieux_dits_ban_gauche":null,"lieux_dits_ban_droite":null,"identifiant_voie_ban_gauche":"75113_9336","identifiant_voie_ban_droite":"75113_9336","sens_amenagement_cyclable_gauche":null,"sens_amenagement_cyclable_droit":null,"amenagement_cyclable_gauche":null,"amenagement_cyclable_droit":null,"aire_de_retournement_dfci":null,"gabarit_dfci":null,"impasse_dfci":null,"nature_detaillee_dfci":null,"ouvrage_d_art_limitant_dfci":null,"pente_maximale_dfci":null,"piste_dfci":null,"piste_dfci_debroussaillee":null,"piste_dfci_fosses":null,"sens_de_circulation_dfci":null,"tout_terrain_dfci":null,"vitesse_moyenne_dfci":null,"zone_de_croisement_dfci":null,"categorie_dfci":null,"vitesse_collaborative":null,"id_ban_odonyme_droite":null,"id_ban_odonyme_gauche":null}},{"type":"Feature","id":"troncon_de_route.13455150","geometry":{"type":"LineString","coordinates":[[2.38291821,48.83362944,40],[2.38344063,48.83322922,40.1],[2.38387256,48.83287709,40.1],[2.3838905,48.8328574,39.9],[2.38432027,48.8324567,34.9]]},"geometry_name":"geometrie","properties":{"cleabs":"TRONROUT0000000224181507","nature":"Sentier","nom_collaboratif_gauche":null,"nom_collaboratif_droite":null,"importance":"6","fictif":false,"position_par_rapport_au_sol":"0","etat_de_l_objet":"En service","date_creation":"2009-09-10T14:02:05.597Z","date_modification":"2024-09-27T19:22:29.786Z","date_d_apparition":null,"date_de_confirmation":null,"sources":null,"identifiants_sources":null,"methode_d_acquisition_planimetrique":"Photogrammétrie","precision_planimetrique":2.5,"methode_d_acquisition_altimetrique":"Photogrammétrie","precision_altimetrique":1.5,"nombre_de_voies":null,"largeur_de_chaussee":null,"itineraire_vert":false,"prive":false,"sens_de_circulation":"Sans objet","reserve_aux_bus":null,"urbain":true,"vitesse_moyenne_vl":0,"acces_vehicule_leger":"Physiquement impossible","acces_pieton":null,"periode_de_fermeture":null,"nature_de_la_restriction":null,"restriction_de_hauteur":null,"restriction_de_poids_total":null,"restriction_de_poids_par_essieu":null,"restriction_de_largeur":null,"restriction_de_longueur":null,"matieres_dangereuses_interdites":false,"borne_debut_gauche":null,"borne_debut_droite":null,"borne_fin_gauche":null,"borne_fin_droite":null,"insee_commune_gauche":"75112","insee_commune_droite":"75112","alias_gauche":null,"alias_droit":null,"date_de_mise_en_service":null,"liens_vers_route_nommee":null,"liens_vers_itineraire_autre":null,"cpx_numero":null,"cpx_numero_route_europeenne":null,"cpx_classement_administratif":null,"cpx_gestionnaire":null,"cpx_toponyme_route_nommee":null,"cpx_toponyme_itineraire_cyclable":null,"cpx_toponyme_voie_verte":null,"cpx_nature_itineraire_autre":null,"cpx_toponyme_itineraire_autre":null,"delestage":null,"source_voie_ban_gauche":null,"source_voie_ban_droite":null,"nom_voie_ban_gauche":null,"nom_voie_ban_droite":null,"lieux_dits_ban_gauche":null,"lieux_dits_ban_droite":null,"identifiant_voie_ban_gauche":null,"identifiant_voie_ban_droite":null,"sens_amenagement_cyclable_gauche":null,"sens_amenagement_cyclable_droit":null,"amenagement_cyclable_gauche":null,"amenagement_cyclable_droit":null,"aire_de_retournement_dfci":null,"gabarit_dfci":null,"impasse_dfci":null,"nature_detaillee_dfci":null,"ouvrage_d_art_limitant_dfci":null,"pente_maximale_dfci":null,"piste_dfci":null,"piste_dfci_debroussaillee":null,"piste_dfci_fosses":null,"sens_de_circulation_dfci":null,"tout_terrain_dfci":null,"vitesse_moyenne_dfci":null,"zone_de_croisement_dfci":null,"categorie_dfci":null,"vitesse_collaborative":null,"id_ban_odonyme_droite":null,"id_ban_odonyme_gauche":null}},{"type":"Feature","id":"troncon_de_route.15769550","geometry":{"type":"LineString","coordinates":[[2.3796578,48.83217179,36],[2.37957115,48.83224149,35.9]]},"geometry_name":"geometrie","properties":{"cleabs":"TRONROUT0000000338524406","nature":"Route à 1 chaussée","nom_collaboratif_gauche":null,"nom_collaboratif_droite":null,"importance":"6","fictif":false,"position_par_rapport_au_sol":"0","etat_de_l_objet":"En service","date_creation":"2014-10-07T12:58:05.269Z","date_modification":"2025-03-21T07:23:14.909Z","date_d_apparition":null,"date_de_confirmation":null,"sources":null,"identifiants_sources":null,"methode_d_acquisition_planimetrique":"Orthophotographie","precision_planimetrique":3,"methode_d_acquisition_altimetrique":"Z corrigé","precision_altimetrique":2.5,"nombre_de_voies":null,"largeur_de_chaussee":null,"itineraire_vert":false,"prive":false,"sens_de_circulation":"Double sens","reserve_aux_bus":null,"urbain":true,"vitesse_moyenne_vl":0,"acces_vehicule_leger":"Physiquement impossible","acces_pieton":null,"periode_de_fermeture":null,"nature_de_la_restriction":"Piste cyclable","restriction_de_hauteur":null,"restriction_de_poids_total":null,"restriction_de_poids_par_essieu":null,"restriction_de_largeur":null,"restriction_de_longueur":null,"matieres_dangereuses_interdites":false,"borne_debut_gauche":null,"borne_debut_droite":null,"borne_fin_gauche":null,"borne_fin_droite":null,"insee_commune_gauche":"75113","insee_commune_droite":"75113","alias_gauche":null,"alias_droit":null,"date_de_mise_en_service":null,"liens_vers_route_nommee":null,"liens_vers_itineraire_autre":null,"cpx_numero":null,"cpx_numero_route_europeenne":null,"cpx_classement_administratif":null,"cpx_gestionnaire":null,"cpx_toponyme_route_nommee":null,"cpx_toponyme_itineraire_cyclable":null,"cpx_toponyme_voie_verte":null,"cpx_nature_itineraire_autre":null,"cpx_toponyme_itineraire_autre":null,"delestage":null,"source_voie_ban_gauche":null,"source_voie_ban_droite":null,"nom_voie_ban_gauche":null,"nom_voie_ban_droite":null,"lieux_dits_ban_gauche":null,"lieux_dits_ban_droite":null,"identifiant_voie_ban_gauche":null,"identifiant_voie_ban_droite":null,"sens_amenagement_cyclable_gauche":null,"sens_amenagement_cyclable_droit":null,"amenagement_cyclable_gauche":null,"amenagement_cyclable_droit":null,"aire_de_retournement_dfci":null,"gabarit_dfci":null,"impasse_dfci":null,"nature_detaillee_dfci":null,"ouvrage_d_art_limitant_dfci":null,"pente_maximale_dfci":null,"piste_dfci":null,"piste_dfci_debroussaillee":null,"piste_dfci_fosses":null,"sens_de_circulation_dfci":null,"tout_terrain_dfci":null,"vitesse_moyenne_dfci":null,"zone_de_croisement_dfci":null,"categorie_dfci":null,"vitesse_collaborative":null,"id_ban_odonyme_droite":null,"id_ban_odonyme_gauche":null}},{"type":"Feature","id":"troncon_de_route.16632601","geometry":{"type":"LineString","coordinates":[[2.37869645,48.83293576,35.6],[2.37935369,48.83242743,35.8],[2.37944738,48.83233888,35.8],[2.37957115,48.83224149,35.9]]},"geometry_name":"geometrie","properties":{"cleabs":"TRONROUT0000000358995032","nature":"Route à 1 chaussée","nom_collaboratif_gauche":null,"nom_collaboratif_droite":null,"importance":"6","fictif":false,"position_par_rapport_au_sol":"0","etat_de_l_objet":"En service","date_creation":"2016-09-08T13:11:20.505Z","date_modification":"2025-03-21T07:23:14.909Z","date_d_apparition":null,"date_de_confirmation":null,"sources":null,"identifiants_sources":null,"methode_d_acquisition_planimetrique":"Orthophotographie","precision_planimetrique":3,"methode_d_acquisition_altimetrique":"Z corrigé","precision_altimetrique":2.5,"nombre_de_voies":null,"largeur_de_chaussee":null,"itineraire_vert":false,"prive":false,"sens_de_circulation":"Double sens","reserve_aux_bus":null,"urbain":true,"vitesse_moyenne_vl":0,"acces_vehicule_leger":"Physiquement impossible","acces_pieton":null,"periode_de_fermeture":null,"nature_de_la_restriction":"Piste cyclable","restriction_de_hauteur":null,"restriction_de_poids_total":null,"restriction_de_poids_par_essieu":null,"restriction_de_largeur":null,"restriction_de_longueur":null,"matieres_dangereuses_interdites":false,"borne_debut_gauche":null,"borne_debut_droite":null,"borne_fin_gauche":null,"borne_fin_droite":null,"insee_commune_gauche":"75113","insee_commune_droite":"75113","alias_gauche":null,"alias_droit":null,"date_de_mise_en_service":null,"liens_vers_route_nommee":null,"liens_vers_itineraire_autre":null,"cpx_numero":null,"cpx_numero_route_europeenne":null,"cpx_classement_administratif":null,"cpx_gestionnaire":null,"cpx_toponyme_route_nommee":null,"cpx_toponyme_itineraire_cyclable":null,"cpx_toponyme_voie_verte":null,"cpx_nature_itineraire_autre":null,"cpx_toponyme_itineraire_autre":null,"delestage":null,"source_voie_ban_gauche":null,"source_voie_ban_droite":null,"nom_voie_ban_gauche":null,"nom_voie_ban_droite":null,"lieux_dits_ban_gauche":null,"lieux_dits_ban_droite":null,"identifiant_voie_ban_gauche":null,"identifiant_voie_ban_droite":null,"sens_amenagement_cyclable_gauche":null,"sens_amenagement_cyclable_droit":null,"amenagement_cyclable_gauche":null,"amenagement_cyclable_droit":null,"aire_de_retournement_dfci":null,"gabarit_dfci":null,"impasse_dfci":null,"nature_detaillee_dfci":null,"ouvrage_d_art_limitant_dfci":null,"pente_maximale_dfci":null,"piste_dfci":null,"piste_dfci_debroussaillee":null,"piste_dfci_fosses":null,"sens_de_circulation_dfci":null,"tout_terrain_dfci":null,"vitesse_moyenne_dfci":null,"zone_de_croisement_dfci":null,"categorie_dfci":null,"vitesse_collaborative":null,"id_ban_odonyme_droite":null,"id_ban_odonyme_gauche":null}},{"type":"Feature","id":"troncon_de_route.16728597","geometry":{"type":"LineString","coordinates":[[2.37916249,48.83201003,35.9],[2.37941013,48.83214892,35.9],[2.37957115,48.83224149,35.9]]},"geometry_name":"geometrie","properties":{"cleabs":"TRONROUT0000002000464590","nature":"Route à 1 chaussée","nom_collaboratif_gauche":"R NEUVE TOLBIAC","nom_collaboratif_droite":"R NEUVE TOLBIAC","importance":"5","fictif":false,"position_par_rapport_au_sol":"0","etat_de_l_objet":"En service","date_creation":"2016-12-05T09:44:52.148Z","date_modification":"2024-12-14T10:08:20.334Z","date_d_apparition":null,"date_de_confirmation":null,"sources":null,"identifiants_sources":null,"methode_d_acquisition_planimetrique":"Photogrammétrie","precision_planimetrique":2.5,"methode_d_acquisition_altimetrique":"Photogrammétrie","precision_altimetrique":1.5,"nombre_de_voies":1,"largeur_de_chaussee":3,"itineraire_vert":false,"prive":false,"sens_de_circulation":"Sens inverse","reserve_aux_bus":null,"urbain":true,"vitesse_moyenne_vl":20,"acces_vehicule_leger":"Libre","acces_pieton":null,"periode_de_fermeture":null,"nature_de_la_restriction":null,"restriction_de_hauteur":null,"restriction_de_poids_total":null,"restriction_de_poids_par_essieu":null,"restriction_de_largeur":null,"restriction_de_longueur":null,"matieres_dangereuses_interdites":false,"borne_debut_gauche":"6","borne_debut_droite":"","borne_fin_gauche":"2","borne_fin_droite":"","insee_commune_gauche":"75113","insee_commune_droite":"75113","alias_gauche":"","alias_droit":"","date_de_mise_en_service":null,"liens_vers_route_nommee":"","liens_vers_itineraire_autre":null,"cpx_numero":null,"cpx_numero_route_europeenne":null,"cpx_classement_administratif":null,"cpx_gestionnaire":null,"cpx_toponyme_route_nommee":null,"cpx_toponyme_itineraire_cyclable":null,"cpx_toponyme_voie_verte":null,"cpx_nature_itineraire_autre":null,"cpx_toponyme_itineraire_autre":null,"delestage":null,"source_voie_ban_gauche":"commune","source_voie_ban_droite":"commune","nom_voie_ban_gauche":"Rue Neuve Tolbiac","nom_voie_ban_droite":"Rue Neuve Tolbiac","lieux_dits_ban_gauche":null,"lieux_dits_ban_droite":null,"identifiant_voie_ban_gauche":"75113_6733","identifiant_voie_ban_droite":"75113_6733","sens_amenagement_cyclable_gauche":null,"sens_amenagement_cyclable_droit":null,"amenagement_cyclable_gauche":null,"amenagement_cyclable_droit":null,"aire_de_retournement_dfci":null,"gabarit_dfci":null,"impasse_dfci":null,"nature_detaillee_dfci":null,"ouvrage_d_art_limitant_dfci":null,"pente_maximale_dfci":null,"piste_dfci":null,"piste_dfci_debroussaillee":null,"piste_dfci_fosses":null,"sens_de_circulation_dfci":null,"tout_terrain_dfci":null,"vitesse_moyenne_dfci":null,"zone_de_croisement_dfci":null,"categorie_dfci":null,"vitesse_collaborative":null,"id_ban_odonyme_droite":null,"id_ban_odonyme_gauche":null}},{"type":"Feature","id":"troncon_de_route.16728601","geometry":{"type":"LineString","coordinates":[[2.38001572,48.83254598,28.6],[2.3797925,48.83252954,28.7],[2.37971321,48.83255251,28.7],[2.37919904,48.83294466,29.7],[2.37869713,48.83333598,28.9],[2.37783619,48.83401682,33.1]]},"geometry_name":"geometrie","properties":{"cleabs":"TRONROUT0000002000464594","nature":"Route à 1 chaussée","nom_collaboratif_gauche":"PORT DE LA GARE","nom_collaboratif_droite":"PORT DE LA GARE","importance":"5","fictif":false,"position_par_rapport_au_sol":"0","etat_de_l_objet":"En service","date_creation":"2016-12-05T09:44:52.148Z","date_modification":"2023-08-27T10:03:02.614Z","date_d_apparition":null,"date_de_confirmation":null,"sources":null,"identifiants_sources":null,"methode_d_acquisition_planimetrique":"Photogrammétrie","precision_planimetrique":2.5,"methode_d_acquisition_altimetrique":"Photogrammétrie","precision_altimetrique":1.5,"nombre_de_voies":2,"largeur_de_chaussee":5,"itineraire_vert":false,"prive":false,"sens_de_circulation":"Double sens","reserve_aux_bus":null,"urbain":true,"vitesse_moyenne_vl":0,"acces_vehicule_leger":"Restreint aux ayants droit","acces_pieton":null,"periode_de_fermeture":null,"nature_de_la_restriction":null,"restriction_de_hauteur":null,"restriction_de_poids_total":null,"restriction_de_poids_par_essieu":null,"restriction_de_largeur":null,"restriction_de_longueur":null,"matieres_dangereuses_interdites":false,"borne_debut_gauche":"","borne_debut_droite":"","borne_fin_gauche":"","borne_fin_droite":"","insee_commune_gauche":"75113","insee_commune_droite":"75113","alias_gauche":"","alias_droit":"","date_de_mise_en_service":null,"liens_vers_route_nommee":"","liens_vers_itineraire_autre":null,"cpx_numero":null,"cpx_numero_route_europeenne":null,"cpx_classement_administratif":null,"cpx_gestionnaire":null,"cpx_toponyme_route_nommee":null,"cpx_toponyme_itineraire_cyclable":null,"cpx_toponyme_voie_verte":null,"cpx_nature_itineraire_autre":null,"cpx_toponyme_itineraire_autre":null,"delestage":null,"source_voie_ban_gauche":"commune","source_voie_ban_droite":"commune","nom_voie_ban_gauche":"Port de la Gare","nom_voie_ban_droite":"Port de la Gare","lieux_dits_ban_gauche":"","lieux_dits_ban_droite":"","identifiant_voie_ban_gauche":"75113_3951","identifiant_voie_ban_droite":"75113_3951","sens_amenagement_cyclable_gauche":null,"sens_amenagement_cyclable_droit":null,"amenagement_cyclable_gauche":null,"amenagement_cyclable_droit":null,"aire_de_retournement_dfci":null,"gabarit_dfci":null,"impasse_dfci":null,"nature_detaillee_dfci":null,"ouvrage_d_art_limitant_dfci":null,"pente_maximale_dfci":null,"piste_dfci":null,"piste_dfci_debroussaillee":null,"piste_dfci_fosses":null,"sens_de_circulation_dfci":null,"tout_terrain_dfci":null,"vitesse_moyenne_dfci":null,"zone_de_croisement_dfci":null,"categorie_dfci":null,"vitesse_collaborative":null,"id_ban_odonyme_droite":null,"id_ban_odonyme_gauche":null}},{"type":"Feature","id":"troncon_de_route.16728602","geometry":{"type":"LineString","coordinates":[[2.38015033,48.83245315,28.4],[2.38001572,48.83254598,28.6]]},"geometry_name":"geometrie","properties":{"cleabs":"TRONROUT0000002000464595","nature":"Route à 1 chaussée","nom_collaboratif_gauche":"PORT DE LA GARE","nom_collaboratif_droite":"PORT DE LA GARE","importance":"5","fictif":false,"position_par_rapport_au_sol":"0","etat_de_l_objet":"En service","date_creation":"2016-12-05T09:44:52.148Z","date_modification":"2023-08-27T10:03:02.614Z","date_d_apparition":null,"date_de_confirmation":null,"sources":null,"identifiants_sources":null,"methode_d_acquisition_planimetrique":"Photogrammétrie","precision_planimetrique":2.5,"methode_d_acquisition_altimetrique":"Photogrammétrie","precision_altimetrique":1.5,"nombre_de_voies":2,"largeur_de_chaussee":5,"itineraire_vert":false,"prive":false,"sens_de_circulation":"Double sens","reserve_aux_bus":null,"urbain":true,"vitesse_moyenne_vl":0,"acces_vehicule_leger":"Restreint aux ayants droit","acces_pieton":null,"periode_de_fermeture":null,"nature_de_la_restriction":null,"restriction_de_hauteur":null,"restriction_de_poids_total":null,"restriction_de_poids_par_essieu":null,"restriction_de_largeur":null,"restriction_de_longueur":null,"matieres_dangereuses_interdites":false,"borne_debut_gauche":"","borne_debut_droite":"","borne_fin_gauche":"","borne_fin_droite":"","insee_commune_gauche":"75113","insee_commune_droite":"75113","alias_gauche":"","alias_droit":"","date_de_mise_en_service":null,"liens_vers_route_nommee":"","liens_vers_itineraire_autre":null,"cpx_numero":null,"cpx_numero_route_europeenne":null,"cpx_classement_administratif":null,"cpx_gestionnaire":null,"cpx_toponyme_route_nommee":null,"cpx_toponyme_itineraire_cyclable":null,"cpx_toponyme_voie_verte":null,"cpx_nature_itineraire_autre":null,"cpx_toponyme_itineraire_autre":null,"delestage":null,"source_voie_ban_gauche":"commune","source_voie_ban_droite":"commune","nom_voie_ban_gauche":"Port de la Gare","nom_voie_ban_droite":"Port de la Gare","lieux_dits_ban_gauche":"","lieux_dits_ban_droite":"","identifiant_voie_ban_gauche":"75113_3951","identifiant_voie_ban_droite":"75113_3951","sens_amenagement_cyclable_gauche":null,"sens_amenagement_cyclable_droit":null,"amenagement_cyclable_gauche":null,"amenagement_cyclable_droit":null,"aire_de_retournement_dfci":null,"gabarit_dfci":null,"impasse_dfci":null,"nature_detaillee_dfci":null,"ouvrage_d_art_limitant_dfci":null,"pente_maximale_dfci":null,"piste_dfci":null,"piste_dfci_debroussaillee":null,"piste_dfci_fosses":null,"sens_de_circulation_dfci":null,"tout_terrain_dfci":null,"vitesse_moyenne_dfci":null,"zone_de_croisement_dfci":null,"categorie_dfci":null,"vitesse_collaborative":null,"id_ban_odonyme_droite":null,"id_ban_odonyme_gauche":null}},{"type":"Feature","id":"troncon_de_route.13780072","geometry":{"type":"LineString","coordinates":[[2.37694794,48.83743698,30.9],[2.37725476,48.83718586,29.6],[2.37781325,48.83673819,29.3],[2.37843081,48.83624854,29.3],[2.37879414,48.83594195,29.2],[2.3788593,48.83584695,29.2],[2.37911249,48.83563602,29.2],[2.37923313,48.83557279,29.2],[2.37936784,48.83547276,29.2],[2.38006648,48.83492147,29.2],[2.38045709,48.83461052,30.5],[2.38064006,48.83446037,31.1]]},"geometry_name":"geometrie","properties":{"cleabs":"TRONROUT0000000230033208","nature":"Route à 1 chaussée","nom_collaboratif_gauche":"PORT DE BERCY","nom_collaboratif_droite":"PORT DE BERCY","importance":"5","fictif":false,"position_par_rapport_au_sol":"0","etat_de_l_objet":"En service","date_creation":"2010-03-22T12:47:59.156Z","date_modification":"2024-12-14T07:04:06.119Z","date_d_apparition":null,"date_de_confirmation":null,"sources":null,"identifiants_sources":null,"methode_d_acquisition_planimetrique":"Photogrammétrie","precision_planimetrique":2.5,"methode_d_acquisition_altimetrique":"Photogrammétrie","precision_altimetrique":1.5,"nombre_de_voies":2,"largeur_de_chaussee":5,"itineraire_vert":false,"prive":false,"sens_de_circulation":"Double sens","reserve_aux_bus":null,"urbain":true,"vitesse_moyenne_vl":0,"acces_vehicule_leger":"Restreint aux ayants droit","acces_pieton":null,"periode_de_fermeture":null,"nature_de_la_restriction":null,"restriction_de_hauteur":null,"restriction_de_poids_total":null,"restriction_de_poids_par_essieu":null,"restriction_de_largeur":null,"restriction_de_longueur":null,"matieres_dangereuses_interdites":false,"borne_debut_gauche":"","borne_debut_droite":"","borne_fin_gauche":"","borne_fin_droite":"","insee_commune_gauche":"75112","insee_commune_droite":"75112","alias_gauche":"","alias_droit":"","date_de_mise_en_service":null,"liens_vers_route_nommee":"","liens_vers_itineraire_autre":null,"cpx_numero":null,"cpx_numero_route_europeenne":null,"cpx_classement_administratif":null,"cpx_gestionnaire":null,"cpx_toponyme_route_nommee":null,"cpx_toponyme_itineraire_cyclable":null,"cpx_toponyme_voie_verte":null,"cpx_nature_itineraire_autre":null,"cpx_toponyme_itineraire_autre":null,"delestage":null,"source_voie_ban_gauche":null,"source_voie_ban_droite":null,"nom_voie_ban_gauche":null,"nom_voie_ban_droite":null,"lieux_dits_ban_gauche":null,"lieux_dits_ban_droite":null,"identifiant_voie_ban_gauche":null,"identifiant_voie_ban_droite":null,"sens_amenagement_cyclable_gauche":null,"sens_amenagement_cyclable_droit":null,"amenagement_cyclable_gauche":null,"amenagement_cyclable_droit":null,"aire_de_retournement_dfci":null,"gabarit_dfci":null,"impasse_dfci":null,"nature_detaillee_dfci":null,"ouvrage_d_art_limitant_dfci":null,"pente_maximale_dfci":null,"piste_dfci":null,"piste_dfci_debroussaillee":null,"piste_dfci_fosses":null,"sens_de_circulation_dfci":null,"tout_terrain_dfci":null,"vitesse_moyenne_dfci":null,"zone_de_croisement_dfci":null,"categorie_dfci":null,"vitesse_collaborative":null,"id_ban_odonyme_droite":null,"id_ban_odonyme_gauche":null}},{"type":"Feature","id":"troncon_de_route.16728598","geometry":{"type":"LineString","coordinates":[[2.37977012,48.83223443,35.9],[2.3796578,48.83217179,36]]},"geometry_name":"geometrie","properties":{"cleabs":"TRONROUT0000002000464591","nature":"Route à 1 chaussée","nom_collaboratif_gauche":"R NEUVE TOLBIAC","nom_collaboratif_droite":"R NEUVE TOLBIAC","importance":"4","fictif":false,"position_par_rapport_au_sol":"0","etat_de_l_objet":"En service","date_creation":"2016-12-05T09:44:52.148Z","date_modification":"2024-12-14T10:08:20.334Z","date_d_apparition":null,"date_de_confirmation":null,"sources":null,"identifiants_sources":null,"methode_d_acquisition_planimetrique":"BDTopo","precision_planimetrique":2.5,"methode_d_acquisition_altimetrique":"BDTopo","precision_altimetrique":1.5,"nombre_de_voies":3,"largeur_de_chaussee":9,"itineraire_vert":false,"prive":false,"sens_de_circulation":"Double sens","reserve_aux_bus":null,"urbain":true,"vitesse_moyenne_vl":10,"acces_vehicule_leger":"Libre","acces_pieton":null,"periode_de_fermeture":null,"nature_de_la_restriction":null,"restriction_de_hauteur":null,"restriction_de_poids_total":null,"restriction_de_poids_par_essieu":null,"restriction_de_largeur":null,"restriction_de_longueur":null,"matieres_dangereuses_interdites":false,"borne_debut_gauche":"","borne_debut_droite":"","borne_fin_gauche":"","borne_fin_droite":"","insee_commune_gauche":"75113","insee_commune_droite":"75113","alias_gauche":"","alias_droit":"","date_de_mise_en_service":null,"liens_vers_route_nommee":"","liens_vers_itineraire_autre":null,"cpx_numero":null,"cpx_numero_route_europeenne":null,"cpx_classement_administratif":null,"cpx_gestionnaire":null,"cpx_toponyme_route_nommee":null,"cpx_toponyme_itineraire_cyclable":null,"cpx_toponyme_voie_verte":null,"cpx_nature_itineraire_autre":null,"cpx_toponyme_itineraire_autre":null,"delestage":null,"source_voie_ban_gauche":"commune","source_voie_ban_droite":"commune","nom_voie_ban_gauche":"Rue Neuve Tolbiac","nom_voie_ban_droite":"Rue Neuve Tolbiac","lieux_dits_ban_gauche":null,"lieux_dits_ban_droite":null,"identifiant_voie_ban_gauche":"75113_6733","identifiant_voie_ban_droite":"75113_6733","sens_amenagement_cyclable_gauche":null,"sens_amenagement_cyclable_droit":null,"amenagement_cyclable_gauche":null,"amenagement_cyclable_droit":null,"aire_de_retournement_dfci":null,"gabarit_dfci":null,"impasse_dfci":null,"nature_detaillee_dfci":null,"ouvrage_d_art_limitant_dfci":null,"pente_maximale_dfci":null,"piste_dfci":null,"piste_dfci_debroussaillee":null,"piste_dfci_fosses":null,"sens_de_circulation_dfci":null,"tout_terrain_dfci":null,"vitesse_moyenne_dfci":null,"zone_de_croisement_dfci":null,"categorie_dfci":null,"vitesse_collaborative":null,"id_ban_odonyme_droite":null,"id_ban_odonyme_gauche":null}},{"type":"Feature","id":"troncon_de_route.16728603","geometry":{"type":"LineString","coordinates":[[2.38001572,48.83254598,28.5],[2.37981083,48.83270591,28.6],[2.37954996,48.83276211,28.6],[2.37868791,48.83342407,28.6],[2.37806222,48.83391277,28.6],[2.37799625,48.833961,30],[2.37790984,48.83401001,31.7],[2.37783619,48.83401682,33.1]]},"geometry_name":"geometrie","properties":{"cleabs":"TRONROUT0000002000464598","nature":"Route à 1 chaussée","nom_collaboratif_gauche":"PORT DE LA GARE","nom_collaboratif_droite":"PORT DE LA GARE","importance":"5","fictif":false,"position_par_rapport_au_sol":"0","etat_de_l_objet":"En service","date_creation":"2016-12-05T09:44:52.148Z","date_modification":"2025-12-21T13:09:53.481Z","date_d_apparition":null,"date_de_confirmation":null,"sources":null,"identifiants_sources":null,"methode_d_acquisition_planimetrique":"Orthophotographie","precision_planimetrique":3,"methode_d_acquisition_altimetrique":"Z corrigé","precision_altimetrique":2.5,"nombre_de_voies":2,"largeur_de_chaussee":5,"itineraire_vert":false,"prive":false,"sens_de_circulation":"Double sens","reserve_aux_bus":null,"urbain":true,"vitesse_moyenne_vl":0,"acces_vehicule_leger":"Restreint aux ayants droit","acces_pieton":null,"periode_de_fermeture":null,"nature_de_la_restriction":null,"restriction_de_hauteur":null,"restriction_de_poids_total":null,"restriction_de_poids_par_essieu":null,"restriction_de_largeur":null,"restriction_de_longueur":null,"matieres_dangereuses_interdites":false,"borne_debut_gauche":null,"borne_debut_droite":"2","borne_fin_gauche":null,"borne_fin_droite":"8","insee_commune_gauche":"75113","insee_commune_droite":"75113","alias_gauche":null,"alias_droit":null,"date_de_mise_en_service":null,"liens_vers_route_nommee":null,"liens_vers_itineraire_autre":null,"cpx_numero":null,"cpx_numero_route_europeenne":null,"cpx_classement_administratif":null,"cpx_gestionnaire":null,"cpx_toponyme_route_nommee":null,"cpx_toponyme_itineraire_cyclable":null,"cpx_toponyme_voie_verte":null,"cpx_nature_itineraire_autre":null,"cpx_toponyme_itineraire_autre":null,"delestage":null,"source_voie_ban_gauche":"commune","source_voie_ban_droite":"commune","nom_voie_ban_gauche":"Port de la Gare","nom_voie_ban_droite":"Port de la Gare","lieux_dits_ban_gauche":null,"lieux_dits_ban_droite":null,"identifiant_voie_ban_gauche":"75113_3951","identifiant_voie_ban_droite":"75113_3951","sens_amenagement_cyclable_gauche":null,"sens_amenagement_cyclable_droit":null,"amenagement_cyclable_gauche":null,"amenagement_cyclable_droit":null,"aire_de_retournement_dfci":null,"gabarit_dfci":null,"impasse_dfci":null,"nature_detaillee_dfci":null,"ouvrage_d_art_limitant_dfci":null,"pente_maximale_dfci":null,"piste_dfci":null,"piste_dfci_debroussaillee":null,"piste_dfci_fosses":null,"sens_de_circulation_dfci":null,"tout_terrain_dfci":null,"vitesse_moyenne_dfci":null,"zone_de_croisement_dfci":null,"categorie_dfci":null,"vitesse_collaborative":null,"id_ban_odonyme_droite":null,"id_ban_odonyme_gauche":null}},{"type":"Feature","id":"troncon_de_route.23375","geometry":{"type":"LineString","coordinates":[[2.38714892,48.82916784,32.7],[2.38714611,48.82917502,32.7],[2.38713872,48.82922445,32.7],[2.38712869,48.82926667,32.8],[2.38692525,48.82953814,33.1],[2.38682434,48.82966263,33.1],[2.38673606,48.82975571,33.4],[2.38653238,48.82993184,34.1],[2.38626698,48.83014363,34.9],[2.38588333,48.83044835,35.3],[2.38521501,48.83098004,35.5],[2.38459906,48.83145893,36],[2.38404488,48.83189767,35.6],[2.38356224,48.83227652,35.2],[2.38314962,48.83260895,35.3],[2.38276448,48.83292085,35.5]]},"geometry_name":"geometrie","properties":{"cleabs":"TRONROUT0000000000204890","nature":"Route à 1 chaussée","nom_collaboratif_gauche":null,"nom_collaboratif_droite":null,"importance":"6","fictif":false,"position_par_rapport_au_sol":"0","etat_de_l_objet":"En service","date_creation":"2006-05-22T11:18:11.781Z","date_modification":"2025-12-08T08:40:26.221Z","date_d_apparition":null,"date_de_confirmation":null,"sources":null,"identifiants_sources":null,"methode_d_acquisition_planimetrique":"BDTopo","precision_planimetrique":2.5,"methode_d_acquisition_altimetrique":"BDTopo","precision_altimetrique":1.5,"nombre_de_voies":null,"largeur_de_chaussee":null,"itineraire_vert":false,"prive":false,"sens_de_circulation":"Double sens","reserve_aux_bus":null,"urbain":true,"vitesse_moyenne_vl":0,"acces_vehicule_leger":"Physiquement impossible","acces_pieton":null,"periode_de_fermeture":null,"nature_de_la_restriction":"Piste cyclable","restriction_de_hauteur":null,"restriction_de_poids_total":null,"restriction_de_poids_par_essieu":null,"restriction_de_largeur":null,"restriction_de_longueur":null,"matieres_dangereuses_interdites":false,"borne_debut_gauche":null,"borne_debut_droite":null,"borne_fin_gauche":null,"borne_fin_droite":null,"insee_commune_gauche":"75112","insee_commune_droite":"75112","alias_gauche":null,"alias_droit":null,"date_de_mise_en_service":null,"liens_vers_route_nommee":null,"liens_vers_itineraire_autre":"ITI_AUT_0000002496291173","cpx_numero":null,"cpx_numero_route_europeenne":null,"cpx_classement_administratif":null,"cpx_gestionnaire":null,"cpx_toponyme_route_nommee":null,"cpx_toponyme_itineraire_cyclable":null,"cpx_toponyme_voie_verte":null,"cpx_nature_itineraire_autre":"Itinéraire cyclable","cpx_toponyme_itineraire_autre":"la Scandibérique - Eurovélo 3","delestage":null,"source_voie_ban_gauche":null,"source_voie_ban_droite":null,"nom_voie_ban_gauche":null,"nom_voie_ban_droite":null,"lieux_dits_ban_gauche":null,"lieux_dits_ban_droite":null,"identifiant_voie_ban_gauche":null,"identifiant_voie_ban_droite":null,"sens_amenagement_cyclable_gauche":null,"sens_amenagement_cyclable_droit":null,"amenagement_cyclable_gauche":null,"amenagement_cyclable_droit":null,"aire_de_retournement_dfci":null,"gabarit_dfci":null,"impasse_dfci":null,"nature_detaillee_dfci":null,"ouvrage_d_art_limitant_dfci":null,"pente_maximale_dfci":null,"piste_dfci":null,"piste_dfci_debroussaillee":null,"piste_dfci_fosses":null,"sens_de_circulation_dfci":null,"tout_terrain_dfci":null,"vitesse_moyenne_dfci":null,"zone_de_croisement_dfci":null,"categorie_dfci":null,"vitesse_collaborative":null,"id_ban_odonyme_droite":null,"id_ban_odonyme_gauche":null}},{"type":"Feature","id":"troncon_de_route.13780085","geometry":{"type":"LineString","coordinates":[[2.38196274,48.8337846,30.9],[2.38248669,48.8333709,30.9]]},"geometry_name":"geometrie","properties":{"cleabs":"TRONROUT0000000230033221","nature":"Route à 2 chaussées","nom_collaboratif_gauche":"QU DE BERCY","nom_collaboratif_droite":"QU DE BERCY","importance":"3","fictif":false,"position_par_rapport_au_sol":"-1","etat_de_l_objet":"En service","date_creation":"2010-03-22T12:47:59.156Z","date_modification":"2024-12-14T07:04:06.119Z","date_d_apparition":null,"date_de_confirmation":null,"sources":null,"identifiants_sources":null,"methode_d_acquisition_planimetrique":"Photogrammétrie","precision_planimetrique":2.5,"methode_d_acquisition_altimetrique":"Photogrammétrie","precision_altimetrique":1.5,"nombre_de_voies":3,"largeur_de_chaussee":9,"itineraire_vert":true,"prive":false,"sens_de_circulation":"Sens direct","reserve_aux_bus":null,"urbain":true,"vitesse_moyenne_vl":50,"acces_vehicule_leger":"Libre","acces_pieton":null,"periode_de_fermeture":null,"nature_de_la_restriction":null,"restriction_de_hauteur":4.4,"restriction_de_poids_total":null,"restriction_de_poids_par_essieu":null,"restriction_de_largeur":null,"restriction_de_longueur":null,"matieres_dangereuses_interdites":false,"borne_debut_gauche":null,"borne_debut_droite":null,"borne_fin_gauche":null,"borne_fin_droite":null,"insee_commune_gauche":"75112","insee_commune_droite":"75112","alias_gauche":null,"alias_droit":null,"date_de_mise_en_service":null,"liens_vers_route_nommee":null,"liens_vers_itineraire_autre":null,"cpx_numero":null,"cpx_numero_route_europeenne":null,"cpx_classement_administratif":null,"cpx_gestionnaire":null,"cpx_toponyme_route_nommee":null,"cpx_toponyme_itineraire_cyclable":null,"cpx_toponyme_voie_verte":null,"cpx_nature_itineraire_autre":null,"cpx_toponyme_itineraire_autre":null,"delestage":null,"source_voie_ban_gauche":"commune","source_voie_ban_droite":"commune","nom_voie_ban_gauche":"Quai de Bercy","nom_voie_ban_droite":"Quai de Bercy","lieux_dits_ban_gauche":null,"lieux_dits_ban_droite":null,"identifiant_voie_ban_gauche":"75112_0880","identifiant_voie_ban_droite":"75112_0880","sens_amenagement_cyclable_gauche":null,"sens_amenagement_cyclable_droit":null,"amenagement_cyclable_gauche":null,"amenagement_cyclable_droit":null,"aire_de_retournement_dfci":null,"gabarit_dfci":null,"impasse_dfci":null,"nature_detaillee_dfci":null,"ouvrage_d_art_limitant_dfci":null,"pente_maximale_dfci":null,"piste_dfci":null,"piste_dfci_debroussaillee":null,"piste_dfci_fosses":null,"sens_de_circulation_dfci":null,"tout_terrain_dfci":null,"vitesse_moyenne_dfci":null,"zone_de_croisement_dfci":null,"categorie_dfci":null,"vitesse_collaborative":null,"id_ban_odonyme_droite":null,"id_ban_odonyme_gauche":null}},{"type":"Feature","id":"troncon_de_route.15769547","geometry":{"type":"LineString","coordinates":[[2.38164763,48.8306037,33],[2.381055,48.83106741,33]]},"geometry_name":"geometrie","properties":{"cleabs":"TRONROUT0000000338524403","nature":"Route à 1 chaussée","nom_collaboratif_gauche":null,"nom_collaboratif_droite":null,"importance":"6","fictif":false,"position_par_rapport_au_sol":"0","etat_de_l_objet":"En service","date_creation":"2014-10-07T12:58:05.269Z","date_modification":"2025-03-21T07:23:14.909Z","date_d_apparition":null,"date_de_confirmation":null,"sources":null,"identifiants_sources":null,"methode_d_acquisition_planimetrique":"Fichier numérique non métrique","precision_planimetrique":5,"methode_d_acquisition_altimetrique":"Z corrigé","precision_altimetrique":2.5,"nombre_de_voies":null,"largeur_de_chaussee":null,"itineraire_vert":false,"prive":false,"sens_de_circulation":"Double sens","reserve_aux_bus":null,"urbain":true,"vitesse_moyenne_vl":0,"acces_vehicule_leger":"Physiquement impossible","acces_pieton":null,"periode_de_fermeture":null,"nature_de_la_restriction":"Piste cyclable","restriction_de_hauteur":null,"restriction_de_poids_total":null,"restriction_de_poids_par_essieu":null,"restriction_de_largeur":null,"restriction_de_longueur":null,"matieres_dangereuses_interdites":false,"borne_debut_gauche":null,"borne_debut_droite":null,"borne_fin_gauche":null,"borne_fin_droite":null,"insee_commune_gauche":"75113","insee_commune_droite":"75113","alias_gauche":null,"alias_droit":null,"date_de_mise_en_service":null,"liens_vers_route_nommee":null,"liens_vers_itineraire_autre":null,"cpx_numero":null,"cpx_numero_route_europeenne":null,"cpx_classement_administratif":null,"cpx_gestionnaire":null,"cpx_toponyme_route_nommee":null,"cpx_toponyme_itineraire_cyclable":null,"cpx_toponyme_voie_verte":null,"cpx_nature_itineraire_autre":null,"cpx_toponyme_itineraire_autre":null,"delestage":null,"source_voie_ban_gauche":null,"source_voie_ban_droite":null,"nom_voie_ban_gauche":null,"nom_voie_ban_droite":null,"lieux_dits_ban_gauche":null,"lieux_dits_ban_droite":null,"identifiant_voie_ban_gauche":null,"identifiant_voie_ban_droite":null,"sens_amenagement_cyclable_gauche":null,"sens_amenagement_cyclable_droit":null,"amenagement_cyclable_gauche":null,"amenagement_cyclable_droit":null,"aire_de_retournement_dfci":null,"gabarit_dfci":null,"impasse_dfci":null,"nature_detaillee_dfci":null,"ouvrage_d_art_limitant_dfci":null,"pente_maximale_dfci":null,"piste_dfci":null,"piste_dfci_debroussaillee":null,"piste_dfci_fosses":null,"sens_de_circulation_dfci":null,"tout_terrain_dfci":null,"vitesse_moyenne_dfci":null,"zone_de_croisement_dfci":null,"categorie_dfci":null,"vitesse_collaborative":null,"id_ban_odonyme_droite":null,"id_ban_odonyme_gauche":null}},{"type":"Feature","id":"troncon_de_route.16043401","geometry":{"type":"LineString","coordinates":[[2.38288268,48.83007136,28.5],[2.38199515,48.83082135,28.5],[2.38162395,48.83110723,28.5],[2.38125133,48.83139759,28.5]]},"geometry_name":"geometrie","properties":{"cleabs":"TRONROUT0000000349905627","nature":"Route à 1 chaussée","nom_collaboratif_gauche":"PORT DE TOLBIAC","nom_collaboratif_droite":"PORT DE TOLBIAC","importance":"5","fictif":false,"position_par_rapport_au_sol":"0","etat_de_l_objet":"En service","date_creation":"2015-05-05T13:18:41.839Z","date_modification":"2026-02-14T13:25:26.126Z","date_d_apparition":null,"date_de_confirmation":null,"sources":null,"identifiants_sources":null,"methode_d_acquisition_planimetrique":"Photogrammétrie","precision_planimetrique":2.5,"methode_d_acquisition_altimetrique":"Photogrammétrie","precision_altimetrique":1.5,"nombre_de_voies":2,"largeur_de_chaussee":5,"itineraire_vert":false,"prive":false,"sens_de_circulation":"Double sens","reserve_aux_bus":null,"urbain":true,"vitesse_moyenne_vl":25,"acces_vehicule_leger":"Libre","acces_pieton":null,"periode_de_fermeture":null,"nature_de_la_restriction":null,"restriction_de_hauteur":null,"restriction_de_poids_total":null,"restriction_de_poids_par_essieu":null,"restriction_de_largeur":null,"restriction_de_longueur":null,"matieres_dangereuses_interdites":false,"borne_debut_gauche":null,"borne_debut_droite":"8","borne_fin_gauche":null,"borne_fin_droite":"10","insee_commune_gauche":"75113","insee_commune_droite":"75113","alias_gauche":null,"alias_droit":null,"date_de_mise_en_service":null,"liens_vers_route_nommee":null,"liens_vers_itineraire_autre":null,"cpx_numero":null,"cpx_numero_route_europeenne":null,"cpx_classement_administratif":null,"cpx_gestionnaire":null,"cpx_toponyme_route_nommee":null,"cpx_toponyme_itineraire_cyclable":null,"cpx_toponyme_voie_verte":null,"cpx_nature_itineraire_autre":null,"cpx_toponyme_itineraire_autre":null,"delestage":null,"source_voie_ban_gauche":"commune","source_voie_ban_droite":"commune","nom_voie_ban_gauche":"Port de Tolbiac","nom_voie_ban_droite":"Port de Tolbiac","lieux_dits_ban_gauche":null,"lieux_dits_ban_droite":null,"identifiant_voie_ban_gauche":"75113_9336","identifiant_voie_ban_droite":"75113_9336","sens_amenagement_cyclable_gauche":null,"sens_amenagement_cyclable_droit":null,"amenagement_cyclable_gauche":null,"amenagement_cyclable_droit":null,"aire_de_retournement_dfci":null,"gabarit_dfci":null,"impasse_dfci":null,"nature_detaillee_dfci":null,"ouvrage_d_art_limitant_dfci":null,"pente_maximale_dfci":null,"piste_dfci":null,"piste_dfci_debroussaillee":null,"piste_dfci_fosses":null,"sens_de_circulation_dfci":null,"tout_terrain_dfci":null,"vitesse_moyenne_dfci":null,"zone_de_croisement_dfci":null,"categorie_dfci":null,"vitesse_collaborative":null,"id_ban_odonyme_droite":null,"id_ban_odonyme_gauche":null}},{"type":"Feature","id":"troncon_de_route.20952","geometry":{"type":"LineString","coordinates":[[2.38125605,48.83478733,34.8],[2.38184456,48.8343299,35.3],[2.38214992,48.83408415,35.4],[2.3822752,48.83397328,35.7],[2.38233118,48.83384856,36.2]]},"geometry_name":"geometrie","properties":{"cleabs":"TRONROUT0000000000201826","nature":"Route à 1 chaussée","nom_collaboratif_gauche":"","nom_collaboratif_droite":"","importance":"5","fictif":false,"position_par_rapport_au_sol":"0","etat_de_l_objet":"En service","date_creation":"2006-05-22T11:18:11.781Z","date_modification":"2023-08-27T10:03:02.614Z","date_d_apparition":null,"date_de_confirmation":null,"sources":null,"identifiants_sources":null,"methode_d_acquisition_planimetrique":"BDTopo","precision_planimetrique":2.5,"methode_d_acquisition_altimetrique":"BDTopo","precision_altimetrique":1.5,"nombre_de_voies":1,"largeur_de_chaussee":3,"itineraire_vert":false,"prive":false,"sens_de_circulation":"Sens inverse","reserve_aux_bus":null,"urbain":true,"vitesse_moyenne_vl":25,"acces_vehicule_leger":"Libre","acces_pieton":null,"periode_de_fermeture":null,"nature_de_la_restriction":null,"restriction_de_hauteur":null,"restriction_de_poids_total":null,"restriction_de_poids_par_essieu":null,"restriction_de_largeur":null,"restriction_de_longueur":null,"matieres_dangereuses_interdites":false,"borne_debut_gauche":"","borne_debut_droite":"","borne_fin_gauche":"","borne_fin_droite":"","insee_commune_gauche":"75112","insee_commune_droite":"75112","alias_gauche":"","alias_droit":"","date_de_mise_en_service":null,"liens_vers_route_nommee":"","liens_vers_itineraire_autre":null,"cpx_numero":null,"cpx_numero_route_europeenne":null,"cpx_classement_administratif":null,"cpx_gestionnaire":null,"cpx_toponyme_route_nommee":null,"cpx_toponyme_itineraire_cyclable":null,"cpx_toponyme_voie_verte":null,"cpx_nature_itineraire_autre":null,"cpx_toponyme_itineraire_autre":null,"delestage":null,"source_voie_ban_gauche":null,"source_voie_ban_droite":null,"nom_voie_ban_gauche":null,"nom_voie_ban_droite":null,"lieux_dits_ban_gauche":null,"lieux_dits_ban_droite":null,"identifiant_voie_ban_gauche":null,"identifiant_voie_ban_droite":null,"sens_amenagement_cyclable_gauche":null,"sens_amenagement_cyclable_droit":null,"amenagement_cyclable_gauche":null,"amenagement_cyclable_droit":null,"aire_de_retournement_dfci":null,"gabarit_dfci":null,"impasse_dfci":null,"nature_detaillee_dfci":null,"ouvrage_d_art_limitant_dfci":null,"pente_maximale_dfci":null,"piste_dfci":null,"piste_dfci_debroussaillee":null,"piste_dfci_fosses":null,"sens_de_circulation_dfci":null,"tout_terrain_dfci":null,"vitesse_moyenne_dfci":null,"zone_de_croisement_dfci":null,"categorie_dfci":null,"vitesse_collaborative":null,"id_ban_odonyme_droite":null,"id_ban_odonyme_gauche":null}},{"type":"Feature","id":"troncon_de_route.21617","geometry":{"type":"LineString","coordinates":[[2.3810595,48.83481869,34.3],[2.38094553,48.83489365,34.2],[2.38081532,48.83496043,34.3],[2.38066465,48.835028,34.5],[2.38042628,48.83513919,34.6],[2.38030027,48.83519609,34.8],[2.38009086,48.83527685,34.6]]},"geometry_name":"geometrie","properties":{"cleabs":"TRONROUT0000000000202653","nature":"Route à 2 chaussées","nom_collaboratif_gauche":"QU DE BERCY","nom_collaboratif_droite":"QU DE BERCY","importance":"4","fictif":false,"position_par_rapport_au_sol":"0","etat_de_l_objet":"En service","date_creation":"2006-05-22T11:18:11.781Z","date_modification":"2025-12-31T20:07:17.478Z","date_d_apparition":null,"date_de_confirmation":null,"sources":null,"identifiants_sources":null,"methode_d_acquisition_planimetrique":"BDTopo","precision_planimetrique":2.5,"methode_d_acquisition_altimetrique":"BDTopo","precision_altimetrique":1.5,"nombre_de_voies":2,"largeur_de_chaussee":5,"itineraire_vert":false,"prive":false,"sens_de_circulation":"Sens direct","reserve_aux_bus":null,"urbain":true,"vitesse_moyenne_vl":30,"acces_vehicule_leger":"Libre","acces_pieton":null,"periode_de_fermeture":null,"nature_de_la_restriction":null,"restriction_de_hauteur":null,"restriction_de_poids_total":null,"restriction_de_poids_par_essieu":null,"restriction_de_largeur":null,"restriction_de_longueur":null,"matieres_dangereuses_interdites":false,"borne_debut_gauche":null,"borne_debut_droite":"174","borne_fin_gauche":null,"borne_fin_droite":"182","insee_commune_gauche":"75112","insee_commune_droite":"75112","alias_gauche":null,"alias_droit":null,"date_de_mise_en_service":null,"liens_vers_route_nommee":null,"liens_vers_itineraire_autre":null,"cpx_numero":null,"cpx_numero_route_europeenne":null,"cpx_classement_administratif":null,"cpx_gestionnaire":null,"cpx_toponyme_route_nommee":null,"cpx_toponyme_itineraire_cyclable":null,"cpx_toponyme_voie_verte":null,"cpx_nature_itineraire_autre":null,"cpx_toponyme_itineraire_autre":null,"delestage":null,"source_voie_ban_gauche":"commune","source_voie_ban_droite":"commune","nom_voie_ban_gauche":"Quai de Bercy","nom_voie_ban_droite":"Quai de Bercy","lieux_dits_ban_gauche":null,"lieux_dits_ban_droite":null,"identifiant_voie_ban_gauche":"75112_0880","identifiant_voie_ban_droite":"75112_0880","sens_amenagement_cyclable_gauche":null,"sens_amenagement_cyclable_droit":null,"amenagement_cyclable_gauche":null,"amenagement_cyclable_droit":null,"aire_de_retournement_dfci":null,"gabarit_dfci":null,"impasse_dfci":null,"nature_detaillee_dfci":null,"ouvrage_d_art_limitant_dfci":null,"pente_maximale_dfci":null,"piste_dfci":null,"piste_dfci_debroussaillee":null,"piste_dfci_fosses":null,"sens_de_circulation_dfci":null,"tout_terrain_dfci":null,"vitesse_moyenne_dfci":null,"zone_de_croisement_dfci":null,"categorie_dfci":null,"vitesse_collaborative":null,"id_ban_odonyme_droite":null,"id_ban_odonyme_gauche":null}},{"type":"Feature","id":"troncon_de_route.21620","geometry":{"type":"LineString","coordinates":[[2.3810595,48.83481869,34.3],[2.38125605,48.83478733,34.8]]},"geometry_name":"geometrie","properties":{"cleabs":"TRONROUT0000000000202656","nature":"Route à 1 chaussée","nom_collaboratif_gauche":"","nom_collaboratif_droite":"","importance":"5","fictif":false,"position_par_rapport_au_sol":"0","etat_de_l_objet":"En service","date_creation":"2006-05-22T11:18:11.781Z","date_modification":"2023-08-27T10:03:02.614Z","date_d_apparition":null,"date_de_confirmation":null,"sources":null,"identifiants_sources":null,"methode_d_acquisition_planimetrique":"Levé non GPS","precision_planimetrique":5,"methode_d_acquisition_altimetrique":"Pas de Z","precision_altimetrique":9999,"nombre_de_voies":1,"largeur_de_chaussee":3,"itineraire_vert":false,"prive":false,"sens_de_circulation":"Sens inverse","reserve_aux_bus":null,"urbain":true,"vitesse_moyenne_vl":15,"acces_vehicule_leger":"Libre","acces_pieton":null,"periode_de_fermeture":null,"nature_de_la_restriction":null,"restriction_de_hauteur":null,"restriction_de_poids_total":null,"restriction_de_poids_par_essieu":null,"restriction_de_largeur":null,"restriction_de_longueur":null,"matieres_dangereuses_interdites":false,"borne_debut_gauche":"","borne_debut_droite":"","borne_fin_gauche":"","borne_fin_droite":"","insee_commune_gauche":"75112","insee_commune_droite":"75112","alias_gauche":"","alias_droit":"","date_de_mise_en_service":null,"liens_vers_route_nommee":"","liens_vers_itineraire_autre":null,"cpx_numero":null,"cpx_numero_route_europeenne":null,"cpx_classement_administratif":null,"cpx_gestionnaire":null,"cpx_toponyme_route_nommee":null,"cpx_toponyme_itineraire_cyclable":null,"cpx_toponyme_voie_verte":null,"cpx_nature_itineraire_autre":null,"cpx_toponyme_itineraire_autre":null,"delestage":null,"source_voie_ban_gauche":null,"source_voie_ban_droite":null,"nom_voie_ban_gauche":null,"nom_voie_ban_droite":null,"lieux_dits_ban_gauche":null,"lieux_dits_ban_droite":null,"identifiant_voie_ban_gauche":null,"identifiant_voie_ban_droite":null,"sens_amenagement_cyclable_gauche":null,"sens_amenagement_cyclable_droit":null,"amenagement_cyclable_gauche":null,"amenagement_cyclable_droit":null,"aire_de_retournement_dfci":null,"gabarit_dfci":null,"impasse_dfci":null,"nature_detaillee_dfci":null,"ouvrage_d_art_limitant_dfci":null,"pente_maximale_dfci":null,"piste_dfci":null,"piste_dfci_debroussaillee":null,"piste_dfci_fosses":null,"sens_de_circulation_dfci":null,"tout_terrain_dfci":null,"vitesse_moyenne_dfci":null,"zone_de_croisement_dfci":null,"categorie_dfci":null,"vitesse_collaborative":null,"id_ban_odonyme_droite":null,"id_ban_odonyme_gauche":null}},{"type":"Feature","id":"troncon_de_route.21622","geometry":{"type":"LineString","coordinates":[[2.38217494,48.83473183,30.9],[2.38192987,48.83460375,34.4],[2.38150492,48.83493971,34]]},"geometry_name":"geometrie","properties":{"cleabs":"TRONROUT0000000000202659","nature":"Sentier","nom_collaboratif_gauche":"","nom_collaboratif_droite":"","importance":"6","fictif":false,"position_par_rapport_au_sol":"0","etat_de_l_objet":"En service","date_creation":"2006-05-22T11:18:11.781Z","date_modification":"2023-08-27T10:03:02.614Z","date_d_apparition":null,"date_de_confirmation":null,"sources":null,"identifiants_sources":null,"methode_d_acquisition_planimetrique":"BDTopo","precision_planimetrique":2.5,"methode_d_acquisition_altimetrique":"BDTopo","precision_altimetrique":1.5,"nombre_de_voies":null,"largeur_de_chaussee":null,"itineraire_vert":false,"prive":false,"sens_de_circulation":"Sans objet","reserve_aux_bus":null,"urbain":true,"vitesse_moyenne_vl":0,"acces_vehicule_leger":"Physiquement impossible","acces_pieton":null,"periode_de_fermeture":null,"nature_de_la_restriction":null,"restriction_de_hauteur":null,"restriction_de_poids_total":null,"restriction_de_poids_par_essieu":null,"restriction_de_largeur":null,"restriction_de_longueur":null,"matieres_dangereuses_interdites":false,"borne_debut_gauche":"","borne_debut_droite":"","borne_fin_gauche":"","borne_fin_droite":"","insee_commune_gauche":"75112","insee_commune_droite":"75112","alias_gauche":"","alias_droit":"","date_de_mise_en_service":null,"liens_vers_route_nommee":"","liens_vers_itineraire_autre":null,"cpx_numero":null,"cpx_numero_route_europeenne":null,"cpx_classement_administratif":null,"cpx_gestionnaire":null,"cpx_toponyme_route_nommee":null,"cpx_toponyme_itineraire_cyclable":null,"cpx_toponyme_voie_verte":null,"cpx_nature_itineraire_autre":null,"cpx_toponyme_itineraire_autre":null,"delestage":null,"source_voie_ban_gauche":null,"source_voie_ban_droite":null,"nom_voie_ban_gauche":null,"nom_voie_ban_droite":null,"lieux_dits_ban_gauche":null,"lieux_dits_ban_droite":null,"identifiant_voie_ban_gauche":null,"identifiant_voie_ban_droite":null,"sens_amenagement_cyclable_gauche":null,"sens_amenagement_cyclable_droit":null,"amenagement_cyclable_gauche":null,"amenagement_cyclable_droit":null,"aire_de_retournement_dfci":null,"gabarit_dfci":null,"impasse_dfci":null,"nature_detaillee_dfci":null,"ouvrage_d_art_limitant_dfci":null,"pente_maximale_dfci":null,"piste_dfci":null,"piste_dfci_debroussaillee":null,"piste_dfci_fosses":null,"sens_de_circulation_dfci":null,"tout_terrain_dfci":null,"vitesse_moyenne_dfci":null,"zone_de_croisement_dfci":null,"categorie_dfci":null,"vitesse_collaborative":null,"id_ban_odonyme_droite":null,"id_ban_odonyme_gauche":null}},{"type":"Feature","id":"troncon_de_route.21624","geometry":{"type":"LineString","coordinates":[[2.38217494,48.83473183,30.9],[2.3818682,48.83497937,31.7],[2.38174856,48.83507318,31.5]]},"geometry_name":"geometrie","properties":{"cleabs":"TRONROUT0000000000202661","nature":"Sentier","nom_collaboratif_gauche":"","nom_collaboratif_droite":"","importance":"6","fictif":false,"position_par_rapport_au_sol":"0","etat_de_l_objet":"En service","date_creation":"2006-05-22T11:18:11.781Z","date_modification":"2023-08-27T10:03:02.614Z","date_d_apparition":null,"date_de_confirmation":null,"sources":null,"identifiants_sources":null,"methode_d_acquisition_planimetrique":"BDTopo","precision_planimetrique":2.5,"methode_d_acquisition_altimetrique":"BDTopo","precision_altimetrique":1.5,"nombre_de_voies":null,"largeur_de_chaussee":null,"itineraire_vert":false,"prive":false,"sens_de_circulation":"Sans objet","reserve_aux_bus":null,"urbain":true,"vitesse_moyenne_vl":0,"acces_vehicule_leger":"Physiquement impossible","acces_pieton":null,"periode_de_fermeture":null,"nature_de_la_restriction":null,"restriction_de_hauteur":null,"restriction_de_poids_total":null,"restriction_de_poids_par_essieu":null,"restriction_de_largeur":null,"restriction_de_longueur":null,"matieres_dangereuses_interdites":false,"borne_debut_gauche":"","borne_debut_droite":"","borne_fin_gauche":"","borne_fin_droite":"","insee_commune_gauche":"75112","insee_commune_droite":"75112","alias_gauche":"","alias_droit":"","date_de_mise_en_service":null,"liens_vers_route_nommee":"","liens_vers_itineraire_autre":null,"cpx_numero":null,"cpx_numero_route_europeenne":null,"cpx_classement_administratif":null,"cpx_gestionnaire":null,"cpx_toponyme_route_nommee":null,"cpx_toponyme_itineraire_cyclable":null,"cpx_toponyme_voie_verte":null,"cpx_nature_itineraire_autre":null,"cpx_toponyme_itineraire_autre":null,"delestage":null,"source_voie_ban_gauche":null,"source_voie_ban_droite":null,"nom_voie_ban_gauche":null,"nom_voie_ban_droite":null,"lieux_dits_ban_gauche":null,"lieux_dits_ban_droite":null,"identifiant_voie_ban_gauche":null,"identifiant_voie_ban_droite":null,"sens_amenagement_cyclable_gauche":null,"sens_amenagement_cyclable_droit":null,"amenagement_cyclable_gauche":null,"amenagement_cyclable_droit":null,"aire_de_retournement_dfci":null,"gabarit_dfci":null,"impasse_dfci":null,"nature_detaillee_dfci":null,"ouvrage_d_art_limitant_dfci":null,"pente_maximale_dfci":null,"piste_dfci":null,"piste_dfci_debroussaillee":null,"piste_dfci_fosses":null,"sens_de_circulation_dfci":null,"tout_terrain_dfci":null,"vitesse_moyenne_dfci":null,"zone_de_croisement_dfci":null,"categorie_dfci":null,"vitesse_collaborative":null,"id_ban_odonyme_droite":null,"id_ban_odonyme_gauche":null}},{"type":"Feature","id":"troncon_de_route.21626","geometry":{"type":"LineString","coordinates":[[2.38150492,48.83493971,34],[2.3814375,48.83499513,34],[2.38108679,48.83527391,33.8]]},"geometry_name":"geometrie","properties":{"cleabs":"TRONROUT0000000000202664","nature":"Sentier","nom_collaboratif_gauche":"","nom_collaboratif_droite":"","importance":"6","fictif":false,"position_par_rapport_au_sol":"0","etat_de_l_objet":"En service","date_creation":"2006-05-22T11:18:11.781Z","date_modification":"2023-08-27T10:03:02.614Z","date_d_apparition":null,"date_de_confirmation":null,"sources":null,"identifiants_sources":null,"methode_d_acquisition_planimetrique":"BDTopo","precision_planimetrique":2.5,"methode_d_acquisition_altimetrique":"BDTopo","precision_altimetrique":1.5,"nombre_de_voies":null,"largeur_de_chaussee":null,"itineraire_vert":false,"prive":false,"sens_de_circulation":"Sans objet","reserve_aux_bus":null,"urbain":true,"vitesse_moyenne_vl":0,"acces_vehicule_leger":"Physiquement impossible","acces_pieton":null,"periode_de_fermeture":null,"nature_de_la_restriction":null,"restriction_de_hauteur":null,"restriction_de_poids_total":null,"restriction_de_poids_par_essieu":null,"restriction_de_largeur":null,"restriction_de_longueur":null,"matieres_dangereuses_interdites":false,"borne_debut_gauche":"","borne_debut_droite":"","borne_fin_gauche":"","borne_fin_droite":"","insee_commune_gauche":"75112","insee_commune_droite":"75112","alias_gauche":"","alias_droit":"","date_de_mise_en_service":null,"liens_vers_route_nommee":"","liens_vers_itineraire_autre":null,"cpx_numero":null,"cpx_numero_route_europeenne":null,"cpx_classement_administratif":null,"cpx_gestionnaire":null,"cpx_toponyme_route_nommee":null,"cpx_toponyme_itineraire_cyclable":null,"cpx_toponyme_voie_verte":null,"cpx_nature_itineraire_autre":null,"cpx_toponyme_itineraire_autre":null,"delestage":null,"source_voie_ban_gauche":null,"source_voie_ban_droite":null,"nom_voie_ban_gauche":null,"nom_voie_ban_droite":null,"lieux_dits_ban_gauche":null,"lieux_dits_ban_droite":null,"identifiant_voie_ban_gauche":null,"identifiant_voie_ban_droite":null,"sens_amenagement_cyclable_gauche":null,"sens_amenagement_cyclable_droit":null,"amenagement_cyclable_gauche":null,"amenagement_cyclable_droit":null,"aire_de_retournement_dfci":null,"gabarit_dfci":null,"impasse_dfci":null,"nature_detaillee_dfci":null,"ouvrage_d_art_limitant_dfci":null,"pente_maximale_dfci":null,"piste_dfci":null,"piste_dfci_debroussaillee":null,"piste_dfci_fosses":null,"sens_de_circulation_dfci":null,"tout_terrain_dfci":null,"vitesse_moyenne_dfci":null,"zone_de_croisement_dfci":null,"categorie_dfci":null,"vitesse_collaborative":null,"id_ban_odonyme_droite":null,"id_ban_odonyme_gauche":null}},{"type":"Feature","id":"troncon_de_route.21628","geometry":{"type":"LineString","coordinates":[[2.3830789,48.83467084,32.4],[2.38281213,48.83487991,32.2],[2.38265259,48.8350068,31.9]]},"geometry_name":"geometrie","properties":{"cleabs":"TRONROUT0000000000202666","nature":"Sentier","nom_collaboratif_gauche":null,"nom_collaboratif_droite":null,"importance":"6","fictif":false,"position_par_rapport_au_sol":"0","etat_de_l_objet":"En service","date_creation":"2006-05-22T11:18:11.781Z","date_modification":"2024-09-27T19:22:29.786Z","date_d_apparition":null,"date_de_confirmation":null,"sources":null,"identifiants_sources":null,"methode_d_acquisition_planimetrique":"BDTopo","precision_planimetrique":2.5,"methode_d_acquisition_altimetrique":"BDTopo","precision_altimetrique":1.5,"nombre_de_voies":null,"largeur_de_chaussee":null,"itineraire_vert":false,"prive":false,"sens_de_circulation":"Sans objet","reserve_aux_bus":null,"urbain":true,"vitesse_moyenne_vl":0,"acces_vehicule_leger":"Physiquement impossible","acces_pieton":null,"periode_de_fermeture":null,"nature_de_la_restriction":null,"restriction_de_hauteur":null,"restriction_de_poids_total":null,"restriction_de_poids_par_essieu":null,"restriction_de_largeur":null,"restriction_de_longueur":null,"matieres_dangereuses_interdites":false,"borne_debut_gauche":null,"borne_debut_droite":null,"borne_fin_gauche":null,"borne_fin_droite":null,"insee_commune_gauche":"75112","insee_commune_droite":"75112","alias_gauche":null,"alias_droit":null,"date_de_mise_en_service":null,"liens_vers_route_nommee":null,"liens_vers_itineraire_autre":null,"cpx_numero":null,"cpx_numero_route_europeenne":null,"cpx_classement_administratif":null,"cpx_gestionnaire":null,"cpx_toponyme_route_nommee":null,"cpx_toponyme_itineraire_cyclable":null,"cpx_toponyme_voie_verte":null,"cpx_nature_itineraire_autre":null,"cpx_toponyme_itineraire_autre":null,"delestage":null,"source_voie_ban_gauche":null,"source_voie_ban_droite":null,"nom_voie_ban_gauche":null,"nom_voie_ban_droite":null,"lieux_dits_ban_gauche":null,"lieux_dits_ban_droite":null,"identifiant_voie_ban_gauche":null,"identifiant_voie_ban_droite":null,"sens_amenagement_cyclable_gauche":null,"sens_amenagement_cyclable_droit":null,"amenagement_cyclable_gauche":null,"amenagement_cyclable_droit":null,"aire_de_retournement_dfci":null,"gabarit_dfci":null,"impasse_dfci":null,"nature_detaillee_dfci":null,"ouvrage_d_art_limitant_dfci":null,"pente_maximale_dfci":null,"piste_dfci":null,"piste_dfci_debroussaillee":null,"piste_dfci_fosses":null,"sens_de_circulation_dfci":null,"tout_terrain_dfci":null,"vitesse_moyenne_dfci":null,"zone_de_croisement_dfci":null,"categorie_dfci":null,"vitesse_collaborative":null,"id_ban_odonyme_droite":null,"id_ban_odonyme_gauche":null}},{"type":"Feature","id":"troncon_de_route.21629","geometry":{"type":"LineString","coordinates":[[2.38174856,48.83507318,31.5],[2.38150492,48.83493971,34]]},"geometry_name":"geometrie","properties":{"cleabs":"TRONROUT0000000000202667","nature":"Sentier","nom_collaboratif_gauche":"","nom_collaboratif_droite":"","importance":"6","fictif":false,"position_par_rapport_au_sol":"0","etat_de_l_objet":"En service","date_creation":"2006-05-22T11:18:11.781Z","date_modification":"2023-08-27T10:03:02.614Z","date_d_apparition":null,"date_de_confirmation":null,"sources":null,"identifiants_sources":null,"methode_d_acquisition_planimetrique":"BDTopo","precision_planimetrique":2.5,"methode_d_acquisition_altimetrique":"BDTopo","precision_altimetrique":1.5,"nombre_de_voies":null,"largeur_de_chaussee":null,"itineraire_vert":false,"prive":false,"sens_de_circulation":"Sans objet","reserve_aux_bus":null,"urbain":true,"vitesse_moyenne_vl":0,"acces_vehicule_leger":"Physiquement impossible","acces_pieton":null,"periode_de_fermeture":null,"nature_de_la_restriction":null,"restriction_de_hauteur":null,"restriction_de_poids_total":null,"restriction_de_poids_par_essieu":null,"restriction_de_largeur":null,"restriction_de_longueur":null,"matieres_dangereuses_interdites":false,"borne_debut_gauche":"","borne_debut_droite":"","borne_fin_gauche":"","borne_fin_droite":"","insee_commune_gauche":"75112","insee_commune_droite":"75112","alias_gauche":"","alias_droit":"","date_de_mise_en_service":null,"liens_vers_route_nommee":"","liens_vers_itineraire_autre":null,"cpx_numero":null,"cpx_numero_route_europeenne":null,"cpx_classement_administratif":null,"cpx_gestionnaire":null,"cpx_toponyme_route_nommee":null,"cpx_toponyme_itineraire_cyclable":null,"cpx_toponyme_voie_verte":null,"cpx_nature_itineraire_autre":null,"cpx_toponyme_itineraire_autre":null,"delestage":null,"source_voie_ban_gauche":null,"source_voie_ban_droite":null,"nom_voie_ban_gauche":null,"nom_voie_ban_droite":null,"lieux_dits_ban_gauche":null,"lieux_dits_ban_droite":null,"identifiant_voie_ban_gauche":null,"identifiant_voie_ban_droite":null,"sens_amenagement_cyclable_gauche":null,"sens_amenagement_cyclable_droit":null,"amenagement_cyclable_gauche":null,"amenagement_cyclable_droit":null,"aire_de_retournement_dfci":null,"gabarit_dfci":null,"impasse_dfci":null,"nature_detaillee_dfci":null,"ouvrage_d_art_limitant_dfci":null,"pente_maximale_dfci":null,"piste_dfci":null,"piste_dfci_debroussaillee":null,"piste_dfci_fosses":null,"sens_de_circulation_dfci":null,"tout_terrain_dfci":null,"vitesse_moyenne_dfci":null,"zone_de_croisement_dfci":null,"categorie_dfci":null,"vitesse_collaborative":null,"id_ban_odonyme_droite":null,"id_ban_odonyme_gauche":null}},{"type":"Feature","id":"troncon_de_route.21633","geometry":{"type":"LineString","coordinates":[[2.38233595,48.83482529,31.2],[2.38217494,48.83473183,30.9]]},"geometry_name":"geometrie","properties":{"cleabs":"TRONROUT0000000000202671","nature":"Sentier","nom_collaboratif_gauche":"","nom_collaboratif_droite":"","importance":"6","fictif":false,"position_par_rapport_au_sol":"0","etat_de_l_objet":"En service","date_creation":"2006-05-22T11:18:11.781Z","date_modification":"2023-08-27T10:03:02.614Z","date_d_apparition":null,"date_de_confirmation":null,"sources":null,"identifiants_sources":null,"methode_d_acquisition_planimetrique":"BDTopo","precision_planimetrique":2.5,"methode_d_acquisition_altimetrique":"BDTopo","precision_altimetrique":1.5,"nombre_de_voies":null,"largeur_de_chaussee":null,"itineraire_vert":false,"prive":false,"sens_de_circulation":"Sans objet","reserve_aux_bus":null,"urbain":true,"vitesse_moyenne_vl":0,"acces_vehicule_leger":"Physiquement impossible","acces_pieton":null,"periode_de_fermeture":null,"nature_de_la_restriction":null,"restriction_de_hauteur":null,"restriction_de_poids_total":null,"restriction_de_poids_par_essieu":null,"restriction_de_largeur":null,"restriction_de_longueur":null,"matieres_dangereuses_interdites":false,"borne_debut_gauche":"","borne_debut_droite":"","borne_fin_gauche":"","borne_fin_droite":"","insee_commune_gauche":"75112","insee_commune_droite":"75112","alias_gauche":"","alias_droit":"","date_de_mise_en_service":null,"liens_vers_route_nommee":"","liens_vers_itineraire_autre":null,"cpx_numero":null,"cpx_numero_route_europeenne":null,"cpx_classement_administratif":null,"cpx_gestionnaire":null,"cpx_toponyme_route_nommee":null,"cpx_toponyme_itineraire_cyclable":null,"cpx_toponyme_voie_verte":null,"cpx_nature_itineraire_autre":null,"cpx_toponyme_itineraire_autre":null,"delestage":null,"source_voie_ban_gauche":null,"source_voie_ban_droite":null,"nom_voie_ban_gauche":null,"nom_voie_ban_droite":null,"lieux_dits_ban_gauche":null,"lieux_dits_ban_droite":null,"identifiant_voie_ban_gauche":null,"identifiant_voie_ban_droite":null,"sens_amenagement_cyclable_gauche":null,"sens_amenagement_cyclable_droit":null,"amenagement_cyclable_gauche":null,"amenagement_cyclable_droit":null,"aire_de_retournement_dfci":null,"gabarit_dfci":null,"impasse_dfci":null,"nature_detaillee_dfci":null,"ouvrage_d_art_limitant_dfci":null,"pente_maximale_dfci":null,"piste_dfci":null,"piste_dfci_debroussaillee":null,"piste_dfci_fosses":null,"sens_de_circulation_dfci":null,"tout_terrain_dfci":null,"vitesse_moyenne_dfci":null,"zone_de_croisement_dfci":null,"categorie_dfci":null,"vitesse_collaborative":null,"id_ban_odonyme_droite":null,"id_ban_odonyme_gauche":null}},{"type":"Feature","id":"troncon_de_route.21640","geometry":{"type":"LineString","coordinates":[[2.38143926,48.83404361,35.1],[2.38107348,48.83432951,35.1],[2.38071172,48.83462083,35],[2.38046436,48.83480122,34.9],[2.38025479,48.83501059,35]]},"geometry_name":"geometrie","properties":{"cleabs":"TRONROUT0000000000202678","nature":"Route à 2 chaussées","nom_collaboratif_gauche":"QU DE BERCY","nom_collaboratif_droite":"QU DE BERCY","importance":"4","fictif":false,"position_par_rapport_au_sol":"0","etat_de_l_objet":"En service","date_creation":"2006-05-22T11:18:11.781Z","date_modification":"2025-09-19T09:36:09.262Z","date_d_apparition":null,"date_de_confirmation":null,"sources":null,"identifiants_sources":null,"methode_d_acquisition_planimetrique":"BDTopo","precision_planimetrique":2.5,"methode_d_acquisition_altimetrique":"BDTopo","precision_altimetrique":1.5,"nombre_de_voies":2,"largeur_de_chaussee":7,"itineraire_vert":false,"prive":false,"sens_de_circulation":"Sens inverse","reserve_aux_bus":null,"urbain":true,"vitesse_moyenne_vl":30,"acces_vehicule_leger":"Libre","acces_pieton":null,"periode_de_fermeture":null,"nature_de_la_restriction":null,"restriction_de_hauteur":null,"restriction_de_poids_total":null,"restriction_de_poids_par_essieu":null,"restriction_de_largeur":null,"restriction_de_longueur":null,"matieres_dangereuses_interdites":false,"borne_debut_gauche":null,"borne_debut_droite":null,"borne_fin_gauche":null,"borne_fin_droite":null,"insee_commune_gauche":"75112","insee_commune_droite":"75112","alias_gauche":null,"alias_droit":null,"date_de_mise_en_service":null,"liens_vers_route_nommee":null,"liens_vers_itineraire_autre":null,"cpx_numero":null,"cpx_numero_route_europeenne":null,"cpx_classement_administratif":null,"cpx_gestionnaire":null,"cpx_toponyme_route_nommee":null,"cpx_toponyme_itineraire_cyclable":null,"cpx_toponyme_voie_verte":null,"cpx_nature_itineraire_autre":null,"cpx_toponyme_itineraire_autre":null,"delestage":null,"source_voie_ban_gauche":"commune","source_voie_ban_droite":"commune","nom_voie_ban_gauche":"Quai de Bercy","nom_voie_ban_droite":"Quai de Bercy","lieux_dits_ban_gauche":null,"lieux_dits_ban_droite":null,"identifiant_voie_ban_gauche":"75112_0880","identifiant_voie_ban_droite":"75112_0880","sens_amenagement_cyclable_gauche":null,"sens_amenagement_cyclable_droit":null,"amenagement_cyclable_gauche":null,"amenagement_cyclable_droit":null,"aire_de_retournement_dfci":null,"gabarit_dfci":null,"impasse_dfci":null,"nature_detaillee_dfci":null,"ouvrage_d_art_limitant_dfci":null,"pente_maximale_dfci":null,"piste_dfci":null,"piste_dfci_debroussaillee":null,"piste_dfci_fosses":null,"sens_de_circulation_dfci":null,"tout_terrain_dfci":null,"vitesse_moyenne_dfci":null,"zone_de_croisement_dfci":null,"categorie_dfci":null,"vitesse_collaborative":null,"id_ban_odonyme_droite":null,"id_ban_odonyme_gauche":null}},{"type":"Feature","id":"troncon_de_route.21641","geometry":{"type":"LineString","coordinates":[[2.38242858,48.83402084,39.9],[2.38243,48.83401635,39.9],[2.38245792,48.83395983,40]]},"geometry_name":"geometrie","properties":{"cleabs":"TRONROUT0000000000202679","nature":"Sentier","nom_collaboratif_gauche":null,"nom_collaboratif_droite":null,"importance":"6","fictif":false,"position_par_rapport_au_sol":"1","etat_de_l_objet":"En service","date_creation":"2006-05-22T11:18:11.781Z","date_modification":"2026-04-22T09:13:43.429Z","date_d_apparition":null,"date_de_confirmation":null,"sources":null,"identifiants_sources":null,"methode_d_acquisition_planimetrique":"BDTopo","precision_planimetrique":2.5,"methode_d_acquisition_altimetrique":"BDTopo","precision_altimetrique":1.5,"nombre_de_voies":null,"largeur_de_chaussee":null,"itineraire_vert":false,"prive":false,"sens_de_circulation":"Sans objet","reserve_aux_bus":null,"urbain":true,"vitesse_moyenne_vl":0,"acces_vehicule_leger":"Physiquement impossible","acces_pieton":null,"periode_de_fermeture":null,"nature_de_la_restriction":null,"restriction_de_hauteur":null,"restriction_de_poids_total":null,"restriction_de_poids_par_essieu":null,"restriction_de_largeur":null,"restriction_de_longueur":null,"matieres_dangereuses_interdites":false,"borne_debut_gauche":null,"borne_debut_droite":null,"borne_fin_gauche":null,"borne_fin_droite":null,"insee_commune_gauche":"75112","insee_commune_droite":"75112","alias_gauche":null,"alias_droit":null,"date_de_mise_en_service":null,"liens_vers_route_nommee":null,"liens_vers_itineraire_autre":null,"cpx_numero":null,"cpx_numero_route_europeenne":null,"cpx_classement_administratif":null,"cpx_gestionnaire":null,"cpx_toponyme_route_nommee":null,"cpx_toponyme_itineraire_cyclable":null,"cpx_toponyme_voie_verte":null,"cpx_nature_itineraire_autre":null,"cpx_toponyme_itineraire_autre":null,"delestage":null,"source_voie_ban_gauche":null,"source_voie_ban_droite":null,"nom_voie_ban_gauche":null,"nom_voie_ban_droite":null,"lieux_dits_ban_gauche":null,"lieux_dits_ban_droite":null,"identifiant_voie_ban_gauche":null,"identifiant_voie_ban_droite":null,"sens_amenagement_cyclable_gauche":null,"sens_amenagement_cyclable_droit":null,"amenagement_cyclable_gauche":null,"amenagement_cyclable_droit":null,"aire_de_retournement_dfci":null,"gabarit_dfci":null,"impasse_dfci":null,"nature_detaillee_dfci":null,"ouvrage_d_art_limitant_dfci":null,"pente_maximale_dfci":null,"piste_dfci":null,"piste_dfci_debroussaillee":null,"piste_dfci_fosses":null,"sens_de_circulation_dfci":null,"tout_terrain_dfci":null,"vitesse_moyenne_dfci":null,"zone_de_croisement_dfci":null,"categorie_dfci":null,"vitesse_collaborative":null,"id_ban_odonyme_droite":null,"id_ban_odonyme_gauche":null}},{"type":"Feature","id":"troncon_de_route.21642","geometry":{"type":"LineString","coordinates":[[2.38287222,48.83417692,31.6],[2.38259716,48.83439584,31.9],[2.38243077,48.83452629,31.7],[2.38231663,48.83461654,31.7],[2.38217494,48.83473183,30.9]]},"geometry_name":"geometrie","properties":{"cleabs":"TRONROUT0000000000202680","nature":"Sentier","nom_collaboratif_gauche":"","nom_collaboratif_droite":"","importance":"6","fictif":false,"position_par_rapport_au_sol":"0","etat_de_l_objet":"En service","date_creation":"2006-05-22T11:18:11.781Z","date_modification":"2023-08-27T10:03:02.614Z","date_d_apparition":null,"date_de_confirmation":null,"sources":null,"identifiants_sources":null,"methode_d_acquisition_planimetrique":"BDTopo","precision_planimetrique":2.5,"methode_d_acquisition_altimetrique":"BDTopo","precision_altimetrique":1.5,"nombre_de_voies":null,"largeur_de_chaussee":null,"itineraire_vert":false,"prive":false,"sens_de_circulation":"Sans objet","reserve_aux_bus":null,"urbain":true,"vitesse_moyenne_vl":0,"acces_vehicule_leger":"Physiquement impossible","acces_pieton":null,"periode_de_fermeture":null,"nature_de_la_restriction":null,"restriction_de_hauteur":null,"restriction_de_poids_total":null,"restriction_de_poids_par_essieu":null,"restriction_de_largeur":null,"restriction_de_longueur":null,"matieres_dangereuses_interdites":false,"borne_debut_gauche":"","borne_debut_droite":"","borne_fin_gauche":"","borne_fin_droite":"","insee_commune_gauche":"75112","insee_commune_droite":"75112","alias_gauche":"","alias_droit":"","date_de_mise_en_service":null,"liens_vers_route_nommee":"","liens_vers_itineraire_autre":null,"cpx_numero":null,"cpx_numero_route_europeenne":null,"cpx_classement_administratif":null,"cpx_gestionnaire":null,"cpx_toponyme_route_nommee":null,"cpx_toponyme_itineraire_cyclable":null,"cpx_toponyme_voie_verte":null,"cpx_nature_itineraire_autre":null,"cpx_toponyme_itineraire_autre":null,"delestage":null,"source_voie_ban_gauche":null,"source_voie_ban_droite":null,"nom_voie_ban_gauche":null,"nom_voie_ban_droite":null,"lieux_dits_ban_gauche":null,"lieux_dits_ban_droite":null,"identifiant_voie_ban_gauche":null,"identifiant_voie_ban_droite":null,"sens_amenagement_cyclable_gauche":null,"sens_amenagement_cyclable_droit":null,"amenagement_cyclable_gauche":null,"amenagement_cyclable_droit":null,"aire_de_retournement_dfci":null,"gabarit_dfci":null,"impasse_dfci":null,"nature_detaillee_dfci":null,"ouvrage_d_art_limitant_dfci":null,"pente_maximale_dfci":null,"piste_dfci":null,"piste_dfci_debroussaillee":null,"piste_dfci_fosses":null,"sens_de_circulation_dfci":null,"tout_terrain_dfci":null,"vitesse_moyenne_dfci":null,"zone_de_croisement_dfci":null,"categorie_dfci":null,"vitesse_collaborative":null,"id_ban_odonyme_droite":null,"id_ban_odonyme_gauche":null}},{"type":"Feature","id":"troncon_de_route.21643","geometry":{"type":"LineString","coordinates":[[2.38143926,48.83404361,35.1],[2.38137419,48.83401629,35.3]]},"geometry_name":"geometrie","properties":{"cleabs":"TRONROUT0000000000202681","nature":"Route à 1 chaussée","nom_collaboratif_gauche":"PORT DE BERCY","nom_collaboratif_droite":"PORT DE BERCY","importance":"5","fictif":false,"position_par_rapport_au_sol":"0","etat_de_l_objet":"En service","date_creation":"2006-05-22T11:18:11.781Z","date_modification":"2024-12-14T07:04:06.119Z","date_d_apparition":null,"date_de_confirmation":null,"sources":null,"identifiants_sources":null,"methode_d_acquisition_planimetrique":"BDTopo","precision_planimetrique":2.5,"methode_d_acquisition_altimetrique":"BDTopo","precision_altimetrique":1.5,"nombre_de_voies":1,"largeur_de_chaussee":3,"itineraire_vert":false,"prive":false,"sens_de_circulation":"Sens inverse","reserve_aux_bus":null,"urbain":true,"vitesse_moyenne_vl":0,"acces_vehicule_leger":"Restreint aux ayants droit","acces_pieton":null,"periode_de_fermeture":null,"nature_de_la_restriction":null,"restriction_de_hauteur":null,"restriction_de_poids_total":null,"restriction_de_poids_par_essieu":null,"restriction_de_largeur":null,"restriction_de_longueur":null,"matieres_dangereuses_interdites":false,"borne_debut_gauche":"","borne_debut_droite":"","borne_fin_gauche":"","borne_fin_droite":"","insee_commune_gauche":"75112","insee_commune_droite":"75112","alias_gauche":"","alias_droit":"","date_de_mise_en_service":null,"liens_vers_route_nommee":"","liens_vers_itineraire_autre":null,"cpx_numero":null,"cpx_numero_route_europeenne":null,"cpx_classement_administratif":null,"cpx_gestionnaire":null,"cpx_toponyme_route_nommee":null,"cpx_toponyme_itineraire_cyclable":null,"cpx_toponyme_voie_verte":null,"cpx_nature_itineraire_autre":null,"cpx_toponyme_itineraire_autre":null,"delestage":null,"source_voie_ban_gauche":null,"source_voie_ban_droite":null,"nom_voie_ban_gauche":null,"nom_voie_ban_droite":null,"lieux_dits_ban_gauche":null,"lieux_dits_ban_droite":null,"identifiant_voie_ban_gauche":null,"identifiant_voie_ban_droite":null,"sens_amenagement_cyclable_gauche":null,"sens_amenagement_cyclable_droit":null,"amenagement_cyclable_gauche":null,"amenagement_cyclable_droit":null,"aire_de_retournement_dfci":null,"gabarit_dfci":null,"impasse_dfci":null,"nature_detaillee_dfci":null,"ouvrage_d_art_limitant_dfci":null,"pente_maximale_dfci":null,"piste_dfci":null,"piste_dfci_debroussaillee":null,"piste_dfci_fosses":null,"sens_de_circulation_dfci":null,"tout_terrain_dfci":null,"vitesse_moyenne_dfci":null,"zone_de_croisement_dfci":null,"categorie_dfci":null,"vitesse_collaborative":null,"id_ban_odonyme_droite":null,"id_ban_odonyme_gauche":null}},{"type":"Feature","id":"troncon_de_route.21647","geometry":{"type":"LineString","coordinates":[[2.38000394,48.83594193,40],[2.38009603,48.83587316,40],[2.38065717,48.83542818,39.9],[2.38067367,48.83541567,39.9],[2.38137238,48.83485719,39.8],[2.38239284,48.83404853,39.8],[2.38240797,48.83403602,39.8],[2.38242858,48.83402084,39.9]]},"geometry_name":"geometrie","properties":{"cleabs":"TRONROUT0000000000202689","nature":"Sentier","nom_collaboratif_gauche":null,"nom_collaboratif_droite":null,"importance":"6","fictif":false,"position_par_rapport_au_sol":"1","etat_de_l_objet":"En service","date_creation":"2006-05-22T11:18:11.781Z","date_modification":"2026-04-22T09:13:41.559Z","date_d_apparition":null,"date_de_confirmation":null,"sources":null,"identifiants_sources":null,"methode_d_acquisition_planimetrique":"BDTopo","precision_planimetrique":2.5,"methode_d_acquisition_altimetrique":"BDTopo","precision_altimetrique":1.5,"nombre_de_voies":null,"largeur_de_chaussee":null,"itineraire_vert":false,"prive":false,"sens_de_circulation":"Sans objet","reserve_aux_bus":null,"urbain":true,"vitesse_moyenne_vl":0,"acces_vehicule_leger":"Physiquement impossible","acces_pieton":null,"periode_de_fermeture":null,"nature_de_la_restriction":null,"restriction_de_hauteur":null,"restriction_de_poids_total":null,"restriction_de_poids_par_essieu":null,"restriction_de_largeur":null,"restriction_de_longueur":null,"matieres_dangereuses_interdites":false,"borne_debut_gauche":null,"borne_debut_droite":null,"borne_fin_gauche":null,"borne_fin_droite":null,"insee_commune_gauche":"75112","insee_commune_droite":"75112","alias_gauche":null,"alias_droit":null,"date_de_mise_en_service":null,"liens_vers_route_nommee":null,"liens_vers_itineraire_autre":null,"cpx_numero":null,"cpx_numero_route_europeenne":null,"cpx_classement_administratif":null,"cpx_gestionnaire":null,"cpx_toponyme_route_nommee":null,"cpx_toponyme_itineraire_cyclable":null,"cpx_toponyme_voie_verte":null,"cpx_nature_itineraire_autre":null,"cpx_toponyme_itineraire_autre":null,"delestage":null,"source_voie_ban_gauche":null,"source_voie_ban_droite":null,"nom_voie_ban_gauche":null,"nom_voie_ban_droite":null,"lieux_dits_ban_gauche":null,"lieux_dits_ban_droite":null,"identifiant_voie_ban_gauche":null,"identifiant_voie_ban_droite":null,"sens_amenagement_cyclable_gauche":null,"sens_amenagement_cyclable_droit":null,"amenagement_cyclable_gauche":null,"amenagement_cyclable_droit":null,"aire_de_retournement_dfci":null,"gabarit_dfci":null,"impasse_dfci":null,"nature_detaillee_dfci":null,"ouvrage_d_art_limitant_dfci":null,"pente_maximale_dfci":null,"piste_dfci":null,"piste_dfci_debroussaillee":null,"piste_dfci_fosses":null,"sens_de_circulation_dfci":null,"tout_terrain_dfci":null,"vitesse_moyenne_dfci":null,"zone_de_croisement_dfci":null,"categorie_dfci":null,"vitesse_collaborative":null,"id_ban_odonyme_droite":null,"id_ban_odonyme_gauche":null}},{"type":"Feature","id":"troncon_de_route.22265","geometry":{"type":"LineString","coordinates":[[2.38283335,48.83366318,40.3],[2.38291821,48.83362944,40.1]]},"geometry_name":"geometrie","properties":{"cleabs":"TRONROUT0000000000203507","nature":"Sentier","nom_collaboratif_gauche":null,"nom_collaboratif_droite":null,"importance":"6","fictif":false,"position_par_rapport_au_sol":"0","etat_de_l_objet":"En service","date_creation":"2006-05-22T11:18:11.781Z","date_modification":"2024-04-26T21:52:49.141Z","date_d_apparition":null,"date_de_confirmation":null,"sources":null,"identifiants_sources":null,"methode_d_acquisition_planimetrique":"BDTopo","precision_planimetrique":2.5,"methode_d_acquisition_altimetrique":"BDTopo","precision_altimetrique":1.5,"nombre_de_voies":null,"largeur_de_chaussee":null,"itineraire_vert":false,"prive":false,"sens_de_circulation":"Sans objet","reserve_aux_bus":null,"urbain":true,"vitesse_moyenne_vl":0,"acces_vehicule_leger":"Physiquement impossible","acces_pieton":null,"periode_de_fermeture":null,"nature_de_la_restriction":null,"restriction_de_hauteur":null,"restriction_de_poids_total":null,"restriction_de_poids_par_essieu":null,"restriction_de_largeur":null,"restriction_de_longueur":null,"matieres_dangereuses_interdites":false,"borne_debut_gauche":null,"borne_debut_droite":null,"borne_fin_gauche":null,"borne_fin_droite":null,"insee_commune_gauche":"75112","insee_commune_droite":"75112","alias_gauche":null,"alias_droit":null,"date_de_mise_en_service":null,"liens_vers_route_nommee":null,"liens_vers_itineraire_autre":null,"cpx_numero":null,"cpx_numero_route_europeenne":null,"cpx_classement_administratif":null,"cpx_gestionnaire":null,"cpx_toponyme_route_nommee":null,"cpx_toponyme_itineraire_cyclable":null,"cpx_toponyme_voie_verte":null,"cpx_nature_itineraire_autre":null,"cpx_toponyme_itineraire_autre":null,"delestage":null,"source_voie_ban_gauche":null,"source_voie_ban_droite":null,"nom_voie_ban_gauche":null,"nom_voie_ban_droite":null,"lieux_dits_ban_gauche":null,"lieux_dits_ban_droite":null,"identifiant_voie_ban_gauche":null,"identifiant_voie_ban_droite":null,"sens_amenagement_cyclable_gauche":null,"sens_amenagement_cyclable_droit":null,"amenagement_cyclable_gauche":null,"amenagement_cyclable_droit":null,"aire_de_retournement_dfci":null,"gabarit_dfci":null,"impasse_dfci":null,"nature_detaillee_dfci":null,"ouvrage_d_art_limitant_dfci":null,"pente_maximale_dfci":null,"piste_dfci":null,"piste_dfci_debroussaillee":null,"piste_dfci_fosses":null,"sens_de_circulation_dfci":null,"tout_terrain_dfci":null,"vitesse_moyenne_dfci":null,"zone_de_croisement_dfci":null,"categorie_dfci":null,"vitesse_collaborative":null,"id_ban_odonyme_droite":null,"id_ban_odonyme_gauche":null}},{"type":"Feature","id":"troncon_de_route.22276","geometry":{"type":"LineString","coordinates":[[2.38064006,48.83446037,31.1],[2.38060224,48.8344332,30.8],[2.38058362,48.83439533,30.8],[2.38057719,48.83436292,30.8],[2.38060506,48.8343109,30.8],[2.38067514,48.83426,30.7],[2.38080714,48.83415815,30.7],[2.3812019,48.83384002,30.4],[2.38155126,48.83355943,29],[2.38169981,48.83344058,28.8],[2.38199419,48.83320017,28.8],[2.38216883,48.83306347,29.1],[2.382503,48.83279898,29.8],[2.38274369,48.83260596,29.9],[2.3830118,48.83239779,30.4],[2.38309562,48.83233707,30.6],[2.38314896,48.83231935,30.8],[2.38321715,48.83231341,30.8],[2.38324707,48.83231716,30.9],[2.38332027,48.83234812,31]]},"geometry_name":"geometrie","properties":{"cleabs":"TRONROUT0000000000203521","nature":"Route à 1 chaussée","nom_collaboratif_gauche":"PORT DE BERCY","nom_collaboratif_droite":"PORT DE BERCY","importance":"5","fictif":false,"position_par_rapport_au_sol":"0","etat_de_l_objet":"En service","date_creation":"2006-05-22T11:18:11.781Z","date_modification":"2024-12-14T07:04:06.119Z","date_d_apparition":null,"date_de_confirmation":null,"sources":null,"identifiants_sources":null,"methode_d_acquisition_planimetrique":"BDTopo","precision_planimetrique":2.5,"methode_d_acquisition_altimetrique":"BDTopo","precision_altimetrique":1.5,"nombre_de_voies":2,"largeur_de_chaussee":5,"itineraire_vert":false,"prive":false,"sens_de_circulation":"Double sens","reserve_aux_bus":null,"urbain":true,"vitesse_moyenne_vl":0,"acces_vehicule_leger":"Restreint aux ayants droit","acces_pieton":null,"periode_de_fermeture":null,"nature_de_la_restriction":null,"restriction_de_hauteur":null,"restriction_de_poids_total":null,"restriction_de_poids_par_essieu":null,"restriction_de_largeur":null,"restriction_de_longueur":null,"matieres_dangereuses_interdites":false,"borne_debut_gauche":"","borne_debut_droite":"","borne_fin_gauche":"","borne_fin_droite":"","insee_commune_gauche":"75112","insee_commune_droite":"75112","alias_gauche":"","alias_droit":"","date_de_mise_en_service":null,"liens_vers_route_nommee":"","liens_vers_itineraire_autre":null,"cpx_numero":null,"cpx_numero_route_europeenne":null,"cpx_classement_administratif":null,"cpx_gestionnaire":null,"cpx_toponyme_route_nommee":null,"cpx_toponyme_itineraire_cyclable":null,"cpx_toponyme_voie_verte":null,"cpx_nature_itineraire_autre":null,"cpx_toponyme_itineraire_autre":null,"delestage":null,"source_voie_ban_gauche":null,"source_voie_ban_droite":null,"nom_voie_ban_gauche":null,"nom_voie_ban_droite":null,"lieux_dits_ban_gauche":null,"lieux_dits_ban_droite":null,"identifiant_voie_ban_gauche":null,"identifiant_voie_ban_droite":null,"sens_amenagement_cyclable_gauche":null,"sens_amenagement_cyclable_droit":null,"amenagement_cyclable_gauche":null,"amenagement_cyclable_droit":null,"aire_de_retournement_dfci":null,"gabarit_dfci":null,"impasse_dfci":null,"nature_detaillee_dfci":null,"ouvrage_d_art_limitant_dfci":null,"pente_maximale_dfci":null,"piste_dfci":null,"piste_dfci_debroussaillee":null,"piste_dfci_fosses":null,"sens_de_circulation_dfci":null,"tout_terrain_dfci":null,"vitesse_moyenne_dfci":null,"zone_de_croisement_dfci":null,"categorie_dfci":null,"vitesse_collaborative":null,"id_ban_odonyme_droite":null,"id_ban_odonyme_gauche":null}},{"type":"Feature","id":"troncon_de_route.22277","geometry":{"type":"LineString","coordinates":[[2.38276448,48.83292085,35.5],[2.38273206,48.8328982,34.9],[2.38272414,48.83287657,34.9],[2.38273259,48.83285323,34.9],[2.38276563,48.83282372,34.9],[2.38277939,48.8328121,34.8],[2.38302281,48.83261909,33],[2.38323052,48.83244928,31.5],[2.38332027,48.83234812,31]]},"geometry_name":"geometrie","properties":{"cleabs":"TRONROUT0000000000203522","nature":"Route à 1 chaussée","nom_collaboratif_gauche":"PORT DE BERCY","nom_collaboratif_droite":"PORT DE BERCY","importance":"5","fictif":false,"position_par_rapport_au_sol":"0","etat_de_l_objet":"En service","date_creation":"2006-05-22T11:18:11.781Z","date_modification":"2024-12-14T07:04:06.119Z","date_d_apparition":null,"date_de_confirmation":null,"sources":null,"identifiants_sources":null,"methode_d_acquisition_planimetrique":"BDTopo","precision_planimetrique":2.5,"methode_d_acquisition_altimetrique":"BDTopo","precision_altimetrique":1.5,"nombre_de_voies":1,"largeur_de_chaussee":3,"itineraire_vert":false,"prive":false,"sens_de_circulation":"Sens direct","reserve_aux_bus":null,"urbain":true,"vitesse_moyenne_vl":0,"acces_vehicule_leger":"Restreint aux ayants droit","acces_pieton":null,"periode_de_fermeture":null,"nature_de_la_restriction":null,"restriction_de_hauteur":null,"restriction_de_poids_total":null,"restriction_de_poids_par_essieu":null,"restriction_de_largeur":null,"restriction_de_longueur":null,"matieres_dangereuses_interdites":false,"borne_debut_gauche":"","borne_debut_droite":"","borne_fin_gauche":"","borne_fin_droite":"","insee_commune_gauche":"75112","insee_commune_droite":"75112","alias_gauche":"","alias_droit":"","date_de_mise_en_service":null,"liens_vers_route_nommee":"","liens_vers_itineraire_autre":null,"cpx_numero":null,"cpx_numero_route_europeenne":null,"cpx_classement_administratif":null,"cpx_gestionnaire":null,"cpx_toponyme_route_nommee":null,"cpx_toponyme_itineraire_cyclable":null,"cpx_toponyme_voie_verte":null,"cpx_nature_itineraire_autre":null,"cpx_toponyme_itineraire_autre":null,"delestage":null,"source_voie_ban_gauche":null,"source_voie_ban_droite":null,"nom_voie_ban_gauche":null,"nom_voie_ban_droite":null,"lieux_dits_ban_gauche":null,"lieux_dits_ban_droite":null,"identifiant_voie_ban_gauche":null,"identifiant_voie_ban_droite":null,"sens_amenagement_cyclable_gauche":null,"sens_amenagement_cyclable_droit":null,"amenagement_cyclable_gauche":null,"amenagement_cyclable_droit":null,"aire_de_retournement_dfci":null,"gabarit_dfci":null,"impasse_dfci":null,"nature_detaillee_dfci":null,"ouvrage_d_art_limitant_dfci":null,"pente_maximale_dfci":null,"piste_dfci":null,"piste_dfci_debroussaillee":null,"piste_dfci_fosses":null,"sens_de_circulation_dfci":null,"tout_terrain_dfci":null,"vitesse_moyenne_dfci":null,"zone_de_croisement_dfci":null,"categorie_dfci":null,"vitesse_collaborative":null,"id_ban_odonyme_droite":null,"id_ban_odonyme_gauche":null}},{"type":"Feature","id":"troncon_de_route.22278","geometry":{"type":"LineString","coordinates":[[2.38233118,48.83384856,36.2],[2.3821909,48.83395935,35.4],[2.38173729,48.83430057,35.4],[2.3810595,48.83481869,34.3]]},"geometry_name":"geometrie","properties":{"cleabs":"TRONROUT0000000000203523","nature":"Route à 2 chaussées","nom_collaboratif_gauche":"QU DE BERCY","nom_collaboratif_droite":"QU DE BERCY","importance":"4","fictif":false,"position_par_rapport_au_sol":"0","etat_de_l_objet":"En service","date_creation":"2006-05-22T11:18:11.781Z","date_modification":"2026-01-07T21:01:10.723Z","date_d_apparition":null,"date_de_confirmation":null,"sources":null,"identifiants_sources":null,"methode_d_acquisition_planimetrique":"BDTopo","precision_planimetrique":2.5,"methode_d_acquisition_altimetrique":"BDTopo","precision_altimetrique":1.5,"nombre_de_voies":2,"largeur_de_chaussee":5,"itineraire_vert":false,"prive":false,"sens_de_circulation":"Sens direct","reserve_aux_bus":null,"urbain":true,"vitesse_moyenne_vl":45,"acces_vehicule_leger":"Libre","acces_pieton":null,"periode_de_fermeture":null,"nature_de_la_restriction":null,"restriction_de_hauteur":null,"restriction_de_poids_total":null,"restriction_de_poids_par_essieu":null,"restriction_de_largeur":null,"restriction_de_longueur":null,"matieres_dangereuses_interdites":false,"borne_debut_gauche":null,"borne_debut_droite":"154","borne_fin_gauche":null,"borne_fin_droite":"172","insee_commune_gauche":"75112","insee_commune_droite":"75112","alias_gauche":null,"alias_droit":null,"date_de_mise_en_service":null,"liens_vers_route_nommee":null,"liens_vers_itineraire_autre":null,"cpx_numero":null,"cpx_numero_route_europeenne":null,"cpx_classement_administratif":null,"cpx_gestionnaire":null,"cpx_toponyme_route_nommee":null,"cpx_toponyme_itineraire_cyclable":null,"cpx_toponyme_voie_verte":null,"cpx_nature_itineraire_autre":null,"cpx_toponyme_itineraire_autre":null,"delestage":null,"source_voie_ban_gauche":"commune","source_voie_ban_droite":"commune","nom_voie_ban_gauche":"Quai de Bercy","nom_voie_ban_droite":"Quai de Bercy","lieux_dits_ban_gauche":null,"lieux_dits_ban_droite":null,"identifiant_voie_ban_gauche":"75112_0880","identifiant_voie_ban_droite":"75112_0880","sens_amenagement_cyclable_gauche":null,"sens_amenagement_cyclable_droit":null,"amenagement_cyclable_gauche":null,"amenagement_cyclable_droit":null,"aire_de_retournement_dfci":null,"gabarit_dfci":null,"impasse_dfci":null,"nature_detaillee_dfci":null,"ouvrage_d_art_limitant_dfci":null,"pente_maximale_dfci":null,"piste_dfci":null,"piste_dfci_debroussaillee":null,"piste_dfci_fosses":null,"sens_de_circulation_dfci":null,"tout_terrain_dfci":null,"vitesse_moyenne_dfci":null,"zone_de_croisement_dfci":null,"categorie_dfci":null,"vitesse_collaborative":null,"id_ban_odonyme_droite":null,"id_ban_odonyme_gauche":null}},{"type":"Feature","id":"troncon_de_route.22279","geometry":{"type":"LineString","coordinates":[[2.38271136,48.83384063,35.5],[2.38305515,48.83403037,35.2]]},"geometry_name":"geometrie","properties":{"cleabs":"TRONROUT0000000000203524","nature":"Route à 1 chaussée","nom_collaboratif_gauche":"R JOSEPH KESSEL","nom_collaboratif_droite":"R JOSEPH KESSEL","importance":"4","fictif":false,"position_par_rapport_au_sol":"0","etat_de_l_objet":"En service","date_creation":"2006-05-22T11:18:11.781Z","date_modification":"2025-12-18T21:15:37.494Z","date_d_apparition":null,"date_de_confirmation":null,"sources":null,"identifiants_sources":null,"methode_d_acquisition_planimetrique":"BDTopo","precision_planimetrique":2.5,"methode_d_acquisition_altimetrique":"BDTopo","precision_altimetrique":1.5,"nombre_de_voies":4,"largeur_de_chaussee":12,"itineraire_vert":false,"prive":false,"sens_de_circulation":"Double sens","reserve_aux_bus":null,"urbain":true,"vitesse_moyenne_vl":40,"acces_vehicule_leger":"Libre","acces_pieton":null,"periode_de_fermeture":null,"nature_de_la_restriction":null,"restriction_de_hauteur":null,"restriction_de_poids_total":null,"restriction_de_poids_par_essieu":null,"restriction_de_largeur":null,"restriction_de_longueur":null,"matieres_dangereuses_interdites":false,"borne_debut_gauche":"1","borne_debut_droite":"2","borne_fin_gauche":"5","borne_fin_droite":"6","insee_commune_gauche":"75112","insee_commune_droite":"75112","alias_gauche":null,"alias_droit":null,"date_de_mise_en_service":null,"liens_vers_route_nommee":null,"liens_vers_itineraire_autre":null,"cpx_numero":null,"cpx_numero_route_europeenne":null,"cpx_classement_administratif":null,"cpx_gestionnaire":null,"cpx_toponyme_route_nommee":null,"cpx_toponyme_itineraire_cyclable":null,"cpx_toponyme_voie_verte":null,"cpx_nature_itineraire_autre":null,"cpx_toponyme_itineraire_autre":null,"delestage":null,"source_voie_ban_gauche":"commune","source_voie_ban_droite":"commune","nom_voie_ban_gauche":"Rue Joseph Kessel","nom_voie_ban_droite":"Rue Joseph Kessel","lieux_dits_ban_gauche":null,"lieux_dits_ban_droite":null,"identifiant_voie_ban_gauche":"75112_5016","identifiant_voie_ban_droite":"75112_5016","sens_amenagement_cyclable_gauche":null,"sens_amenagement_cyclable_droit":null,"amenagement_cyclable_gauche":null,"amenagement_cyclable_droit":null,"aire_de_retournement_dfci":null,"gabarit_dfci":null,"impasse_dfci":null,"nature_detaillee_dfci":null,"ouvrage_d_art_limitant_dfci":null,"pente_maximale_dfci":null,"piste_dfci":null,"piste_dfci_debroussaillee":null,"piste_dfci_fosses":null,"sens_de_circulation_dfci":null,"tout_terrain_dfci":null,"vitesse_moyenne_dfci":null,"zone_de_croisement_dfci":null,"categorie_dfci":null,"vitesse_collaborative":null,"id_ban_odonyme_droite":null,"id_ban_odonyme_gauche":null}},{"type":"Feature","id":"troncon_de_route.22280","geometry":{"type":"LineString","coordinates":[[2.38245792,48.83395983,40],[2.38283335,48.83366318,40.3]]},"geometry_name":"geometrie","properties":{"cleabs":"TRONROUT0000000000203525","nature":"Sentier","nom_collaboratif_gauche":null,"nom_collaboratif_droite":null,"importance":"6","fictif":false,"position_par_rapport_au_sol":"1","etat_de_l_objet":"En service","date_creation":"2006-05-22T11:18:11.781Z","date_modification":"2024-04-26T21:52:49.141Z","date_d_apparition":null,"date_de_confirmation":null,"sources":null,"identifiants_sources":null,"methode_d_acquisition_planimetrique":"BDTopo","precision_planimetrique":2.5,"methode_d_acquisition_altimetrique":"BDTopo","precision_altimetrique":1.5,"nombre_de_voies":null,"largeur_de_chaussee":null,"itineraire_vert":false,"prive":false,"sens_de_circulation":"Sans objet","reserve_aux_bus":null,"urbain":true,"vitesse_moyenne_vl":0,"acces_vehicule_leger":"Physiquement impossible","acces_pieton":null,"periode_de_fermeture":null,"nature_de_la_restriction":null,"restriction_de_hauteur":null,"restriction_de_poids_total":null,"restriction_de_poids_par_essieu":null,"restriction_de_largeur":null,"restriction_de_longueur":null,"matieres_dangereuses_interdites":false,"borne_debut_gauche":null,"borne_debut_droite":null,"borne_fin_gauche":null,"borne_fin_droite":null,"insee_commune_gauche":"75112","insee_commune_droite":"75112","alias_gauche":null,"alias_droit":null,"date_de_mise_en_service":null,"liens_vers_route_nommee":null,"liens_vers_itineraire_autre":null,"cpx_numero":null,"cpx_numero_route_europeenne":null,"cpx_classement_administratif":null,"cpx_gestionnaire":null,"cpx_toponyme_route_nommee":null,"cpx_toponyme_itineraire_cyclable":null,"cpx_toponyme_voie_verte":null,"cpx_nature_itineraire_autre":null,"cpx_toponyme_itineraire_autre":null,"delestage":null,"source_voie_ban_gauche":null,"source_voie_ban_droite":null,"nom_voie_ban_gauche":null,"nom_voie_ban_droite":null,"lieux_dits_ban_gauche":null,"lieux_dits_ban_droite":null,"identifiant_voie_ban_gauche":null,"identifiant_voie_ban_droite":null,"sens_amenagement_cyclable_gauche":null,"sens_amenagement_cyclable_droit":null,"amenagement_cyclable_gauche":null,"amenagement_cyclable_droit":null,"aire_de_retournement_dfci":null,"gabarit_dfci":null,"impasse_dfci":null,"nature_detaillee_dfci":null,"ouvrage_d_art_limitant_dfci":null,"pente_maximale_dfci":null,"piste_dfci":null,"piste_dfci_debroussaillee":null,"piste_dfci_fosses":null,"sens_de_circulation_dfci":null,"tout_terrain_dfci":null,"vitesse_moyenne_dfci":null,"zone_de_croisement_dfci":null,"categorie_dfci":null,"vitesse_collaborative":null,"id_ban_odonyme_droite":null,"id_ban_odonyme_gauche":null}},{"type":"Feature","id":"troncon_de_route.22281","geometry":{"type":"LineString","coordinates":[[2.38361129,48.83285236,34.5],[2.38338439,48.83303107,34.8],[2.38309421,48.83326251,35.1],[2.38276438,48.83350454,35.7],[2.38264335,48.83360194,36.2]]},"geometry_name":"geometrie","properties":{"cleabs":"TRONROUT0000000000203527","nature":"Route à 2 chaussées","nom_collaboratif_gauche":"QU DE BERCY","nom_collaboratif_droite":"QU DE BERCY","importance":"4","fictif":false,"position_par_rapport_au_sol":"0","etat_de_l_objet":"En service","date_creation":"2006-05-22T11:18:11.781Z","date_modification":"2024-12-14T07:04:06.119Z","date_d_apparition":null,"date_de_confirmation":null,"sources":null,"identifiants_sources":null,"methode_d_acquisition_planimetrique":"BDTopo","precision_planimetrique":2.5,"methode_d_acquisition_altimetrique":"BDTopo","precision_altimetrique":1.5,"nombre_de_voies":3,"largeur_de_chaussee":9,"itineraire_vert":false,"prive":false,"sens_de_circulation":"Sens direct","reserve_aux_bus":null,"urbain":true,"vitesse_moyenne_vl":40,"acces_vehicule_leger":"Libre","acces_pieton":null,"periode_de_fermeture":null,"nature_de_la_restriction":null,"restriction_de_hauteur":null,"restriction_de_poids_total":null,"restriction_de_poids_par_essieu":null,"restriction_de_largeur":null,"restriction_de_longueur":null,"matieres_dangereuses_interdites":false,"borne_debut_gauche":"","borne_debut_droite":"140","borne_fin_gauche":"","borne_fin_droite":"152","insee_commune_gauche":"75112","insee_commune_droite":"75112","alias_gauche":"","alias_droit":"","date_de_mise_en_service":null,"liens_vers_route_nommee":"","liens_vers_itineraire_autre":null,"cpx_numero":null,"cpx_numero_route_europeenne":null,"cpx_classement_administratif":null,"cpx_gestionnaire":null,"cpx_toponyme_route_nommee":null,"cpx_toponyme_itineraire_cyclable":null,"cpx_toponyme_voie_verte":null,"cpx_nature_itineraire_autre":null,"cpx_toponyme_itineraire_autre":null,"delestage":null,"source_voie_ban_gauche":"commune","source_voie_ban_droite":"commune","nom_voie_ban_gauche":"Quai de Bercy","nom_voie_ban_droite":"Quai de Bercy","lieux_dits_ban_gauche":null,"lieux_dits_ban_droite":null,"identifiant_voie_ban_gauche":"75112_0880","identifiant_voie_ban_droite":"75112_0880","sens_amenagement_cyclable_gauche":null,"sens_amenagement_cyclable_droit":null,"amenagement_cyclable_gauche":null,"amenagement_cyclable_droit":null,"aire_de_retournement_dfci":null,"gabarit_dfci":null,"impasse_dfci":null,"nature_detaillee_dfci":null,"ouvrage_d_art_limitant_dfci":null,"pente_maximale_dfci":null,"piste_dfci":null,"piste_dfci_debroussaillee":null,"piste_dfci_fosses":null,"sens_de_circulation_dfci":null,"tout_terrain_dfci":null,"vitesse_moyenne_dfci":null,"zone_de_croisement_dfci":null,"categorie_dfci":null,"vitesse_collaborative":null,"id_ban_odonyme_droite":null,"id_ban_odonyme_gauche":null}},{"type":"Feature","id":"troncon_de_route.22282","geometry":{"type":"LineString","coordinates":[[2.38276448,48.83292085,37],[2.38247567,48.83315139,35.5],[2.38205891,48.8334865,35.9]]},"geometry_name":"geometrie","properties":{"cleabs":"TRONROUT0000000000203528","nature":"Route à 1 chaussée","nom_collaboratif_gauche":null,"nom_collaboratif_droite":null,"importance":"6","fictif":false,"position_par_rapport_au_sol":"0","etat_de_l_objet":"En service","date_creation":"2006-05-22T11:18:11.781Z","date_modification":"2025-12-08T08:40:26.221Z","date_d_apparition":null,"date_de_confirmation":null,"sources":null,"identifiants_sources":null,"methode_d_acquisition_planimetrique":"BDTopo","precision_planimetrique":2.5,"methode_d_acquisition_altimetrique":"BDTopo","precision_altimetrique":1.5,"nombre_de_voies":null,"largeur_de_chaussee":null,"itineraire_vert":false,"prive":false,"sens_de_circulation":"Double sens","reserve_aux_bus":null,"urbain":true,"vitesse_moyenne_vl":0,"acces_vehicule_leger":"Physiquement impossible","acces_pieton":null,"periode_de_fermeture":null,"nature_de_la_restriction":"Piste cyclable","restriction_de_hauteur":null,"restriction_de_poids_total":null,"restriction_de_poids_par_essieu":null,"restriction_de_largeur":null,"restriction_de_longueur":null,"matieres_dangereuses_interdites":false,"borne_debut_gauche":null,"borne_debut_droite":null,"borne_fin_gauche":null,"borne_fin_droite":null,"insee_commune_gauche":"75112","insee_commune_droite":"75112","alias_gauche":null,"alias_droit":null,"date_de_mise_en_service":null,"liens_vers_route_nommee":null,"liens_vers_itineraire_autre":"ITI_AUT_0000002496291173","cpx_numero":null,"cpx_numero_route_europeenne":null,"cpx_classement_administratif":null,"cpx_gestionnaire":null,"cpx_toponyme_route_nommee":null,"cpx_toponyme_itineraire_cyclable":null,"cpx_toponyme_voie_verte":null,"cpx_nature_itineraire_autre":"Itinéraire cyclable","cpx_toponyme_itineraire_autre":"la Scandibérique - Eurovélo 3","delestage":null,"source_voie_ban_gauche":null,"source_voie_ban_droite":null,"nom_voie_ban_gauche":null,"nom_voie_ban_droite":null,"lieux_dits_ban_gauche":null,"lieux_dits_ban_droite":null,"identifiant_voie_ban_gauche":null,"identifiant_voie_ban_droite":null,"sens_amenagement_cyclable_gauche":null,"sens_amenagement_cyclable_droit":null,"amenagement_cyclable_gauche":null,"amenagement_cyclable_droit":null,"aire_de_retournement_dfci":null,"gabarit_dfci":null,"impasse_dfci":null,"nature_detaillee_dfci":null,"ouvrage_d_art_limitant_dfci":null,"pente_maximale_dfci":null,"piste_dfci":null,"piste_dfci_debroussaillee":null,"piste_dfci_fosses":null,"sens_de_circulation_dfci":null,"tout_terrain_dfci":null,"vitesse_moyenne_dfci":null,"zone_de_croisement_dfci":null,"categorie_dfci":null,"vitesse_collaborative":null,"id_ban_odonyme_droite":null,"id_ban_odonyme_gauche":null}},{"type":"Feature","id":"troncon_de_route.22283","geometry":{"type":"LineString","coordinates":[[2.38248669,48.8333709,30.9],[2.38275628,48.83315374,32.4],[2.38342863,48.83263108,35]]},"geometry_name":"geometrie","properties":{"cleabs":"TRONROUT0000000000203529","nature":"Route à 2 chaussées","nom_collaboratif_gauche":"QU DE BERCY","nom_collaboratif_droite":"QU DE BERCY","importance":"3","fictif":false,"position_par_rapport_au_sol":"0","etat_de_l_objet":"En service","date_creation":"2006-05-22T11:18:11.781Z","date_modification":"2024-12-14T07:04:06.119Z","date_d_apparition":null,"date_de_confirmation":null,"sources":null,"identifiants_sources":null,"methode_d_acquisition_planimetrique":"Photogrammétrie","precision_planimetrique":2.5,"methode_d_acquisition_altimetrique":"Photogrammétrie","precision_altimetrique":1.5,"nombre_de_voies":3,"largeur_de_chaussee":9,"itineraire_vert":true,"prive":false,"sens_de_circulation":"Sens direct","reserve_aux_bus":null,"urbain":true,"vitesse_moyenne_vl":45,"acces_vehicule_leger":"Libre","acces_pieton":null,"periode_de_fermeture":null,"nature_de_la_restriction":null,"restriction_de_hauteur":null,"restriction_de_poids_total":null,"restriction_de_poids_par_essieu":null,"restriction_de_largeur":null,"restriction_de_longueur":null,"matieres_dangereuses_interdites":false,"borne_debut_gauche":null,"borne_debut_droite":null,"borne_fin_gauche":null,"borne_fin_droite":null,"insee_commune_gauche":"75112","insee_commune_droite":"75112","alias_gauche":null,"alias_droit":null,"date_de_mise_en_service":null,"liens_vers_route_nommee":null,"liens_vers_itineraire_autre":null,"cpx_numero":null,"cpx_numero_route_europeenne":null,"cpx_classement_administratif":null,"cpx_gestionnaire":null,"cpx_toponyme_route_nommee":null,"cpx_toponyme_itineraire_cyclable":null,"cpx_toponyme_voie_verte":null,"cpx_nature_itineraire_autre":null,"cpx_toponyme_itineraire_autre":null,"delestage":null,"source_voie_ban_gauche":"commune","source_voie_ban_droite":"commune","nom_voie_ban_gauche":"Quai de Bercy","nom_voie_ban_droite":"Quai de Bercy","lieux_dits_ban_gauche":null,"lieux_dits_ban_droite":null,"identifiant_voie_ban_gauche":"75112_0880","identifiant_voie_ban_droite":"75112_0880","sens_amenagement_cyclable_gauche":null,"sens_amenagement_cyclable_droit":null,"amenagement_cyclable_gauche":null,"amenagement_cyclable_droit":null,"aire_de_retournement_dfci":null,"gabarit_dfci":null,"impasse_dfci":null,"nature_detaillee_dfci":null,"ouvrage_d_art_limitant_dfci":null,"pente_maximale_dfci":null,"piste_dfci":null,"piste_dfci_debroussaillee":null,"piste_dfci_fosses":null,"sens_de_circulation_dfci":null,"tout_terrain_dfci":null,"vitesse_moyenne_dfci":null,"zone_de_croisement_dfci":null,"categorie_dfci":null,"vitesse_collaborative":null,"id_ban_odonyme_droite":null,"id_ban_odonyme_gauche":null}},{"type":"Feature","id":"troncon_de_route.22284","geometry":{"type":"LineString","coordinates":[[2.38099912,48.83290543,36.4],[2.38175302,48.83331854,36.1],[2.38182206,48.83335577,35.9],[2.38199395,48.83345019,37.3]]},"geometry_name":"geometrie","properties":{"cleabs":"TRONROUT0000000000203530","nature":"Route à 1 chaussée","nom_collaboratif_gauche":"PONT DE TOLBIAC","nom_collaboratif_droite":"PONT DE TOLBIAC","importance":"4","fictif":false,"position_par_rapport_au_sol":"1","etat_de_l_objet":"En service","date_creation":"2006-05-22T11:18:11.781Z","date_modification":"2023-08-27T10:03:02.614Z","date_d_apparition":null,"date_de_confirmation":null,"sources":null,"identifiants_sources":null,"methode_d_acquisition_planimetrique":"BDTopo","precision_planimetrique":2.5,"methode_d_acquisition_altimetrique":"BDTopo","precision_altimetrique":1.5,"nombre_de_voies":3,"largeur_de_chaussee":10.5,"itineraire_vert":false,"prive":false,"sens_de_circulation":"Double sens","reserve_aux_bus":null,"urbain":true,"vitesse_moyenne_vl":40,"acces_vehicule_leger":"Libre","acces_pieton":null,"periode_de_fermeture":null,"nature_de_la_restriction":null,"restriction_de_hauteur":null,"restriction_de_poids_total":null,"restriction_de_poids_par_essieu":null,"restriction_de_largeur":null,"restriction_de_longueur":null,"matieres_dangereuses_interdites":false,"borne_debut_gauche":"","borne_debut_droite":"","borne_fin_gauche":"","borne_fin_droite":"","insee_commune_gauche":"75112","insee_commune_droite":"75112","alias_gauche":"","alias_droit":"","date_de_mise_en_service":null,"liens_vers_route_nommee":"","liens_vers_itineraire_autre":null,"cpx_numero":null,"cpx_numero_route_europeenne":null,"cpx_classement_administratif":null,"cpx_gestionnaire":null,"cpx_toponyme_route_nommee":null,"cpx_toponyme_itineraire_cyclable":null,"cpx_toponyme_voie_verte":null,"cpx_nature_itineraire_autre":null,"cpx_toponyme_itineraire_autre":null,"delestage":null,"source_voie_ban_gauche":null,"source_voie_ban_droite":null,"nom_voie_ban_gauche":null,"nom_voie_ban_droite":null,"lieux_dits_ban_gauche":null,"lieux_dits_ban_droite":null,"identifiant_voie_ban_gauche":null,"identifiant_voie_ban_droite":null,"sens_amenagement_cyclable_gauche":null,"sens_amenagement_cyclable_droit":null,"amenagement_cyclable_gauche":null,"amenagement_cyclable_droit":null,"aire_de_retournement_dfci":null,"gabarit_dfci":null,"impasse_dfci":null,"nature_detaillee_dfci":null,"ouvrage_d_art_limitant_dfci":null,"pente_maximale_dfci":null,"piste_dfci":null,"piste_dfci_debroussaillee":null,"piste_dfci_fosses":null,"sens_de_circulation_dfci":null,"tout_terrain_dfci":null,"vitesse_moyenne_dfci":null,"zone_de_croisement_dfci":null,"categorie_dfci":null,"vitesse_collaborative":null,"id_ban_odonyme_droite":null,"id_ban_odonyme_gauche":null}},{"type":"Feature","id":"troncon_de_route.22286","geometry":{"type":"LineString","coordinates":[[2.38137419,48.83401629,35.6],[2.38161484,48.83382777,35.5],[2.38185683,48.83364015,35.8],[2.38205891,48.8334865,35.9]]},"geometry_name":"geometrie","properties":{"cleabs":"TRONROUT0000000000203531","nature":"Route à 1 chaussée","nom_collaboratif_gauche":null,"nom_collaboratif_droite":null,"importance":"6","fictif":false,"position_par_rapport_au_sol":"0","etat_de_l_objet":"En service","date_creation":"2006-05-22T11:18:11.781Z","date_modification":"2025-12-08T08:40:26.221Z","date_d_apparition":null,"date_de_confirmation":null,"sources":null,"identifiants_sources":null,"methode_d_acquisition_planimetrique":"BDTopo","precision_planimetrique":2.5,"methode_d_acquisition_altimetrique":"BDTopo","precision_altimetrique":1.5,"nombre_de_voies":null,"largeur_de_chaussee":null,"itineraire_vert":false,"prive":false,"sens_de_circulation":"Double sens","reserve_aux_bus":null,"urbain":true,"vitesse_moyenne_vl":0,"acces_vehicule_leger":"Physiquement impossible","acces_pieton":null,"periode_de_fermeture":null,"nature_de_la_restriction":"Piste cyclable","restriction_de_hauteur":null,"restriction_de_poids_total":null,"restriction_de_poids_par_essieu":null,"restriction_de_largeur":null,"restriction_de_longueur":null,"matieres_dangereuses_interdites":false,"borne_debut_gauche":null,"borne_debut_droite":null,"borne_fin_gauche":null,"borne_fin_droite":null,"insee_commune_gauche":"75112","insee_commune_droite":"75112","alias_gauche":null,"alias_droit":null,"date_de_mise_en_service":null,"liens_vers_route_nommee":null,"liens_vers_itineraire_autre":"ITI_AUT_0000002496291173","cpx_numero":null,"cpx_numero_route_europeenne":null,"cpx_classement_administratif":null,"cpx_gestionnaire":null,"cpx_toponyme_route_nommee":null,"cpx_toponyme_itineraire_cyclable":null,"cpx_toponyme_voie_verte":null,"cpx_nature_itineraire_autre":"Itinéraire cyclable","cpx_toponyme_itineraire_autre":"la Scandibérique - Eurovélo 3","delestage":null,"source_voie_ban_gauche":null,"source_voie_ban_droite":null,"nom_voie_ban_gauche":null,"nom_voie_ban_droite":null,"lieux_dits_ban_gauche":null,"lieux_dits_ban_droite":null,"identifiant_voie_ban_gauche":null,"identifiant_voie_ban_droite":null,"sens_amenagement_cyclable_gauche":null,"sens_amenagement_cyclable_droit":null,"amenagement_cyclable_gauche":null,"amenagement_cyclable_droit":null,"aire_de_retournement_dfci":null,"gabarit_dfci":null,"impasse_dfci":null,"nature_detaillee_dfci":null,"ouvrage_d_art_limitant_dfci":null,"pente_maximale_dfci":null,"piste_dfci":null,"piste_dfci_debroussaillee":null,"piste_dfci_fosses":null,"sens_de_circulation_dfci":null,"tout_terrain_dfci":null,"vitesse_moyenne_dfci":null,"zone_de_croisement_dfci":null,"categorie_dfci":null,"vitesse_collaborative":null,"id_ban_odonyme_droite":null,"id_ban_odonyme_gauche":null}},{"type":"Feature","id":"troncon_de_route.22287","geometry":{"type":"LineString","coordinates":[[2.38199395,48.83345019,37.3],[2.38205891,48.8334865,35.9]]},"geometry_name":"geometrie","properties":{"cleabs":"TRONROUT0000000000203533","nature":"Route à 1 chaussée","nom_collaboratif_gauche":"PONT DE TOLBIAC","nom_collaboratif_droite":"PONT DE TOLBIAC","importance":"4","fictif":false,"position_par_rapport_au_sol":"0","etat_de_l_objet":"En service","date_creation":"2006-05-22T11:18:11.781Z","date_modification":"2024-09-21T06:34:42.538Z","date_d_apparition":null,"date_de_confirmation":null,"sources":null,"identifiants_sources":null,"methode_d_acquisition_planimetrique":"BDTopo","precision_planimetrique":2.5,"methode_d_acquisition_altimetrique":"BDTopo","precision_altimetrique":1.5,"nombre_de_voies":3,"largeur_de_chaussee":10.5,"itineraire_vert":false,"prive":false,"sens_de_circulation":"Double sens","reserve_aux_bus":null,"urbain":true,"vitesse_moyenne_vl":45,"acces_vehicule_leger":"Libre","acces_pieton":null,"periode_de_fermeture":null,"nature_de_la_restriction":null,"restriction_de_hauteur":null,"restriction_de_poids_total":null,"restriction_de_poids_par_essieu":null,"restriction_de_largeur":null,"restriction_de_longueur":null,"matieres_dangereuses_interdites":false,"borne_debut_gauche":"","borne_debut_droite":"","borne_fin_gauche":"","borne_fin_droite":"","insee_commune_gauche":"75112","insee_commune_droite":"75112","alias_gauche":"","alias_droit":"","date_de_mise_en_service":null,"liens_vers_route_nommee":"","liens_vers_itineraire_autre":null,"cpx_numero":null,"cpx_numero_route_europeenne":null,"cpx_classement_administratif":null,"cpx_gestionnaire":null,"cpx_toponyme_route_nommee":null,"cpx_toponyme_itineraire_cyclable":null,"cpx_toponyme_voie_verte":null,"cpx_nature_itineraire_autre":null,"cpx_toponyme_itineraire_autre":null,"delestage":null,"source_voie_ban_gauche":null,"source_voie_ban_droite":null,"nom_voie_ban_gauche":null,"nom_voie_ban_droite":null,"lieux_dits_ban_gauche":null,"lieux_dits_ban_droite":null,"identifiant_voie_ban_gauche":null,"identifiant_voie_ban_droite":null,"sens_amenagement_cyclable_gauche":null,"sens_amenagement_cyclable_droit":null,"amenagement_cyclable_gauche":null,"amenagement_cyclable_droit":null,"aire_de_retournement_dfci":null,"gabarit_dfci":null,"impasse_dfci":null,"nature_detaillee_dfci":null,"ouvrage_d_art_limitant_dfci":null,"pente_maximale_dfci":null,"piste_dfci":null,"piste_dfci_debroussaillee":null,"piste_dfci_fosses":null,"sens_de_circulation_dfci":null,"tout_terrain_dfci":null,"vitesse_moyenne_dfci":null,"zone_de_croisement_dfci":null,"categorie_dfci":null,"vitesse_collaborative":null,"id_ban_odonyme_droite":null,"id_ban_odonyme_gauche":null}},{"type":"Feature","id":"troncon_de_route.22288","geometry":{"type":"LineString","coordinates":[[2.38210494,48.83351102,36.3],[2.38249205,48.83372347,35.8]]},"geometry_name":"geometrie","properties":{"cleabs":"TRONROUT0000000000203534","nature":"Route à 1 chaussée","nom_collaboratif_gauche":"PONT DE TOLBIAC","nom_collaboratif_droite":"PONT DE TOLBIAC","importance":"4","fictif":false,"position_par_rapport_au_sol":"0","etat_de_l_objet":"En service","date_creation":"2006-05-22T11:18:11.781Z","date_modification":"2025-09-19T09:36:09.262Z","date_d_apparition":null,"date_de_confirmation":null,"sources":null,"identifiants_sources":null,"methode_d_acquisition_planimetrique":"Photogrammétrie","precision_planimetrique":2.5,"methode_d_acquisition_altimetrique":"Photogrammétrie","precision_altimetrique":1.5,"nombre_de_voies":4,"largeur_de_chaussee":12,"itineraire_vert":false,"prive":false,"sens_de_circulation":"Double sens","reserve_aux_bus":null,"urbain":true,"vitesse_moyenne_vl":40,"acces_vehicule_leger":"Libre","acces_pieton":null,"periode_de_fermeture":null,"nature_de_la_restriction":null,"restriction_de_hauteur":null,"restriction_de_poids_total":null,"restriction_de_poids_par_essieu":null,"restriction_de_largeur":null,"restriction_de_longueur":null,"matieres_dangereuses_interdites":false,"borne_debut_gauche":null,"borne_debut_droite":null,"borne_fin_gauche":null,"borne_fin_droite":null,"insee_commune_gauche":"75112","insee_commune_droite":"75112","alias_gauche":null,"alias_droit":null,"date_de_mise_en_service":null,"liens_vers_route_nommee":null,"liens_vers_itineraire_autre":null,"cpx_numero":null,"cpx_numero_route_europeenne":null,"cpx_classement_administratif":null,"cpx_gestionnaire":null,"cpx_toponyme_route_nommee":null,"cpx_toponyme_itineraire_cyclable":null,"cpx_toponyme_voie_verte":null,"cpx_nature_itineraire_autre":null,"cpx_toponyme_itineraire_autre":null,"delestage":null,"source_voie_ban_gauche":null,"source_voie_ban_droite":null,"nom_voie_ban_gauche":null,"nom_voie_ban_droite":null,"lieux_dits_ban_gauche":null,"lieux_dits_ban_droite":null,"identifiant_voie_ban_gauche":null,"identifiant_voie_ban_droite":null,"sens_amenagement_cyclable_gauche":null,"sens_amenagement_cyclable_droit":null,"amenagement_cyclable_gauche":null,"amenagement_cyclable_droit":null,"aire_de_retournement_dfci":null,"gabarit_dfci":null,"impasse_dfci":null,"nature_detaillee_dfci":null,"ouvrage_d_art_limitant_dfci":null,"pente_maximale_dfci":null,"piste_dfci":null,"piste_dfci_debroussaillee":null,"piste_dfci_fosses":null,"sens_de_circulation_dfci":null,"tout_terrain_dfci":null,"vitesse_moyenne_dfci":null,"zone_de_croisement_dfci":null,"categorie_dfci":null,"vitesse_collaborative":null,"id_ban_odonyme_droite":null,"id_ban_odonyme_gauche":null}},{"type":"Feature","id":"troncon_de_route.22289","geometry":{"type":"LineString","coordinates":[[2.38249205,48.83372347,35.8],[2.38271136,48.83384063,35.5]]},"geometry_name":"geometrie","properties":{"cleabs":"TRONROUT0000000000203537","nature":"Route à 1 chaussée","nom_collaboratif_gauche":"R JOSEPH KESSEL","nom_collaboratif_droite":"R JOSEPH KESSEL","importance":"4","fictif":false,"position_par_rapport_au_sol":"0","etat_de_l_objet":"En service","date_creation":"2006-05-22T11:18:11.781Z","date_modification":"2026-04-06T20:34:25.713Z","date_d_apparition":null,"date_de_confirmation":null,"sources":null,"identifiants_sources":null,"methode_d_acquisition_planimetrique":"BDTopo","precision_planimetrique":2.5,"methode_d_acquisition_altimetrique":"BDTopo","precision_altimetrique":1.5,"nombre_de_voies":4,"largeur_de_chaussee":12,"itineraire_vert":false,"prive":false,"sens_de_circulation":"Double sens","reserve_aux_bus":null,"urbain":true,"vitesse_moyenne_vl":45,"acces_vehicule_leger":"Libre","acces_pieton":null,"periode_de_fermeture":null,"nature_de_la_restriction":null,"restriction_de_hauteur":null,"restriction_de_poids_total":null,"restriction_de_poids_par_essieu":null,"restriction_de_largeur":null,"restriction_de_longueur":null,"matieres_dangereuses_interdites":false,"borne_debut_gauche":null,"borne_debut_droite":null,"borne_fin_gauche":null,"borne_fin_droite":null,"insee_commune_gauche":"75112","insee_commune_droite":"75112","alias_gauche":null,"alias_droit":null,"date_de_mise_en_service":null,"liens_vers_route_nommee":null,"liens_vers_itineraire_autre":null,"cpx_numero":null,"cpx_numero_route_europeenne":null,"cpx_classement_administratif":null,"cpx_gestionnaire":null,"cpx_toponyme_route_nommee":null,"cpx_toponyme_itineraire_cyclable":null,"cpx_toponyme_voie_verte":null,"cpx_nature_itineraire_autre":null,"cpx_toponyme_itineraire_autre":null,"delestage":null,"source_voie_ban_gauche":"commune","source_voie_ban_droite":"commune","nom_voie_ban_gauche":"Rue Joseph Kessel","nom_voie_ban_droite":"Rue Joseph Kessel","lieux_dits_ban_gauche":null,"lieux_dits_ban_droite":null,"identifiant_voie_ban_gauche":"75112_5016","identifiant_voie_ban_droite":"75112_5016","sens_amenagement_cyclable_gauche":null,"sens_amenagement_cyclable_droit":null,"amenagement_cyclable_gauche":null,"amenagement_cyclable_droit":null,"aire_de_retournement_dfci":null,"gabarit_dfci":null,"impasse_dfci":null,"nature_detaillee_dfci":null,"ouvrage_d_art_limitant_dfci":null,"pente_maximale_dfci":null,"piste_dfci":null,"piste_dfci_debroussaillee":null,"piste_dfci_fosses":null,"sens_de_circulation_dfci":null,"tout_terrain_dfci":null,"vitesse_moyenne_dfci":null,"zone_de_croisement_dfci":null,"categorie_dfci":null,"vitesse_collaborative":null,"id_ban_odonyme_droite":null,"id_ban_odonyme_gauche":null}},{"type":"Feature","id":"troncon_de_route.22290","geometry":{"type":"LineString","coordinates":[[2.38281446,48.83295708,35.2],[2.38276448,48.83292085,35.5]]},"geometry_name":"geometrie","properties":{"cleabs":"TRONROUT0000000000203538","nature":"Route à 1 chaussée","nom_collaboratif_gauche":"PORT DE BERCY","nom_collaboratif_droite":"PORT DE BERCY","importance":"5","fictif":false,"position_par_rapport_au_sol":"0","etat_de_l_objet":"En service","date_creation":"2006-05-22T11:18:11.781Z","date_modification":"2024-12-14T07:04:06.119Z","date_d_apparition":null,"date_de_confirmation":null,"sources":null,"identifiants_sources":null,"methode_d_acquisition_planimetrique":"BDTopo","precision_planimetrique":2.5,"methode_d_acquisition_altimetrique":"BDTopo","precision_altimetrique":1.5,"nombre_de_voies":1,"largeur_de_chaussee":3,"itineraire_vert":false,"prive":false,"sens_de_circulation":"Sens direct","reserve_aux_bus":null,"urbain":true,"vitesse_moyenne_vl":20,"acces_vehicule_leger":"Libre","acces_pieton":null,"periode_de_fermeture":null,"nature_de_la_restriction":null,"restriction_de_hauteur":null,"restriction_de_poids_total":null,"restriction_de_poids_par_essieu":null,"restriction_de_largeur":null,"restriction_de_longueur":null,"matieres_dangereuses_interdites":false,"borne_debut_gauche":"","borne_debut_droite":"","borne_fin_gauche":"","borne_fin_droite":"","insee_commune_gauche":"75112","insee_commune_droite":"75112","alias_gauche":"","alias_droit":"","date_de_mise_en_service":null,"liens_vers_route_nommee":"","liens_vers_itineraire_autre":null,"cpx_numero":null,"cpx_numero_route_europeenne":null,"cpx_classement_administratif":null,"cpx_gestionnaire":null,"cpx_toponyme_route_nommee":null,"cpx_toponyme_itineraire_cyclable":null,"cpx_toponyme_voie_verte":null,"cpx_nature_itineraire_autre":null,"cpx_toponyme_itineraire_autre":null,"delestage":null,"source_voie_ban_gauche":null,"source_voie_ban_droite":null,"nom_voie_ban_gauche":null,"nom_voie_ban_droite":null,"lieux_dits_ban_gauche":null,"lieux_dits_ban_droite":null,"identifiant_voie_ban_gauche":null,"identifiant_voie_ban_droite":null,"sens_amenagement_cyclable_gauche":null,"sens_amenagement_cyclable_droit":null,"amenagement_cyclable_gauche":null,"amenagement_cyclable_droit":null,"aire_de_retournement_dfci":null,"gabarit_dfci":null,"impasse_dfci":null,"nature_detaillee_dfci":null,"ouvrage_d_art_limitant_dfci":null,"pente_maximale_dfci":null,"piste_dfci":null,"piste_dfci_debroussaillee":null,"piste_dfci_fosses":null,"sens_de_circulation_dfci":null,"tout_terrain_dfci":null,"vitesse_moyenne_dfci":null,"zone_de_croisement_dfci":null,"categorie_dfci":null,"vitesse_collaborative":null,"id_ban_odonyme_droite":null,"id_ban_odonyme_gauche":null}},{"type":"Feature","id":"troncon_de_route.22291","geometry":{"type":"LineString","coordinates":[[2.38271136,48.83384063,35.5],[2.38252432,48.83398985,39.7],[2.38242858,48.83402084,39.7]]},"geometry_name":"geometrie","properties":{"cleabs":"TRONROUT0000000000203539","nature":"Escalier","nom_collaboratif_gauche":null,"nom_collaboratif_droite":null,"importance":"6","fictif":false,"position_par_rapport_au_sol":"0","etat_de_l_objet":"En service","date_creation":"2006-05-22T11:18:11.781Z","date_modification":"2024-09-27T19:22:29.786Z","date_d_apparition":null,"date_de_confirmation":null,"sources":null,"identifiants_sources":null,"methode_d_acquisition_planimetrique":"BDTopo","precision_planimetrique":2.5,"methode_d_acquisition_altimetrique":"BDTopo","precision_altimetrique":1.5,"nombre_de_voies":null,"largeur_de_chaussee":null,"itineraire_vert":false,"prive":false,"sens_de_circulation":"Sans objet","reserve_aux_bus":null,"urbain":true,"vitesse_moyenne_vl":0,"acces_vehicule_leger":"Physiquement impossible","acces_pieton":null,"periode_de_fermeture":null,"nature_de_la_restriction":null,"restriction_de_hauteur":null,"restriction_de_poids_total":null,"restriction_de_poids_par_essieu":null,"restriction_de_largeur":null,"restriction_de_longueur":null,"matieres_dangereuses_interdites":false,"borne_debut_gauche":null,"borne_debut_droite":null,"borne_fin_gauche":null,"borne_fin_droite":null,"insee_commune_gauche":"75112","insee_commune_droite":"75112","alias_gauche":null,"alias_droit":null,"date_de_mise_en_service":null,"liens_vers_route_nommee":null,"liens_vers_itineraire_autre":null,"cpx_numero":null,"cpx_numero_route_europeenne":null,"cpx_classement_administratif":null,"cpx_gestionnaire":null,"cpx_toponyme_route_nommee":null,"cpx_toponyme_itineraire_cyclable":null,"cpx_toponyme_voie_verte":null,"cpx_nature_itineraire_autre":null,"cpx_toponyme_itineraire_autre":null,"delestage":null,"source_voie_ban_gauche":null,"source_voie_ban_droite":null,"nom_voie_ban_gauche":null,"nom_voie_ban_droite":null,"lieux_dits_ban_gauche":null,"lieux_dits_ban_droite":null,"identifiant_voie_ban_gauche":null,"identifiant_voie_ban_droite":null,"sens_amenagement_cyclable_gauche":null,"sens_amenagement_cyclable_droit":null,"amenagement_cyclable_gauche":null,"amenagement_cyclable_droit":null,"aire_de_retournement_dfci":null,"gabarit_dfci":null,"impasse_dfci":null,"nature_detaillee_dfci":null,"ouvrage_d_art_limitant_dfci":null,"pente_maximale_dfci":null,"piste_dfci":null,"piste_dfci_debroussaillee":null,"piste_dfci_fosses":null,"sens_de_circulation_dfci":null,"tout_terrain_dfci":null,"vitesse_moyenne_dfci":null,"zone_de_croisement_dfci":null,"categorie_dfci":null,"vitesse_collaborative":null,"id_ban_odonyme_droite":null,"id_ban_odonyme_gauche":null}},{"type":"Feature","id":"troncon_de_route.22292","geometry":{"type":"LineString","coordinates":[[2.38291821,48.83362944,40.1],[2.3828929,48.83369586,40.1],[2.38271136,48.83384063,35.5]]},"geometry_name":"geometrie","properties":{"cleabs":"TRONROUT0000000000203540","nature":"Escalier","nom_collaboratif_gauche":null,"nom_collaboratif_droite":null,"importance":"6","fictif":false,"position_par_rapport_au_sol":"0","etat_de_l_objet":"En service","date_creation":"2006-05-22T11:18:11.781Z","date_modification":"2024-09-27T19:22:29.786Z","date_d_apparition":null,"date_de_confirmation":null,"sources":null,"identifiants_sources":null,"methode_d_acquisition_planimetrique":"BDTopo","precision_planimetrique":2.5,"methode_d_acquisition_altimetrique":"BDTopo","precision_altimetrique":1.5,"nombre_de_voies":null,"largeur_de_chaussee":null,"itineraire_vert":false,"prive":false,"sens_de_circulation":"Sans objet","reserve_aux_bus":null,"urbain":true,"vitesse_moyenne_vl":0,"acces_vehicule_leger":"Physiquement impossible","acces_pieton":null,"periode_de_fermeture":null,"nature_de_la_restriction":null,"restriction_de_hauteur":null,"restriction_de_poids_total":null,"restriction_de_poids_par_essieu":null,"restriction_de_largeur":null,"restriction_de_longueur":null,"matieres_dangereuses_interdites":false,"borne_debut_gauche":null,"borne_debut_droite":null,"borne_fin_gauche":null,"borne_fin_droite":null,"insee_commune_gauche":"75112","insee_commune_droite":"75112","alias_gauche":null,"alias_droit":null,"date_de_mise_en_service":null,"liens_vers_route_nommee":null,"liens_vers_itineraire_autre":null,"cpx_numero":null,"cpx_numero_route_europeenne":null,"cpx_classement_administratif":null,"cpx_gestionnaire":null,"cpx_toponyme_route_nommee":null,"cpx_toponyme_itineraire_cyclable":null,"cpx_toponyme_voie_verte":null,"cpx_nature_itineraire_autre":null,"cpx_toponyme_itineraire_autre":null,"delestage":null,"source_voie_ban_gauche":null,"source_voie_ban_droite":null,"nom_voie_ban_gauche":null,"nom_voie_ban_droite":null,"lieux_dits_ban_gauche":null,"lieux_dits_ban_droite":null,"identifiant_voie_ban_gauche":null,"identifiant_voie_ban_droite":null,"sens_amenagement_cyclable_gauche":null,"sens_amenagement_cyclable_droit":null,"amenagement_cyclable_gauche":null,"amenagement_cyclable_droit":null,"aire_de_retournement_dfci":null,"gabarit_dfci":null,"impasse_dfci":null,"nature_detaillee_dfci":null,"ouvrage_d_art_limitant_dfci":null,"pente_maximale_dfci":null,"piste_dfci":null,"piste_dfci_debroussaillee":null,"piste_dfci_fosses":null,"sens_de_circulation_dfci":null,"tout_terrain_dfci":null,"vitesse_moyenne_dfci":null,"zone_de_croisement_dfci":null,"categorie_dfci":null,"vitesse_collaborative":null,"id_ban_odonyme_droite":null,"id_ban_odonyme_gauche":null}},{"type":"Feature","id":"troncon_de_route.22293","geometry":{"type":"LineString","coordinates":[[2.38194953,48.83363523,36],[2.38150939,48.83398821,35.4],[2.38143926,48.83404361,35.1]]},"geometry_name":"geometrie","properties":{"cleabs":"TRONROUT0000000000203541","nature":"Route à 2 chaussées","nom_collaboratif_gauche":"QU DE BERCY","nom_collaboratif_droite":"QU DE BERCY","importance":"4","fictif":false,"position_par_rapport_au_sol":"0","etat_de_l_objet":"En service","date_creation":"2006-05-22T11:18:11.781Z","date_modification":"2024-12-14T07:04:06.119Z","date_d_apparition":null,"date_de_confirmation":null,"sources":null,"identifiants_sources":null,"methode_d_acquisition_planimetrique":"BDTopo","precision_planimetrique":2.5,"methode_d_acquisition_altimetrique":"BDTopo","precision_altimetrique":1.5,"nombre_de_voies":2,"largeur_de_chaussee":7,"itineraire_vert":false,"prive":false,"sens_de_circulation":"Sens inverse","reserve_aux_bus":null,"urbain":true,"vitesse_moyenne_vl":45,"acces_vehicule_leger":"Libre","acces_pieton":null,"periode_de_fermeture":null,"nature_de_la_restriction":null,"restriction_de_hauteur":null,"restriction_de_poids_total":null,"restriction_de_poids_par_essieu":null,"restriction_de_largeur":null,"restriction_de_longueur":null,"matieres_dangereuses_interdites":false,"borne_debut_gauche":"","borne_debut_droite":"","borne_fin_gauche":"","borne_fin_droite":"","insee_commune_gauche":"75112","insee_commune_droite":"75112","alias_gauche":"","alias_droit":"","date_de_mise_en_service":null,"liens_vers_route_nommee":"","liens_vers_itineraire_autre":null,"cpx_numero":null,"cpx_numero_route_europeenne":null,"cpx_classement_administratif":null,"cpx_gestionnaire":null,"cpx_toponyme_route_nommee":null,"cpx_toponyme_itineraire_cyclable":null,"cpx_toponyme_voie_verte":null,"cpx_nature_itineraire_autre":null,"cpx_toponyme_itineraire_autre":null,"delestage":null,"source_voie_ban_gauche":"commune","source_voie_ban_droite":"commune","nom_voie_ban_gauche":"Quai de Bercy","nom_voie_ban_droite":"Quai de Bercy","lieux_dits_ban_gauche":null,"lieux_dits_ban_droite":null,"identifiant_voie_ban_gauche":"75112_0880","identifiant_voie_ban_droite":"75112_0880","sens_amenagement_cyclable_gauche":null,"sens_amenagement_cyclable_droit":null,"amenagement_cyclable_gauche":null,"amenagement_cyclable_droit":null,"aire_de_retournement_dfci":null,"gabarit_dfci":null,"impasse_dfci":null,"nature_detaillee_dfci":null,"ouvrage_d_art_limitant_dfci":null,"pente_maximale_dfci":null,"piste_dfci":null,"piste_dfci_debroussaillee":null,"piste_dfci_fosses":null,"sens_de_circulation_dfci":null,"tout_terrain_dfci":null,"vitesse_moyenne_dfci":null,"zone_de_croisement_dfci":null,"categorie_dfci":null,"vitesse_collaborative":null,"id_ban_odonyme_droite":null,"id_ban_odonyme_gauche":null}},{"type":"Feature","id":"troncon_de_route.22294","geometry":{"type":"LineString","coordinates":[[2.38210494,48.83351102,36.3],[2.38194953,48.83363523,36]]},"geometry_name":"geometrie","properties":{"cleabs":"TRONROUT0000000000203542","nature":"Route à 2 chaussées","nom_collaboratif_gauche":"QU DE BERCY","nom_collaboratif_droite":"QU DE BERCY","importance":"4","fictif":false,"position_par_rapport_au_sol":"0","etat_de_l_objet":"En service","date_creation":"2006-05-22T11:18:11.781Z","date_modification":"2024-12-14T07:04:06.119Z","date_d_apparition":null,"date_de_confirmation":null,"sources":null,"identifiants_sources":null,"methode_d_acquisition_planimetrique":"BDTopo","precision_planimetrique":2.5,"methode_d_acquisition_altimetrique":"BDTopo","precision_altimetrique":1.5,"nombre_de_voies":2,"largeur_de_chaussee":7,"itineraire_vert":false,"prive":false,"sens_de_circulation":"Sens inverse","reserve_aux_bus":null,"urbain":true,"vitesse_moyenne_vl":40,"acces_vehicule_leger":"Libre","acces_pieton":null,"periode_de_fermeture":null,"nature_de_la_restriction":null,"restriction_de_hauteur":null,"restriction_de_poids_total":null,"restriction_de_poids_par_essieu":null,"restriction_de_largeur":null,"restriction_de_longueur":null,"matieres_dangereuses_interdites":false,"borne_debut_gauche":"","borne_debut_droite":"","borne_fin_gauche":"","borne_fin_droite":"","insee_commune_gauche":"75112","insee_commune_droite":"75112","alias_gauche":"","alias_droit":"","date_de_mise_en_service":null,"liens_vers_route_nommee":"","liens_vers_itineraire_autre":null,"cpx_numero":null,"cpx_numero_route_europeenne":null,"cpx_classement_administratif":null,"cpx_gestionnaire":null,"cpx_toponyme_route_nommee":null,"cpx_toponyme_itineraire_cyclable":null,"cpx_toponyme_voie_verte":null,"cpx_nature_itineraire_autre":null,"cpx_toponyme_itineraire_autre":null,"delestage":null,"source_voie_ban_gauche":"commune","source_voie_ban_droite":"commune","nom_voie_ban_gauche":"Quai de Bercy","nom_voie_ban_droite":"Quai de Bercy","lieux_dits_ban_gauche":null,"lieux_dits_ban_droite":null,"identifiant_voie_ban_gauche":"75112_0880","identifiant_voie_ban_droite":"75112_0880","sens_amenagement_cyclable_gauche":null,"sens_amenagement_cyclable_droit":null,"amenagement_cyclable_gauche":null,"amenagement_cyclable_droit":null,"aire_de_retournement_dfci":null,"gabarit_dfci":null,"impasse_dfci":null,"nature_detaillee_dfci":null,"ouvrage_d_art_limitant_dfci":null,"pente_maximale_dfci":null,"piste_dfci":null,"piste_dfci_debroussaillee":null,"piste_dfci_fosses":null,"sens_de_circulation_dfci":null,"tout_terrain_dfci":null,"vitesse_moyenne_dfci":null,"zone_de_croisement_dfci":null,"categorie_dfci":null,"vitesse_collaborative":null,"id_ban_odonyme_droite":null,"id_ban_odonyme_gauche":null}},{"type":"Feature","id":"troncon_de_route.22295","geometry":{"type":"LineString","coordinates":[[2.38249205,48.83372347,35.8],[2.38233118,48.83384856,36.2]]},"geometry_name":"geometrie","properties":{"cleabs":"TRONROUT0000000000203543","nature":"Route à 2 chaussées","nom_collaboratif_gauche":"QU DE BERCY","nom_collaboratif_droite":"QU DE BERCY","importance":"4","fictif":false,"position_par_rapport_au_sol":"0","etat_de_l_objet":"En service","date_creation":"2006-05-22T11:18:11.781Z","date_modification":"2024-12-14T07:04:06.119Z","date_d_apparition":null,"date_de_confirmation":null,"sources":null,"identifiants_sources":null,"methode_d_acquisition_planimetrique":"BDTopo","precision_planimetrique":2.5,"methode_d_acquisition_altimetrique":"BDTopo","precision_altimetrique":1.5,"nombre_de_voies":3,"largeur_de_chaussee":9,"itineraire_vert":false,"prive":false,"sens_de_circulation":"Sens direct","reserve_aux_bus":null,"urbain":true,"vitesse_moyenne_vl":40,"acces_vehicule_leger":"Libre","acces_pieton":null,"periode_de_fermeture":null,"nature_de_la_restriction":null,"restriction_de_hauteur":null,"restriction_de_poids_total":null,"restriction_de_poids_par_essieu":null,"restriction_de_largeur":null,"restriction_de_longueur":null,"matieres_dangereuses_interdites":false,"borne_debut_gauche":"","borne_debut_droite":"","borne_fin_gauche":"","borne_fin_droite":"","insee_commune_gauche":"75112","insee_commune_droite":"75112","alias_gauche":"","alias_droit":"","date_de_mise_en_service":null,"liens_vers_route_nommee":"","liens_vers_itineraire_autre":null,"cpx_numero":null,"cpx_numero_route_europeenne":null,"cpx_classement_administratif":null,"cpx_gestionnaire":null,"cpx_toponyme_route_nommee":null,"cpx_toponyme_itineraire_cyclable":null,"cpx_toponyme_voie_verte":null,"cpx_nature_itineraire_autre":null,"cpx_toponyme_itineraire_autre":null,"delestage":null,"source_voie_ban_gauche":"commune","source_voie_ban_droite":"commune","nom_voie_ban_gauche":"Quai de Bercy","nom_voie_ban_droite":"Quai de Bercy","lieux_dits_ban_gauche":null,"lieux_dits_ban_droite":null,"identifiant_voie_ban_gauche":"75112_0880","identifiant_voie_ban_droite":"75112_0880","sens_amenagement_cyclable_gauche":null,"sens_amenagement_cyclable_droit":null,"amenagement_cyclable_gauche":null,"amenagement_cyclable_droit":null,"aire_de_retournement_dfci":null,"gabarit_dfci":null,"impasse_dfci":null,"nature_detaillee_dfci":null,"ouvrage_d_art_limitant_dfci":null,"pente_maximale_dfci":null,"piste_dfci":null,"piste_dfci_debroussaillee":null,"piste_dfci_fosses":null,"sens_de_circulation_dfci":null,"tout_terrain_dfci":null,"vitesse_moyenne_dfci":null,"zone_de_croisement_dfci":null,"categorie_dfci":null,"vitesse_collaborative":null,"id_ban_odonyme_droite":null,"id_ban_odonyme_gauche":null}},{"type":"Feature","id":"troncon_de_route.22296","geometry":{"type":"LineString","coordinates":[[2.38205891,48.8334865,35.9],[2.3820711,48.83349286,36],[2.38210494,48.83351102,36.3]]},"geometry_name":"geometrie","properties":{"cleabs":"TRONROUT0000000000203544","nature":"Route à 1 chaussée","nom_collaboratif_gauche":"PONT DE TOLBIAC","nom_collaboratif_droite":"PONT DE TOLBIAC","importance":"4","fictif":false,"position_par_rapport_au_sol":"0","etat_de_l_objet":"En service","date_creation":"2006-05-22T11:18:11.781Z","date_modification":"2024-09-21T06:34:42.538Z","date_d_apparition":null,"date_de_confirmation":null,"sources":null,"identifiants_sources":null,"methode_d_acquisition_planimetrique":"Photogrammétrie","precision_planimetrique":2.5,"methode_d_acquisition_altimetrique":"Photogrammétrie","precision_altimetrique":1.5,"nombre_de_voies":3,"largeur_de_chaussee":10.5,"itineraire_vert":false,"prive":false,"sens_de_circulation":"Double sens","reserve_aux_bus":null,"urbain":true,"vitesse_moyenne_vl":45,"acces_vehicule_leger":"Libre","acces_pieton":null,"periode_de_fermeture":null,"nature_de_la_restriction":null,"restriction_de_hauteur":null,"restriction_de_poids_total":null,"restriction_de_poids_par_essieu":null,"restriction_de_largeur":null,"restriction_de_longueur":null,"matieres_dangereuses_interdites":false,"borne_debut_gauche":"","borne_debut_droite":"","borne_fin_gauche":"","borne_fin_droite":"","insee_commune_gauche":"75112","insee_commune_droite":"75112","alias_gauche":"","alias_droit":"","date_de_mise_en_service":null,"liens_vers_route_nommee":"","liens_vers_itineraire_autre":null,"cpx_numero":null,"cpx_numero_route_europeenne":null,"cpx_classement_administratif":null,"cpx_gestionnaire":null,"cpx_toponyme_route_nommee":null,"cpx_toponyme_itineraire_cyclable":null,"cpx_toponyme_voie_verte":null,"cpx_nature_itineraire_autre":null,"cpx_toponyme_itineraire_autre":null,"delestage":null,"source_voie_ban_gauche":null,"source_voie_ban_droite":null,"nom_voie_ban_gauche":null,"nom_voie_ban_droite":null,"lieux_dits_ban_gauche":null,"lieux_dits_ban_droite":null,"identifiant_voie_ban_gauche":null,"identifiant_voie_ban_droite":null,"sens_amenagement_cyclable_gauche":null,"sens_amenagement_cyclable_droit":null,"amenagement_cyclable_gauche":null,"amenagement_cyclable_droit":null,"aire_de_retournement_dfci":null,"gabarit_dfci":null,"impasse_dfci":null,"nature_detaillee_dfci":null,"ouvrage_d_art_limitant_dfci":null,"pente_maximale_dfci":null,"piste_dfci":null,"piste_dfci_debroussaillee":null,"piste_dfci_fosses":null,"sens_de_circulation_dfci":null,"tout_terrain_dfci":null,"vitesse_moyenne_dfci":null,"zone_de_croisement_dfci":null,"categorie_dfci":null,"vitesse_collaborative":null,"id_ban_odonyme_droite":null,"id_ban_odonyme_gauche":null}},{"type":"Feature","id":"troncon_de_route.22297","geometry":{"type":"LineString","coordinates":[[2.38281446,48.83295708,35.2],[2.38248026,48.83322337,35.4],[2.38225892,48.8333931,36]]},"geometry_name":"geometrie","properties":{"cleabs":"TRONROUT0000000000203547","nature":"Route à 2 chaussées","nom_collaboratif_gauche":"QU DE BERCY","nom_collaboratif_droite":"QU DE BERCY","importance":"4","fictif":false,"position_par_rapport_au_sol":"0","etat_de_l_objet":"En service","date_creation":"2006-05-22T11:18:11.781Z","date_modification":"2024-12-14T07:04:06.119Z","date_d_apparition":null,"date_de_confirmation":null,"sources":null,"identifiants_sources":null,"methode_d_acquisition_planimetrique":"BDTopo","precision_planimetrique":2.5,"methode_d_acquisition_altimetrique":"BDTopo","precision_altimetrique":1.5,"nombre_de_voies":2,"largeur_de_chaussee":7,"itineraire_vert":false,"prive":false,"sens_de_circulation":"Sens inverse","reserve_aux_bus":null,"urbain":true,"vitesse_moyenne_vl":40,"acces_vehicule_leger":"Libre","acces_pieton":null,"periode_de_fermeture":null,"nature_de_la_restriction":null,"restriction_de_hauteur":null,"restriction_de_poids_total":null,"restriction_de_poids_par_essieu":null,"restriction_de_largeur":null,"restriction_de_longueur":null,"matieres_dangereuses_interdites":false,"borne_debut_gauche":"","borne_debut_droite":"","borne_fin_gauche":"","borne_fin_droite":"","insee_commune_gauche":"75112","insee_commune_droite":"75112","alias_gauche":"","alias_droit":"","date_de_mise_en_service":null,"liens_vers_route_nommee":"","liens_vers_itineraire_autre":null,"cpx_numero":null,"cpx_numero_route_europeenne":null,"cpx_classement_administratif":null,"cpx_gestionnaire":null,"cpx_toponyme_route_nommee":null,"cpx_toponyme_itineraire_cyclable":null,"cpx_toponyme_voie_verte":null,"cpx_nature_itineraire_autre":null,"cpx_toponyme_itineraire_autre":null,"delestage":null,"source_voie_ban_gauche":"commune","source_voie_ban_droite":"commune","nom_voie_ban_gauche":"Quai de Bercy","nom_voie_ban_droite":"Quai de Bercy","lieux_dits_ban_gauche":null,"lieux_dits_ban_droite":null,"identifiant_voie_ban_gauche":"75112_0880","identifiant_voie_ban_droite":"75112_0880","sens_amenagement_cyclable_gauche":null,"sens_amenagement_cyclable_droit":null,"amenagement_cyclable_gauche":null,"amenagement_cyclable_droit":null,"aire_de_retournement_dfci":null,"gabarit_dfci":null,"impasse_dfci":null,"nature_detaillee_dfci":null,"ouvrage_d_art_limitant_dfci":null,"pente_maximale_dfci":null,"piste_dfci":null,"piste_dfci_debroussaillee":null,"piste_dfci_fosses":null,"sens_de_circulation_dfci":null,"tout_terrain_dfci":null,"vitesse_moyenne_dfci":null,"zone_de_croisement_dfci":null,"categorie_dfci":null,"vitesse_collaborative":null,"id_ban_odonyme_droite":null,"id_ban_odonyme_gauche":null}},{"type":"Feature","id":"troncon_de_route.22298","geometry":{"type":"LineString","coordinates":[[2.38264335,48.83360194,36.2],[2.38225892,48.8333931,36]]},"geometry_name":"geometrie","properties":{"cleabs":"TRONROUT0000000000203548","nature":"Route à 1 chaussée","nom_collaboratif_gauche":null,"nom_collaboratif_droite":null,"importance":"4","fictif":false,"position_par_rapport_au_sol":"0","etat_de_l_objet":"En service","date_creation":"2006-05-22T11:18:11.781Z","date_modification":"2025-09-19T09:36:09.262Z","date_d_apparition":null,"date_de_confirmation":null,"sources":null,"identifiants_sources":null,"methode_d_acquisition_planimetrique":"Photogrammétrie","precision_planimetrique":2.5,"methode_d_acquisition_altimetrique":"Photogrammétrie","precision_altimetrique":1.5,"nombre_de_voies":2,"largeur_de_chaussee":5,"itineraire_vert":false,"prive":false,"sens_de_circulation":"Sens direct","reserve_aux_bus":null,"urbain":true,"vitesse_moyenne_vl":40,"acces_vehicule_leger":"Libre","acces_pieton":null,"periode_de_fermeture":null,"nature_de_la_restriction":null,"restriction_de_hauteur":null,"restriction_de_poids_total":null,"restriction_de_poids_par_essieu":null,"restriction_de_largeur":null,"restriction_de_longueur":null,"matieres_dangereuses_interdites":false,"borne_debut_gauche":null,"borne_debut_droite":null,"borne_fin_gauche":null,"borne_fin_droite":null,"insee_commune_gauche":"75112","insee_commune_droite":"75112","alias_gauche":null,"alias_droit":null,"date_de_mise_en_service":null,"liens_vers_route_nommee":null,"liens_vers_itineraire_autre":null,"cpx_numero":null,"cpx_numero_route_europeenne":null,"cpx_classement_administratif":null,"cpx_gestionnaire":null,"cpx_toponyme_route_nommee":null,"cpx_toponyme_itineraire_cyclable":null,"cpx_toponyme_voie_verte":null,"cpx_nature_itineraire_autre":null,"cpx_toponyme_itineraire_autre":null,"delestage":null,"source_voie_ban_gauche":null,"source_voie_ban_droite":null,"nom_voie_ban_gauche":null,"nom_voie_ban_droite":null,"lieux_dits_ban_gauche":null,"lieux_dits_ban_droite":null,"identifiant_voie_ban_gauche":null,"identifiant_voie_ban_droite":null,"sens_amenagement_cyclable_gauche":null,"sens_amenagement_cyclable_droit":null,"amenagement_cyclable_gauche":null,"amenagement_cyclable_droit":null,"aire_de_retournement_dfci":null,"gabarit_dfci":null,"impasse_dfci":null,"nature_detaillee_dfci":null,"ouvrage_d_art_limitant_dfci":null,"pente_maximale_dfci":null,"piste_dfci":null,"piste_dfci_debroussaillee":null,"piste_dfci_fosses":null,"sens_de_circulation_dfci":null,"tout_terrain_dfci":null,"vitesse_moyenne_dfci":null,"zone_de_croisement_dfci":null,"categorie_dfci":null,"vitesse_collaborative":null,"id_ban_odonyme_droite":null,"id_ban_odonyme_gauche":null}},{"type":"Feature","id":"troncon_de_route.22299","geometry":{"type":"LineString","coordinates":[[2.38264335,48.83360194,36.2],[2.38249205,48.83372347,35.8]]},"geometry_name":"geometrie","properties":{"cleabs":"TRONROUT0000000000203549","nature":"Route à 2 chaussées","nom_collaboratif_gauche":"QU DE BERCY","nom_collaboratif_droite":"QU DE BERCY","importance":"4","fictif":false,"position_par_rapport_au_sol":"0","etat_de_l_objet":"En service","date_creation":"2006-05-22T11:18:11.781Z","date_modification":"2024-12-14T07:04:06.119Z","date_d_apparition":null,"date_de_confirmation":null,"sources":null,"identifiants_sources":null,"methode_d_acquisition_planimetrique":"BDTopo","precision_planimetrique":2.5,"methode_d_acquisition_altimetrique":"BDTopo","precision_altimetrique":1.5,"nombre_de_voies":3,"largeur_de_chaussee":9,"itineraire_vert":false,"prive":false,"sens_de_circulation":"Sens direct","reserve_aux_bus":null,"urbain":true,"vitesse_moyenne_vl":40,"acces_vehicule_leger":"Libre","acces_pieton":null,"periode_de_fermeture":null,"nature_de_la_restriction":null,"restriction_de_hauteur":null,"restriction_de_poids_total":null,"restriction_de_poids_par_essieu":null,"restriction_de_largeur":null,"restriction_de_longueur":null,"matieres_dangereuses_interdites":false,"borne_debut_gauche":"","borne_debut_droite":"","borne_fin_gauche":"","borne_fin_droite":"","insee_commune_gauche":"75112","insee_commune_droite":"75112","alias_gauche":"","alias_droit":"","date_de_mise_en_service":null,"liens_vers_route_nommee":"","liens_vers_itineraire_autre":null,"cpx_numero":null,"cpx_numero_route_europeenne":null,"cpx_classement_administratif":null,"cpx_gestionnaire":null,"cpx_toponyme_route_nommee":null,"cpx_toponyme_itineraire_cyclable":null,"cpx_toponyme_voie_verte":null,"cpx_nature_itineraire_autre":null,"cpx_toponyme_itineraire_autre":null,"delestage":null,"source_voie_ban_gauche":"commune","source_voie_ban_droite":"commune","nom_voie_ban_gauche":"Quai de Bercy","nom_voie_ban_droite":"Quai de Bercy","lieux_dits_ban_gauche":null,"lieux_dits_ban_droite":null,"identifiant_voie_ban_gauche":"75112_0880","identifiant_voie_ban_droite":"75112_0880","sens_amenagement_cyclable_gauche":null,"sens_amenagement_cyclable_droit":null,"amenagement_cyclable_gauche":null,"amenagement_cyclable_droit":null,"aire_de_retournement_dfci":null,"gabarit_dfci":null,"impasse_dfci":null,"nature_detaillee_dfci":null,"ouvrage_d_art_limitant_dfci":null,"pente_maximale_dfci":null,"piste_dfci":null,"piste_dfci_debroussaillee":null,"piste_dfci_fosses":null,"sens_de_circulation_dfci":null,"tout_terrain_dfci":null,"vitesse_moyenne_dfci":null,"zone_de_croisement_dfci":null,"categorie_dfci":null,"vitesse_collaborative":null,"id_ban_odonyme_droite":null,"id_ban_odonyme_gauche":null}},{"type":"Feature","id":"troncon_de_route.22300","geometry":{"type":"LineString","coordinates":[[2.38194953,48.83363523,36],[2.38233118,48.83384856,36.2]]},"geometry_name":"geometrie","properties":{"cleabs":"TRONROUT0000000000203551","nature":"Route à 1 chaussée","nom_collaboratif_gauche":null,"nom_collaboratif_droite":null,"importance":"4","fictif":false,"position_par_rapport_au_sol":"0","etat_de_l_objet":"En service","date_creation":"2006-05-22T11:18:11.781Z","date_modification":"2025-09-19T09:36:09.262Z","date_d_apparition":null,"date_de_confirmation":null,"sources":null,"identifiants_sources":null,"methode_d_acquisition_planimetrique":"Photogrammétrie","precision_planimetrique":2.5,"methode_d_acquisition_altimetrique":"Photogrammétrie","precision_altimetrique":1.5,"nombre_de_voies":2,"largeur_de_chaussee":5,"itineraire_vert":false,"prive":false,"sens_de_circulation":"Sens direct","reserve_aux_bus":null,"urbain":true,"vitesse_moyenne_vl":40,"acces_vehicule_leger":"Libre","acces_pieton":null,"periode_de_fermeture":null,"nature_de_la_restriction":null,"restriction_de_hauteur":null,"restriction_de_poids_total":null,"restriction_de_poids_par_essieu":null,"restriction_de_largeur":null,"restriction_de_longueur":null,"matieres_dangereuses_interdites":false,"borne_debut_gauche":null,"borne_debut_droite":null,"borne_fin_gauche":null,"borne_fin_droite":null,"insee_commune_gauche":"75112","insee_commune_droite":"75112","alias_gauche":null,"alias_droit":null,"date_de_mise_en_service":null,"liens_vers_route_nommee":null,"liens_vers_itineraire_autre":null,"cpx_numero":null,"cpx_numero_route_europeenne":null,"cpx_classement_administratif":null,"cpx_gestionnaire":null,"cpx_toponyme_route_nommee":null,"cpx_toponyme_itineraire_cyclable":null,"cpx_toponyme_voie_verte":null,"cpx_nature_itineraire_autre":null,"cpx_toponyme_itineraire_autre":null,"delestage":null,"source_voie_ban_gauche":null,"source_voie_ban_droite":null,"nom_voie_ban_gauche":null,"nom_voie_ban_droite":null,"lieux_dits_ban_gauche":null,"lieux_dits_ban_droite":null,"identifiant_voie_ban_gauche":null,"identifiant_voie_ban_droite":null,"sens_amenagement_cyclable_gauche":null,"sens_amenagement_cyclable_droit":null,"amenagement_cyclable_gauche":null,"amenagement_cyclable_droit":null,"aire_de_retournement_dfci":null,"gabarit_dfci":null,"impasse_dfci":null,"nature_detaillee_dfci":null,"ouvrage_d_art_limitant_dfci":null,"pente_maximale_dfci":null,"piste_dfci":null,"piste_dfci_debroussaillee":null,"piste_dfci_fosses":null,"sens_de_circulation_dfci":null,"tout_terrain_dfci":null,"vitesse_moyenne_dfci":null,"zone_de_croisement_dfci":null,"categorie_dfci":null,"vitesse_collaborative":null,"id_ban_odonyme_droite":null,"id_ban_odonyme_gauche":null}},{"type":"Feature","id":"troncon_de_route.22301","geometry":{"type":"LineString","coordinates":[[2.38225892,48.8333931,36],[2.38210494,48.83351102,36.3]]},"geometry_name":"geometrie","properties":{"cleabs":"TRONROUT0000000000203552","nature":"Route à 2 chaussées","nom_collaboratif_gauche":"QU DE BERCY","nom_collaboratif_droite":"QU DE BERCY","importance":"4","fictif":false,"position_par_rapport_au_sol":"0","etat_de_l_objet":"En service","date_creation":"2006-05-22T11:18:11.781Z","date_modification":"2024-12-14T07:04:06.119Z","date_d_apparition":null,"date_de_confirmation":null,"sources":null,"identifiants_sources":null,"methode_d_acquisition_planimetrique":"BDTopo","precision_planimetrique":2.5,"methode_d_acquisition_altimetrique":"BDTopo","precision_altimetrique":1.5,"nombre_de_voies":2,"largeur_de_chaussee":7,"itineraire_vert":false,"prive":false,"sens_de_circulation":"Sens inverse","reserve_aux_bus":null,"urbain":true,"vitesse_moyenne_vl":40,"acces_vehicule_leger":"Libre","acces_pieton":null,"periode_de_fermeture":null,"nature_de_la_restriction":null,"restriction_de_hauteur":null,"restriction_de_poids_total":null,"restriction_de_poids_par_essieu":null,"restriction_de_largeur":null,"restriction_de_longueur":null,"matieres_dangereuses_interdites":false,"borne_debut_gauche":"","borne_debut_droite":"","borne_fin_gauche":"","borne_fin_droite":"","insee_commune_gauche":"75112","insee_commune_droite":"75112","alias_gauche":"","alias_droit":"","date_de_mise_en_service":null,"liens_vers_route_nommee":"","liens_vers_itineraire_autre":null,"cpx_numero":null,"cpx_numero_route_europeenne":null,"cpx_classement_administratif":null,"cpx_gestionnaire":null,"cpx_toponyme_route_nommee":null,"cpx_toponyme_itineraire_cyclable":null,"cpx_toponyme_voie_verte":null,"cpx_nature_itineraire_autre":null,"cpx_toponyme_itineraire_autre":null,"delestage":null,"source_voie_ban_gauche":"commune","source_voie_ban_droite":"commune","nom_voie_ban_gauche":"Quai de Bercy","nom_voie_ban_droite":"Quai de Bercy","lieux_dits_ban_gauche":null,"lieux_dits_ban_droite":null,"identifiant_voie_ban_gauche":"75112_0880","identifiant_voie_ban_droite":"75112_0880","sens_amenagement_cyclable_gauche":null,"sens_amenagement_cyclable_droit":null,"amenagement_cyclable_gauche":null,"amenagement_cyclable_droit":null,"aire_de_retournement_dfci":null,"gabarit_dfci":null,"impasse_dfci":null,"nature_detaillee_dfci":null,"ouvrage_d_art_limitant_dfci":null,"pente_maximale_dfci":null,"piste_dfci":null,"piste_dfci_debroussaillee":null,"piste_dfci_fosses":null,"sens_de_circulation_dfci":null,"tout_terrain_dfci":null,"vitesse_moyenne_dfci":null,"zone_de_croisement_dfci":null,"categorie_dfci":null,"vitesse_collaborative":null,"id_ban_odonyme_droite":null,"id_ban_odonyme_gauche":null}},{"type":"Feature","id":"troncon_de_route.22302","geometry":{"type":"LineString","coordinates":[[2.38421722,48.83218546,35],[2.38390645,48.83243028,35],[2.38387619,48.83245441,35],[2.38359013,48.83268317,35],[2.38344023,48.83280202,35],[2.38320506,48.83298967,34.5],[2.38311157,48.83306114,34.1],[2.38289838,48.83323272,32.4],[2.38262882,48.83344808,30.9]]},"geometry_name":"geometrie","properties":{"cleabs":"TRONROUT0000000000203553","nature":"Route à 2 chaussées","nom_collaboratif_gauche":"QU DE BERCY","nom_collaboratif_droite":"QU DE BERCY","importance":"3","fictif":false,"position_par_rapport_au_sol":"0","etat_de_l_objet":"En service","date_creation":"2006-05-22T11:18:11.781Z","date_modification":"2024-12-14T07:04:06.119Z","date_d_apparition":null,"date_de_confirmation":null,"sources":null,"identifiants_sources":null,"methode_d_acquisition_planimetrique":"Photogrammétrie","precision_planimetrique":2.5,"methode_d_acquisition_altimetrique":"Photogrammétrie","precision_altimetrique":1.5,"nombre_de_voies":3,"largeur_de_chaussee":9,"itineraire_vert":true,"prive":false,"sens_de_circulation":"Sens direct","reserve_aux_bus":null,"urbain":true,"vitesse_moyenne_vl":45,"acces_vehicule_leger":"Libre","acces_pieton":null,"periode_de_fermeture":null,"nature_de_la_restriction":null,"restriction_de_hauteur":null,"restriction_de_poids_total":null,"restriction_de_poids_par_essieu":null,"restriction_de_largeur":null,"restriction_de_longueur":null,"matieres_dangereuses_interdites":false,"borne_debut_gauche":null,"borne_debut_droite":null,"borne_fin_gauche":null,"borne_fin_droite":null,"insee_commune_gauche":"75112","insee_commune_droite":"75112","alias_gauche":null,"alias_droit":null,"date_de_mise_en_service":null,"liens_vers_route_nommee":null,"liens_vers_itineraire_autre":null,"cpx_numero":null,"cpx_numero_route_europeenne":null,"cpx_classement_administratif":null,"cpx_gestionnaire":null,"cpx_toponyme_route_nommee":null,"cpx_toponyme_itineraire_cyclable":null,"cpx_toponyme_voie_verte":null,"cpx_nature_itineraire_autre":null,"cpx_toponyme_itineraire_autre":null,"delestage":null,"source_voie_ban_gauche":"commune","source_voie_ban_droite":"commune","nom_voie_ban_gauche":"Quai de Bercy","nom_voie_ban_droite":"Quai de Bercy","lieux_dits_ban_gauche":null,"lieux_dits_ban_droite":null,"identifiant_voie_ban_gauche":"75112_0880","identifiant_voie_ban_droite":"75112_0880","sens_amenagement_cyclable_gauche":null,"sens_amenagement_cyclable_droit":null,"amenagement_cyclable_gauche":null,"amenagement_cyclable_droit":null,"aire_de_retournement_dfci":null,"gabarit_dfci":null,"impasse_dfci":null,"nature_detaillee_dfci":null,"ouvrage_d_art_limitant_dfci":null,"pente_maximale_dfci":null,"piste_dfci":null,"piste_dfci_debroussaillee":null,"piste_dfci_fosses":null,"sens_de_circulation_dfci":null,"tout_terrain_dfci":null,"vitesse_moyenne_dfci":null,"zone_de_croisement_dfci":null,"categorie_dfci":null,"vitesse_collaborative":null,"id_ban_odonyme_droite":null,"id_ban_odonyme_gauche":null}},{"type":"Feature","id":"troncon_de_route.22303","geometry":{"type":"LineString","coordinates":[[2.37925345,48.83260858,35.9],[2.37968898,48.83229876,35.9],[2.37977012,48.83223443,35.9]]},"geometry_name":"geometrie","properties":{"cleabs":"TRONROUT0000000000203554","nature":"Route à 1 chaussée","nom_collaboratif_gauche":"QU FRANCOIS MAURIAC","nom_collaboratif_droite":"QU FRANCOIS MAURIAC","importance":"3","fictif":false,"position_par_rapport_au_sol":"0","etat_de_l_objet":"En service","date_creation":"2006-05-22T11:18:11.781Z","date_modification":"2024-12-14T10:08:20.334Z","date_d_apparition":null,"date_de_confirmation":null,"sources":"DSR","identifiants_sources":null,"methode_d_acquisition_planimetrique":"BDTopo","precision_planimetrique":2.5,"methode_d_acquisition_altimetrique":"BDTopo","precision_altimetrique":1.5,"nombre_de_voies":4,"largeur_de_chaussee":12,"itineraire_vert":false,"prive":false,"sens_de_circulation":"Double sens","reserve_aux_bus":null,"urbain":true,"vitesse_moyenne_vl":30,"acces_vehicule_leger":"Libre","acces_pieton":null,"periode_de_fermeture":null,"nature_de_la_restriction":null,"restriction_de_hauteur":null,"restriction_de_poids_total":null,"restriction_de_poids_par_essieu":null,"restriction_de_largeur":null,"restriction_de_longueur":null,"matieres_dangereuses_interdites":false,"borne_debut_gauche":"","borne_debut_droite":"5","borne_fin_gauche":"","borne_fin_droite":"1","insee_commune_gauche":"75113","insee_commune_droite":"75113","alias_gauche":"","alias_droit":"","date_de_mise_en_service":null,"liens_vers_route_nommee":"","liens_vers_itineraire_autre":null,"cpx_numero":null,"cpx_numero_route_europeenne":null,"cpx_classement_administratif":null,"cpx_gestionnaire":null,"cpx_toponyme_route_nommee":null,"cpx_toponyme_itineraire_cyclable":null,"cpx_toponyme_voie_verte":null,"cpx_nature_itineraire_autre":null,"cpx_toponyme_itineraire_autre":null,"delestage":null,"source_voie_ban_gauche":"commune","source_voie_ban_droite":"commune","nom_voie_ban_gauche":"Quai François Mauriac","nom_voie_ban_droite":"Quai François Mauriac","lieux_dits_ban_gauche":null,"lieux_dits_ban_droite":null,"identifiant_voie_ban_gauche":"75113_3802","identifiant_voie_ban_droite":"75113_3802","sens_amenagement_cyclable_gauche":null,"sens_amenagement_cyclable_droit":null,"amenagement_cyclable_gauche":null,"amenagement_cyclable_droit":null,"aire_de_retournement_dfci":null,"gabarit_dfci":null,"impasse_dfci":null,"nature_detaillee_dfci":null,"ouvrage_d_art_limitant_dfci":null,"pente_maximale_dfci":null,"piste_dfci":null,"piste_dfci_debroussaillee":null,"piste_dfci_fosses":null,"sens_de_circulation_dfci":null,"tout_terrain_dfci":null,"vitesse_moyenne_dfci":null,"zone_de_croisement_dfci":null,"categorie_dfci":null,"vitesse_collaborative":null,"id_ban_odonyme_droite":null,"id_ban_odonyme_gauche":null}},{"type":"Feature","id":"troncon_de_route.22305","geometry":{"type":"LineString","coordinates":[[2.37998808,48.83234978,35.4],[2.38024795,48.83249233,35.8],[2.38026282,48.8325014,36.1],[2.38099912,48.83290543,36.4]]},"geometry_name":"geometrie","properties":{"cleabs":"TRONROUT0000000000203556","nature":"Route à 1 chaussée","nom_collaboratif_gauche":"PONT DE TOLBIAC","nom_collaboratif_droite":"PONT DE TOLBIAC","importance":"4","fictif":false,"position_par_rapport_au_sol":"1","etat_de_l_objet":"En service","date_creation":"2006-05-22T11:18:11.781Z","date_modification":"2023-08-27T10:03:02.614Z","date_d_apparition":null,"date_de_confirmation":null,"sources":null,"identifiants_sources":null,"methode_d_acquisition_planimetrique":"BDTopo","precision_planimetrique":2.5,"methode_d_acquisition_altimetrique":"BDTopo","precision_altimetrique":1.5,"nombre_de_voies":3,"largeur_de_chaussee":10.5,"itineraire_vert":false,"prive":false,"sens_de_circulation":"Double sens","reserve_aux_bus":null,"urbain":true,"vitesse_moyenne_vl":35,"acces_vehicule_leger":"Libre","acces_pieton":null,"periode_de_fermeture":null,"nature_de_la_restriction":null,"restriction_de_hauteur":null,"restriction_de_poids_total":null,"restriction_de_poids_par_essieu":null,"restriction_de_largeur":null,"restriction_de_longueur":null,"matieres_dangereuses_interdites":false,"borne_debut_gauche":"","borne_debut_droite":"","borne_fin_gauche":"","borne_fin_droite":"","insee_commune_gauche":"75113","insee_commune_droite":"75113","alias_gauche":"","alias_droit":"","date_de_mise_en_service":null,"liens_vers_route_nommee":"","liens_vers_itineraire_autre":null,"cpx_numero":null,"cpx_numero_route_europeenne":null,"cpx_classement_administratif":null,"cpx_gestionnaire":null,"cpx_toponyme_route_nommee":null,"cpx_toponyme_itineraire_cyclable":null,"cpx_toponyme_voie_verte":null,"cpx_nature_itineraire_autre":null,"cpx_toponyme_itineraire_autre":null,"delestage":null,"source_voie_ban_gauche":null,"source_voie_ban_droite":null,"nom_voie_ban_gauche":null,"nom_voie_ban_droite":null,"lieux_dits_ban_gauche":null,"lieux_dits_ban_droite":null,"identifiant_voie_ban_gauche":null,"identifiant_voie_ban_droite":null,"sens_amenagement_cyclable_gauche":null,"sens_amenagement_cyclable_droit":null,"amenagement_cyclable_gauche":null,"amenagement_cyclable_droit":null,"aire_de_retournement_dfci":null,"gabarit_dfci":null,"impasse_dfci":null,"nature_detaillee_dfci":null,"ouvrage_d_art_limitant_dfci":null,"pente_maximale_dfci":null,"piste_dfci":null,"piste_dfci_debroussaillee":null,"piste_dfci_fosses":null,"sens_de_circulation_dfci":null,"tout_terrain_dfci":null,"vitesse_moyenne_dfci":null,"zone_de_croisement_dfci":null,"categorie_dfci":null,"vitesse_collaborative":null,"id_ban_odonyme_droite":null,"id_ban_odonyme_gauche":null}},{"type":"Feature","id":"troncon_de_route.22306","geometry":{"type":"LineString","coordinates":[[2.37998808,48.83234978,35.4],[2.37989334,48.83229802,35.3],[2.3798026,48.83225258,35.3],[2.37977012,48.83223443,35.9]]},"geometry_name":"geometrie","properties":{"cleabs":"TRONROUT0000000000203558","nature":"Route à 1 chaussée","nom_collaboratif_gauche":"PONT DE TOLBIAC","nom_collaboratif_droite":"PONT DE TOLBIAC","importance":"4","fictif":false,"position_par_rapport_au_sol":"0","etat_de_l_objet":"En service","date_creation":"2006-05-22T11:18:11.781Z","date_modification":"2023-08-27T10:03:02.614Z","date_d_apparition":null,"date_de_confirmation":null,"sources":null,"identifiants_sources":null,"methode_d_acquisition_planimetrique":"BDTopo","precision_planimetrique":2.5,"methode_d_acquisition_altimetrique":"BDTopo","precision_altimetrique":1.5,"nombre_de_voies":3,"largeur_de_chaussee":10.5,"itineraire_vert":false,"prive":false,"sens_de_circulation":"Double sens","reserve_aux_bus":null,"urbain":true,"vitesse_moyenne_vl":10,"acces_vehicule_leger":"Libre","acces_pieton":null,"periode_de_fermeture":null,"nature_de_la_restriction":null,"restriction_de_hauteur":null,"restriction_de_poids_total":null,"restriction_de_poids_par_essieu":null,"restriction_de_largeur":null,"restriction_de_longueur":null,"matieres_dangereuses_interdites":false,"borne_debut_gauche":"","borne_debut_droite":"","borne_fin_gauche":"","borne_fin_droite":"","insee_commune_gauche":"75113","insee_commune_droite":"75113","alias_gauche":"","alias_droit":"","date_de_mise_en_service":null,"liens_vers_route_nommee":"","liens_vers_itineraire_autre":null,"cpx_numero":null,"cpx_numero_route_europeenne":null,"cpx_classement_administratif":null,"cpx_gestionnaire":null,"cpx_toponyme_route_nommee":null,"cpx_toponyme_itineraire_cyclable":null,"cpx_toponyme_voie_verte":null,"cpx_nature_itineraire_autre":null,"cpx_toponyme_itineraire_autre":null,"delestage":null,"source_voie_ban_gauche":null,"source_voie_ban_droite":null,"nom_voie_ban_gauche":null,"nom_voie_ban_droite":null,"lieux_dits_ban_gauche":null,"lieux_dits_ban_droite":null,"identifiant_voie_ban_gauche":null,"identifiant_voie_ban_droite":null,"sens_amenagement_cyclable_gauche":null,"sens_amenagement_cyclable_droit":null,"amenagement_cyclable_gauche":null,"amenagement_cyclable_droit":null,"aire_de_retournement_dfci":null,"gabarit_dfci":null,"impasse_dfci":null,"nature_detaillee_dfci":null,"ouvrage_d_art_limitant_dfci":null,"pente_maximale_dfci":null,"piste_dfci":null,"piste_dfci_debroussaillee":null,"piste_dfci_fosses":null,"sens_de_circulation_dfci":null,"tout_terrain_dfci":null,"vitesse_moyenne_dfci":null,"zone_de_croisement_dfci":null,"categorie_dfci":null,"vitesse_collaborative":null,"id_ban_odonyme_droite":null,"id_ban_odonyme_gauche":null}},{"type":"Feature","id":"troncon_de_route.22308","geometry":{"type":"LineString","coordinates":[[2.37916249,48.83201003,35.9],[2.37827283,48.83270242,35.9]]},"geometry_name":"geometrie","properties":{"cleabs":"TRONROUT0000000000203560","nature":"Route à 1 chaussée","nom_collaboratif_gauche":"R CHODERLOS DE LACLOS","nom_collaboratif_droite":"R CHODERLOS DE LACLOS","importance":"5","fictif":false,"position_par_rapport_au_sol":"0","etat_de_l_objet":"En service","date_creation":"2006-05-22T11:18:11.781Z","date_modification":"2026-02-01T09:41:50.320Z","date_d_apparition":null,"date_de_confirmation":null,"sources":null,"identifiants_sources":null,"methode_d_acquisition_planimetrique":"Photogrammétrie","precision_planimetrique":2.5,"methode_d_acquisition_altimetrique":"Photogrammétrie","precision_altimetrique":1.5,"nombre_de_voies":1,"largeur_de_chaussee":3,"itineraire_vert":false,"prive":false,"sens_de_circulation":"Double sens","reserve_aux_bus":null,"urbain":true,"vitesse_moyenne_vl":0,"acces_vehicule_leger":"Restreint aux ayants droit","acces_pieton":null,"periode_de_fermeture":null,"nature_de_la_restriction":null,"restriction_de_hauteur":null,"restriction_de_poids_total":null,"restriction_de_poids_par_essieu":null,"restriction_de_largeur":null,"restriction_de_longueur":null,"matieres_dangereuses_interdites":false,"borne_debut_gauche":"1U","borne_debut_droite":"2","borne_fin_gauche":"13","borne_fin_droite":"12","insee_commune_gauche":"75113","insee_commune_droite":"75113","alias_gauche":null,"alias_droit":null,"date_de_mise_en_service":null,"liens_vers_route_nommee":null,"liens_vers_itineraire_autre":null,"cpx_numero":null,"cpx_numero_route_europeenne":null,"cpx_classement_administratif":null,"cpx_gestionnaire":null,"cpx_toponyme_route_nommee":null,"cpx_toponyme_itineraire_cyclable":null,"cpx_toponyme_voie_verte":null,"cpx_nature_itineraire_autre":null,"cpx_toponyme_itineraire_autre":null,"delestage":null,"source_voie_ban_gauche":"commune","source_voie_ban_droite":"commune","nom_voie_ban_gauche":"Rue Choderlos de Laclos","nom_voie_ban_droite":"Rue Choderlos de Laclos","lieux_dits_ban_gauche":null,"lieux_dits_ban_droite":null,"identifiant_voie_ban_gauche":"75113_2014","identifiant_voie_ban_droite":"75113_2014","sens_amenagement_cyclable_gauche":null,"sens_amenagement_cyclable_droit":null,"amenagement_cyclable_gauche":null,"amenagement_cyclable_droit":null,"aire_de_retournement_dfci":null,"gabarit_dfci":null,"impasse_dfci":null,"nature_detaillee_dfci":null,"ouvrage_d_art_limitant_dfci":null,"pente_maximale_dfci":null,"piste_dfci":null,"piste_dfci_debroussaillee":null,"piste_dfci_fosses":null,"sens_de_circulation_dfci":null,"tout_terrain_dfci":null,"vitesse_moyenne_dfci":null,"zone_de_croisement_dfci":null,"categorie_dfci":null,"vitesse_collaborative":null,"id_ban_odonyme_droite":null,"id_ban_odonyme_gauche":null}},{"type":"Feature","id":"troncon_de_route.22310","geometry":{"type":"LineString","coordinates":[[2.37957115,48.83224149,35.9],[2.37977012,48.83223443,35.9]]},"geometry_name":"geometrie","properties":{"cleabs":"TRONROUT0000000000203562","nature":"Route à 1 chaussée","nom_collaboratif_gauche":"R NEUVE TOLBIAC","nom_collaboratif_droite":"R NEUVE TOLBIAC","importance":"5","fictif":false,"position_par_rapport_au_sol":"0","etat_de_l_objet":"En service","date_creation":"2006-05-22T11:18:11.781Z","date_modification":"2024-12-14T10:08:20.334Z","date_d_apparition":null,"date_de_confirmation":null,"sources":null,"identifiants_sources":null,"methode_d_acquisition_planimetrique":"Photogrammétrie","precision_planimetrique":2.5,"methode_d_acquisition_altimetrique":"Photogrammétrie","precision_altimetrique":1.5,"nombre_de_voies":1,"largeur_de_chaussee":3,"itineraire_vert":false,"prive":false,"sens_de_circulation":"Sens inverse","reserve_aux_bus":null,"urbain":true,"vitesse_moyenne_vl":5,"acces_vehicule_leger":"Libre","acces_pieton":null,"periode_de_fermeture":null,"nature_de_la_restriction":null,"restriction_de_hauteur":null,"restriction_de_poids_total":null,"restriction_de_poids_par_essieu":null,"restriction_de_largeur":null,"restriction_de_longueur":null,"matieres_dangereuses_interdites":false,"borne_debut_gauche":"","borne_debut_droite":"","borne_fin_gauche":"","borne_fin_droite":"","insee_commune_gauche":"75113","insee_commune_droite":"75113","alias_gauche":"","alias_droit":"","date_de_mise_en_service":null,"liens_vers_route_nommee":"","liens_vers_itineraire_autre":null,"cpx_numero":null,"cpx_numero_route_europeenne":null,"cpx_classement_administratif":null,"cpx_gestionnaire":null,"cpx_toponyme_route_nommee":null,"cpx_toponyme_itineraire_cyclable":null,"cpx_toponyme_voie_verte":null,"cpx_nature_itineraire_autre":null,"cpx_toponyme_itineraire_autre":null,"delestage":null,"source_voie_ban_gauche":"commune","source_voie_ban_droite":"commune","nom_voie_ban_gauche":"Rue Neuve Tolbiac","nom_voie_ban_droite":"Rue Neuve Tolbiac","lieux_dits_ban_gauche":null,"lieux_dits_ban_droite":null,"identifiant_voie_ban_gauche":"75113_6733","identifiant_voie_ban_droite":"75113_6733","sens_amenagement_cyclable_gauche":null,"sens_amenagement_cyclable_droit":null,"amenagement_cyclable_gauche":null,"amenagement_cyclable_droit":null,"aire_de_retournement_dfci":null,"gabarit_dfci":null,"impasse_dfci":null,"nature_detaillee_dfci":null,"ouvrage_d_art_limitant_dfci":null,"pente_maximale_dfci":null,"piste_dfci":null,"piste_dfci_debroussaillee":null,"piste_dfci_fosses":null,"sens_de_circulation_dfci":null,"tout_terrain_dfci":null,"vitesse_moyenne_dfci":null,"zone_de_croisement_dfci":null,"categorie_dfci":null,"vitesse_collaborative":null,"id_ban_odonyme_droite":null,"id_ban_odonyme_gauche":null}},{"type":"Feature","id":"troncon_de_route.22814","geometry":{"type":"LineString","coordinates":[[2.381055,48.83106741,33],[2.38088416,48.83099907,33.6],[2.38048827,48.83084053,34.9],[2.38012634,48.83068936,35]]},"geometry_name":"geometrie","properties":{"cleabs":"TRONROUT0000000000204195","nature":"Route à 1 chaussée","nom_collaboratif_gauche":"R RENE GOSCINNY","nom_collaboratif_droite":"R RENE GOSCINNY","importance":"5","fictif":false,"position_par_rapport_au_sol":"0","etat_de_l_objet":"En service","date_creation":"2006-05-22T11:18:11.781Z","date_modification":"2024-12-14T10:08:20.334Z","date_d_apparition":null,"date_de_confirmation":null,"sources":null,"identifiants_sources":null,"methode_d_acquisition_planimetrique":"Photogrammétrie","precision_planimetrique":2.5,"methode_d_acquisition_altimetrique":"Photogrammétrie","precision_altimetrique":1.5,"nombre_de_voies":2,"largeur_de_chaussee":5,"itineraire_vert":false,"prive":false,"sens_de_circulation":"Sens direct","reserve_aux_bus":null,"urbain":true,"vitesse_moyenne_vl":20,"acces_vehicule_leger":"Libre","acces_pieton":null,"periode_de_fermeture":null,"nature_de_la_restriction":null,"restriction_de_hauteur":null,"restriction_de_poids_total":null,"restriction_de_poids_par_essieu":null,"restriction_de_largeur":null,"restriction_de_longueur":null,"matieres_dangereuses_interdites":false,"borne_debut_gauche":"1","borne_debut_droite":"2","borne_fin_gauche":"9","borne_fin_droite":"10","insee_commune_gauche":"75113","insee_commune_droite":"75113","alias_gauche":"","alias_droit":"","date_de_mise_en_service":null,"liens_vers_route_nommee":"","liens_vers_itineraire_autre":null,"cpx_numero":null,"cpx_numero_route_europeenne":null,"cpx_classement_administratif":null,"cpx_gestionnaire":null,"cpx_toponyme_route_nommee":null,"cpx_toponyme_itineraire_cyclable":null,"cpx_toponyme_voie_verte":null,"cpx_nature_itineraire_autre":null,"cpx_toponyme_itineraire_autre":null,"delestage":null,"source_voie_ban_gauche":"commune","source_voie_ban_droite":"commune","nom_voie_ban_gauche":"Rue René Goscinny","nom_voie_ban_droite":"Rue René Goscinny","lieux_dits_ban_gauche":null,"lieux_dits_ban_droite":null,"identifiant_voie_ban_gauche":"75113_8154","identifiant_voie_ban_droite":"75113_8154","sens_amenagement_cyclable_gauche":null,"sens_amenagement_cyclable_droit":null,"amenagement_cyclable_gauche":null,"amenagement_cyclable_droit":null,"aire_de_retournement_dfci":null,"gabarit_dfci":null,"impasse_dfci":null,"nature_detaillee_dfci":null,"ouvrage_d_art_limitant_dfci":null,"pente_maximale_dfci":null,"piste_dfci":null,"piste_dfci_debroussaillee":null,"piste_dfci_fosses":null,"sens_de_circulation_dfci":null,"tout_terrain_dfci":null,"vitesse_moyenne_dfci":null,"zone_de_croisement_dfci":null,"categorie_dfci":null,"vitesse_collaborative":null,"id_ban_odonyme_droite":null,"id_ban_odonyme_gauche":null}},{"type":"Feature","id":"troncon_de_route.22815","geometry":{"type":"LineString","coordinates":[[2.38117147,48.83112467,32.6],[2.38138326,48.83095579,32.6],[2.38155113,48.83081455,32.6],[2.38175739,48.83065283,32]]},"geometry_name":"geometrie","properties":{"cleabs":"TRONROUT0000000000204196","nature":"Route à 1 chaussée","nom_collaboratif_gauche":"QU PANHARD ET LEVASSOR","nom_collaboratif_droite":"QU PANHARD ET LEVASSOR","importance":"3","fictif":false,"position_par_rapport_au_sol":"0","etat_de_l_objet":"En service","date_creation":"2006-05-22T11:18:11.781Z","date_modification":"2026-02-07T12:15:39.590Z","date_d_apparition":null,"date_de_confirmation":null,"sources":"DSR","identifiants_sources":null,"methode_d_acquisition_planimetrique":"BDTopo","precision_planimetrique":2.5,"methode_d_acquisition_altimetrique":"BDTopo","precision_altimetrique":1.5,"nombre_de_voies":4,"largeur_de_chaussee":12,"itineraire_vert":false,"prive":false,"sens_de_circulation":"Double sens","reserve_aux_bus":null,"urbain":true,"vitesse_moyenne_vl":30,"acces_vehicule_leger":"Libre","acces_pieton":null,"periode_de_fermeture":null,"nature_de_la_restriction":null,"restriction_de_hauteur":null,"restriction_de_poids_total":null,"restriction_de_poids_par_essieu":null,"restriction_de_largeur":null,"restriction_de_longueur":null,"matieres_dangereuses_interdites":false,"borne_debut_gauche":"70","borne_debut_droite":"75","borne_fin_gauche":"70","borne_fin_droite":"69","insee_commune_gauche":"75113","insee_commune_droite":"75113","alias_gauche":null,"alias_droit":null,"date_de_mise_en_service":null,"liens_vers_route_nommee":null,"liens_vers_itineraire_autre":null,"cpx_numero":null,"cpx_numero_route_europeenne":null,"cpx_classement_administratif":null,"cpx_gestionnaire":null,"cpx_toponyme_route_nommee":null,"cpx_toponyme_itineraire_cyclable":null,"cpx_toponyme_voie_verte":null,"cpx_nature_itineraire_autre":null,"cpx_toponyme_itineraire_autre":null,"delestage":null,"source_voie_ban_gauche":"commune","source_voie_ban_droite":"commune","nom_voie_ban_gauche":"Quai Panhard et Levassor","nom_voie_ban_droite":"Quai Panhard et Levassor","lieux_dits_ban_gauche":null,"lieux_dits_ban_droite":null,"identifiant_voie_ban_gauche":"75113_7026","identifiant_voie_ban_droite":"75113_7026","sens_amenagement_cyclable_gauche":null,"sens_amenagement_cyclable_droit":null,"amenagement_cyclable_gauche":null,"amenagement_cyclable_droit":null,"aire_de_retournement_dfci":null,"gabarit_dfci":null,"impasse_dfci":null,"nature_detaillee_dfci":null,"ouvrage_d_art_limitant_dfci":null,"pente_maximale_dfci":null,"piste_dfci":null,"piste_dfci_debroussaillee":null,"piste_dfci_fosses":null,"sens_de_circulation_dfci":null,"tout_terrain_dfci":null,"vitesse_moyenne_dfci":null,"zone_de_croisement_dfci":null,"categorie_dfci":null,"vitesse_collaborative":null,"id_ban_odonyme_droite":null,"id_ban_odonyme_gauche":null}},{"type":"Feature","id":"troncon_de_route.22816","geometry":{"type":"LineString","coordinates":[[2.38075212,48.83144987,33.8],[2.38117147,48.83112467,32.6]]},"geometry_name":"geometrie","properties":{"cleabs":"TRONROUT0000000000204197","nature":"Route à 1 chaussée","nom_collaboratif_gauche":"QU PANHARD ET LEVASSOR","nom_collaboratif_droite":"QU PANHARD ET LEVASSOR","importance":"3","fictif":false,"position_par_rapport_au_sol":"0","etat_de_l_objet":"En service","date_creation":"2006-05-22T11:18:11.781Z","date_modification":"2024-12-14T10:08:20.334Z","date_d_apparition":null,"date_de_confirmation":null,"sources":"DSR","identifiants_sources":null,"methode_d_acquisition_planimetrique":"BDTopo","precision_planimetrique":2.5,"methode_d_acquisition_altimetrique":"BDTopo","precision_altimetrique":1.5,"nombre_de_voies":4,"largeur_de_chaussee":12,"itineraire_vert":false,"prive":false,"sens_de_circulation":"Double sens","reserve_aux_bus":null,"urbain":true,"vitesse_moyenne_vl":30,"acces_vehicule_leger":"Libre","acces_pieton":null,"periode_de_fermeture":null,"nature_de_la_restriction":null,"restriction_de_hauteur":null,"restriction_de_poids_total":null,"restriction_de_poids_par_essieu":null,"restriction_de_largeur":null,"restriction_de_longueur":null,"matieres_dangereuses_interdites":false,"borne_debut_gauche":"","borne_debut_droite":"81","borne_fin_gauche":"","borne_fin_droite":"77","insee_commune_gauche":"75113","insee_commune_droite":"75113","alias_gauche":"","alias_droit":"","date_de_mise_en_service":null,"liens_vers_route_nommee":"","liens_vers_itineraire_autre":null,"cpx_numero":null,"cpx_numero_route_europeenne":null,"cpx_classement_administratif":null,"cpx_gestionnaire":null,"cpx_toponyme_route_nommee":null,"cpx_toponyme_itineraire_cyclable":null,"cpx_toponyme_voie_verte":null,"cpx_nature_itineraire_autre":null,"cpx_toponyme_itineraire_autre":null,"delestage":null,"source_voie_ban_gauche":"commune","source_voie_ban_droite":"commune","nom_voie_ban_gauche":"Quai Panhard et Levassor","nom_voie_ban_droite":"Quai Panhard et Levassor","lieux_dits_ban_gauche":null,"lieux_dits_ban_droite":null,"identifiant_voie_ban_gauche":"75113_7026","identifiant_voie_ban_droite":"75113_7026","sens_amenagement_cyclable_gauche":null,"sens_amenagement_cyclable_droit":null,"amenagement_cyclable_gauche":null,"amenagement_cyclable_droit":null,"aire_de_retournement_dfci":null,"gabarit_dfci":null,"impasse_dfci":null,"nature_detaillee_dfci":null,"ouvrage_d_art_limitant_dfci":null,"pente_maximale_dfci":null,"piste_dfci":null,"piste_dfci_debroussaillee":null,"piste_dfci_fosses":null,"sens_de_circulation_dfci":null,"tout_terrain_dfci":null,"vitesse_moyenne_dfci":null,"zone_de_croisement_dfci":null,"categorie_dfci":null,"vitesse_collaborative":null,"id_ban_odonyme_droite":null,"id_ban_odonyme_gauche":null}},{"type":"Feature","id":"troncon_de_route.22817","geometry":{"type":"LineString","coordinates":[[2.38409488,48.8319321,35.5],[2.3835038,48.83238054,35.2],[2.38315846,48.83266746,35.2],[2.38295475,48.83284448,35],[2.38281446,48.83295708,35.2]]},"geometry_name":"geometrie","properties":{"cleabs":"TRONROUT0000000000204198","nature":"Route à 2 chaussées","nom_collaboratif_gauche":"QU DE BERCY","nom_collaboratif_droite":"QU DE BERCY","importance":"4","fictif":false,"position_par_rapport_au_sol":"0","etat_de_l_objet":"En service","date_creation":"2006-05-22T11:18:11.781Z","date_modification":"2024-12-14T07:04:06.119Z","date_d_apparition":null,"date_de_confirmation":null,"sources":null,"identifiants_sources":null,"methode_d_acquisition_planimetrique":"BDTopo","precision_planimetrique":2.5,"methode_d_acquisition_altimetrique":"BDTopo","precision_altimetrique":1.5,"nombre_de_voies":1,"largeur_de_chaussee":3,"itineraire_vert":false,"prive":false,"sens_de_circulation":"Sens inverse","reserve_aux_bus":null,"urbain":true,"vitesse_moyenne_vl":40,"acces_vehicule_leger":"Libre","acces_pieton":null,"periode_de_fermeture":null,"nature_de_la_restriction":null,"restriction_de_hauteur":null,"restriction_de_poids_total":null,"restriction_de_poids_par_essieu":null,"restriction_de_largeur":null,"restriction_de_longueur":null,"matieres_dangereuses_interdites":false,"borne_debut_gauche":"","borne_debut_droite":"","borne_fin_gauche":"","borne_fin_droite":"","insee_commune_gauche":"75112","insee_commune_droite":"75112","alias_gauche":"","alias_droit":"","date_de_mise_en_service":null,"liens_vers_route_nommee":"","liens_vers_itineraire_autre":null,"cpx_numero":null,"cpx_numero_route_europeenne":null,"cpx_classement_administratif":null,"cpx_gestionnaire":null,"cpx_toponyme_route_nommee":null,"cpx_toponyme_itineraire_cyclable":null,"cpx_toponyme_voie_verte":null,"cpx_nature_itineraire_autre":null,"cpx_toponyme_itineraire_autre":null,"delestage":null,"source_voie_ban_gauche":"commune","source_voie_ban_droite":"commune","nom_voie_ban_gauche":"Quai de Bercy","nom_voie_ban_droite":"Quai de Bercy","lieux_dits_ban_gauche":null,"lieux_dits_ban_droite":null,"identifiant_voie_ban_gauche":"75112_0880","identifiant_voie_ban_droite":"75112_0880","sens_amenagement_cyclable_gauche":null,"sens_amenagement_cyclable_droit":null,"amenagement_cyclable_gauche":null,"amenagement_cyclable_droit":null,"aire_de_retournement_dfci":null,"gabarit_dfci":null,"impasse_dfci":null,"nature_detaillee_dfci":null,"ouvrage_d_art_limitant_dfci":null,"pente_maximale_dfci":null,"piste_dfci":null,"piste_dfci_debroussaillee":null,"piste_dfci_fosses":null,"sens_de_circulation_dfci":null,"tout_terrain_dfci":null,"vitesse_moyenne_dfci":null,"zone_de_croisement_dfci":null,"categorie_dfci":null,"vitesse_collaborative":null,"id_ban_odonyme_droite":null,"id_ban_odonyme_gauche":null}},{"type":"Feature","id":"troncon_de_route.22818","geometry":{"type":"LineString","coordinates":[[2.38013736,48.83193954,35],[2.38075212,48.83144987,33.8]]},"geometry_name":"geometrie","properties":{"cleabs":"TRONROUT0000000000204199","nature":"Route à 1 chaussée","nom_collaboratif_gauche":"QU PANHARD ET LEVASSOR","nom_collaboratif_droite":"QU PANHARD ET LEVASSOR","importance":"3","fictif":false,"position_par_rapport_au_sol":"0","etat_de_l_objet":"En service","date_creation":"2006-05-22T11:18:11.781Z","date_modification":"2026-01-12T22:16:01.795Z","date_d_apparition":null,"date_de_confirmation":null,"sources":"DSR","identifiants_sources":null,"methode_d_acquisition_planimetrique":"BDTopo","precision_planimetrique":2.5,"methode_d_acquisition_altimetrique":"BDTopo","precision_altimetrique":1.5,"nombre_de_voies":4,"largeur_de_chaussee":12,"itineraire_vert":false,"prive":false,"sens_de_circulation":"Double sens","reserve_aux_bus":null,"urbain":true,"vitesse_moyenne_vl":30,"acces_vehicule_leger":"Libre","acces_pieton":null,"periode_de_fermeture":null,"nature_de_la_restriction":null,"restriction_de_hauteur":null,"restriction_de_poids_total":null,"restriction_de_poids_par_essieu":null,"restriction_de_largeur":null,"restriction_de_longueur":null,"matieres_dangereuses_interdites":false,"borne_debut_gauche":"88","borne_debut_droite":"89","borne_fin_gauche":"88","borne_fin_droite":"83","insee_commune_gauche":"75113","insee_commune_droite":"75113","alias_gauche":null,"alias_droit":null,"date_de_mise_en_service":null,"liens_vers_route_nommee":null,"liens_vers_itineraire_autre":null,"cpx_numero":null,"cpx_numero_route_europeenne":null,"cpx_classement_administratif":null,"cpx_gestionnaire":null,"cpx_toponyme_route_nommee":null,"cpx_toponyme_itineraire_cyclable":null,"cpx_toponyme_voie_verte":null,"cpx_nature_itineraire_autre":null,"cpx_toponyme_itineraire_autre":null,"delestage":null,"source_voie_ban_gauche":"commune","source_voie_ban_droite":"commune","nom_voie_ban_gauche":"Quai Panhard et Levassor","nom_voie_ban_droite":"Quai Panhard et Levassor","lieux_dits_ban_gauche":null,"lieux_dits_ban_droite":null,"identifiant_voie_ban_gauche":"75113_7026","identifiant_voie_ban_droite":"75113_7026","sens_amenagement_cyclable_gauche":null,"sens_amenagement_cyclable_droit":null,"amenagement_cyclable_gauche":null,"amenagement_cyclable_droit":null,"aire_de_retournement_dfci":null,"gabarit_dfci":null,"impasse_dfci":null,"nature_detaillee_dfci":null,"ouvrage_d_art_limitant_dfci":null,"pente_maximale_dfci":null,"piste_dfci":null,"piste_dfci_debroussaillee":null,"piste_dfci_fosses":null,"sens_de_circulation_dfci":null,"tout_terrain_dfci":null,"vitesse_moyenne_dfci":null,"zone_de_croisement_dfci":null,"categorie_dfci":null,"vitesse_collaborative":null,"id_ban_odonyme_droite":null,"id_ban_odonyme_gauche":null}},{"type":"Feature","id":"troncon_de_route.22821","geometry":{"type":"LineString","coordinates":[[2.37896355,48.83189927,39.1],[2.37916249,48.83201003,35.9]]},"geometry_name":"geometrie","properties":{"cleabs":"TRONROUT0000000000204202","nature":"Route à 1 chaussée","nom_collaboratif_gauche":"R NEUVE TOLBIAC","nom_collaboratif_droite":"R NEUVE TOLBIAC","importance":"5","fictif":false,"position_par_rapport_au_sol":"0","etat_de_l_objet":"En service","date_creation":"2006-05-22T11:18:11.781Z","date_modification":"2026-02-14T13:22:31.335Z","date_d_apparition":null,"date_de_confirmation":null,"sources":null,"identifiants_sources":null,"methode_d_acquisition_planimetrique":"Photogrammétrie","precision_planimetrique":2.5,"methode_d_acquisition_altimetrique":"Photogrammétrie","precision_altimetrique":1.5,"nombre_de_voies":1,"largeur_de_chaussee":3,"itineraire_vert":false,"prive":false,"sens_de_circulation":"Sens inverse","reserve_aux_bus":null,"urbain":true,"vitesse_moyenne_vl":20,"acces_vehicule_leger":"Libre","acces_pieton":null,"periode_de_fermeture":null,"nature_de_la_restriction":null,"restriction_de_hauteur":null,"restriction_de_poids_total":null,"restriction_de_poids_par_essieu":null,"restriction_de_largeur":null,"restriction_de_longueur":null,"matieres_dangereuses_interdites":false,"borne_debut_gauche":"2Z","borne_debut_droite":null,"borne_fin_gauche":"8","borne_fin_droite":null,"insee_commune_gauche":"75113","insee_commune_droite":"75113","alias_gauche":null,"alias_droit":null,"date_de_mise_en_service":null,"liens_vers_route_nommee":null,"liens_vers_itineraire_autre":null,"cpx_numero":null,"cpx_numero_route_europeenne":null,"cpx_classement_administratif":null,"cpx_gestionnaire":null,"cpx_toponyme_route_nommee":null,"cpx_toponyme_itineraire_cyclable":null,"cpx_toponyme_voie_verte":null,"cpx_nature_itineraire_autre":null,"cpx_toponyme_itineraire_autre":null,"delestage":null,"source_voie_ban_gauche":"commune","source_voie_ban_droite":"commune","nom_voie_ban_gauche":"Rue Neuve Tolbiac","nom_voie_ban_droite":"Rue Neuve Tolbiac","lieux_dits_ban_gauche":null,"lieux_dits_ban_droite":null,"identifiant_voie_ban_gauche":"75113_6733","identifiant_voie_ban_droite":"75113_6733","sens_amenagement_cyclable_gauche":null,"sens_amenagement_cyclable_droit":null,"amenagement_cyclable_gauche":null,"amenagement_cyclable_droit":null,"aire_de_retournement_dfci":null,"gabarit_dfci":null,"impasse_dfci":null,"nature_detaillee_dfci":null,"ouvrage_d_art_limitant_dfci":null,"pente_maximale_dfci":null,"piste_dfci":null,"piste_dfci_debroussaillee":null,"piste_dfci_fosses":null,"sens_de_circulation_dfci":null,"tout_terrain_dfci":null,"vitesse_moyenne_dfci":null,"zone_de_croisement_dfci":null,"categorie_dfci":null,"vitesse_collaborative":null,"id_ban_odonyme_droite":null,"id_ban_odonyme_gauche":null}},{"type":"Feature","id":"troncon_de_route.22822","geometry":{"type":"LineString","coordinates":[[2.38064647,48.83139896,33.8],[2.38075212,48.83144987,33.8]]},"geometry_name":"geometrie","properties":{"cleabs":"TRONROUT0000000000204203","nature":"Route à 1 chaussée","nom_collaboratif_gauche":"R PRIMO LEVI","nom_collaboratif_droite":"R PRIMO LEVI","importance":"5","fictif":false,"position_par_rapport_au_sol":"0","etat_de_l_objet":"En service","date_creation":"2006-05-22T11:18:11.781Z","date_modification":"2024-12-14T10:08:20.334Z","date_d_apparition":null,"date_de_confirmation":null,"sources":null,"identifiants_sources":null,"methode_d_acquisition_planimetrique":"Photogrammétrie","precision_planimetrique":2.5,"methode_d_acquisition_altimetrique":"Photogrammétrie","precision_altimetrique":1.5,"nombre_de_voies":2,"largeur_de_chaussee":5,"itineraire_vert":false,"prive":false,"sens_de_circulation":"Sens direct","reserve_aux_bus":null,"urbain":true,"vitesse_moyenne_vl":5,"acces_vehicule_leger":"Libre","acces_pieton":null,"periode_de_fermeture":null,"nature_de_la_restriction":null,"restriction_de_hauteur":null,"restriction_de_poids_total":null,"restriction_de_poids_par_essieu":null,"restriction_de_largeur":null,"restriction_de_longueur":null,"matieres_dangereuses_interdites":false,"borne_debut_gauche":"","borne_debut_droite":"","borne_fin_gauche":"","borne_fin_droite":"","insee_commune_gauche":"75113","insee_commune_droite":"75113","alias_gauche":"","alias_droit":"","date_de_mise_en_service":null,"liens_vers_route_nommee":"","liens_vers_itineraire_autre":null,"cpx_numero":null,"cpx_numero_route_europeenne":null,"cpx_classement_administratif":null,"cpx_gestionnaire":null,"cpx_toponyme_route_nommee":null,"cpx_toponyme_itineraire_cyclable":null,"cpx_toponyme_voie_verte":null,"cpx_nature_itineraire_autre":null,"cpx_toponyme_itineraire_autre":null,"delestage":null,"source_voie_ban_gauche":"commune","source_voie_ban_droite":"commune","nom_voie_ban_gauche":"Rue Primo Levi","nom_voie_ban_droite":"Rue Primo Levi","lieux_dits_ban_gauche":null,"lieux_dits_ban_droite":null,"identifiant_voie_ban_gauche":"75113_7834","identifiant_voie_ban_droite":"75113_7834","sens_amenagement_cyclable_gauche":null,"sens_amenagement_cyclable_droit":null,"amenagement_cyclable_gauche":null,"amenagement_cyclable_droit":null,"aire_de_retournement_dfci":null,"gabarit_dfci":null,"impasse_dfci":null,"nature_detaillee_dfci":null,"ouvrage_d_art_limitant_dfci":null,"pente_maximale_dfci":null,"piste_dfci":null,"piste_dfci_debroussaillee":null,"piste_dfci_fosses":null,"sens_de_circulation_dfci":null,"tout_terrain_dfci":null,"vitesse_moyenne_dfci":null,"zone_de_croisement_dfci":null,"categorie_dfci":null,"vitesse_collaborative":null,"id_ban_odonyme_droite":null,"id_ban_odonyme_gauche":null}},{"type":"Feature","id":"troncon_de_route.22823","geometry":{"type":"LineString","coordinates":[[2.37835583,48.83042655,40.1],[2.37868248,48.83056495,38.5],[2.37906735,48.83073333,36.1],[2.37946041,48.83090086,34],[2.37983453,48.83105749,33.8]]},"geometry_name":"geometrie","properties":{"cleabs":"TRONROUT0000000000204204","nature":"Route à 1 chaussée","nom_collaboratif_gauche":"R PRIMO LEVI","nom_collaboratif_droite":"R PRIMO LEVI","importance":"5","fictif":false,"position_par_rapport_au_sol":"0","etat_de_l_objet":"En service","date_creation":"2006-05-22T11:18:11.781Z","date_modification":"2026-02-14T10:44:09.720Z","date_d_apparition":null,"date_de_confirmation":null,"sources":null,"identifiants_sources":null,"methode_d_acquisition_planimetrique":"Photogrammétrie","precision_planimetrique":2.5,"methode_d_acquisition_altimetrique":"Photogrammétrie","precision_altimetrique":1.5,"nombre_de_voies":1,"largeur_de_chaussee":3,"itineraire_vert":false,"prive":false,"sens_de_circulation":"Double sens","reserve_aux_bus":null,"urbain":true,"vitesse_moyenne_vl":0,"acces_vehicule_leger":"Restreint aux ayants droit","acces_pieton":"Libre","periode_de_fermeture":null,"nature_de_la_restriction":null,"restriction_de_hauteur":null,"restriction_de_poids_total":null,"restriction_de_poids_par_essieu":null,"restriction_de_largeur":null,"restriction_de_longueur":null,"matieres_dangereuses_interdites":false,"borne_debut_gauche":"24","borne_debut_droite":"23","borne_fin_gauche":"10Z","borne_fin_droite":"9","insee_commune_gauche":"75113","insee_commune_droite":"75113","alias_gauche":null,"alias_droit":null,"date_de_mise_en_service":null,"liens_vers_route_nommee":null,"liens_vers_itineraire_autre":null,"cpx_numero":null,"cpx_numero_route_europeenne":null,"cpx_classement_administratif":null,"cpx_gestionnaire":null,"cpx_toponyme_route_nommee":null,"cpx_toponyme_itineraire_cyclable":null,"cpx_toponyme_voie_verte":null,"cpx_nature_itineraire_autre":null,"cpx_toponyme_itineraire_autre":null,"delestage":null,"source_voie_ban_gauche":"commune","source_voie_ban_droite":"commune","nom_voie_ban_gauche":"Rue Primo Levi","nom_voie_ban_droite":"Rue Primo Levi","lieux_dits_ban_gauche":null,"lieux_dits_ban_droite":null,"identifiant_voie_ban_gauche":"75113_7834","identifiant_voie_ban_droite":"75113_7834","sens_amenagement_cyclable_gauche":null,"sens_amenagement_cyclable_droit":null,"amenagement_cyclable_gauche":null,"amenagement_cyclable_droit":null,"aire_de_retournement_dfci":null,"gabarit_dfci":null,"impasse_dfci":null,"nature_detaillee_dfci":null,"ouvrage_d_art_limitant_dfci":null,"pente_maximale_dfci":null,"piste_dfci":null,"piste_dfci_debroussaillee":null,"piste_dfci_fosses":null,"sens_de_circulation_dfci":null,"tout_terrain_dfci":null,"vitesse_moyenne_dfci":null,"zone_de_croisement_dfci":null,"categorie_dfci":null,"vitesse_collaborative":null,"id_ban_odonyme_droite":null,"id_ban_odonyme_gauche":null}},{"type":"Feature","id":"troncon_de_route.22825","geometry":{"type":"LineString","coordinates":[[2.3796578,48.83217179,36],[2.37936957,48.83200931,36.5],[2.37909211,48.83185677,36.5]]},"geometry_name":"geometrie","properties":{"cleabs":"TRONROUT0000000000204207","nature":"Route à 1 chaussée","nom_collaboratif_gauche":"R NEUVE TOLBIAC","nom_collaboratif_droite":"R NEUVE TOLBIAC","importance":"4","fictif":false,"position_par_rapport_au_sol":"0","etat_de_l_objet":"En service","date_creation":"2006-05-22T11:18:11.781Z","date_modification":"2024-12-14T10:08:20.334Z","date_d_apparition":null,"date_de_confirmation":null,"sources":null,"identifiants_sources":null,"methode_d_acquisition_planimetrique":"BDTopo","precision_planimetrique":2.5,"methode_d_acquisition_altimetrique":"BDTopo","precision_altimetrique":1.5,"nombre_de_voies":3,"largeur_de_chaussee":9,"itineraire_vert":false,"prive":false,"sens_de_circulation":"Double sens","reserve_aux_bus":null,"urbain":true,"vitesse_moyenne_vl":30,"acces_vehicule_leger":"Libre","acces_pieton":null,"periode_de_fermeture":null,"nature_de_la_restriction":null,"restriction_de_hauteur":null,"restriction_de_poids_total":null,"restriction_de_poids_par_essieu":null,"restriction_de_largeur":null,"restriction_de_longueur":null,"matieres_dangereuses_interdites":false,"borne_debut_gauche":"1","borne_debut_droite":"","borne_fin_gauche":"5","borne_fin_droite":"","insee_commune_gauche":"75113","insee_commune_droite":"75113","alias_gauche":"","alias_droit":"","date_de_mise_en_service":null,"liens_vers_route_nommee":"","liens_vers_itineraire_autre":null,"cpx_numero":null,"cpx_numero_route_europeenne":null,"cpx_classement_administratif":null,"cpx_gestionnaire":null,"cpx_toponyme_route_nommee":null,"cpx_toponyme_itineraire_cyclable":null,"cpx_toponyme_voie_verte":null,"cpx_nature_itineraire_autre":null,"cpx_toponyme_itineraire_autre":null,"delestage":null,"source_voie_ban_gauche":"commune","source_voie_ban_droite":"commune","nom_voie_ban_gauche":"Rue Neuve Tolbiac","nom_voie_ban_droite":"Rue Neuve Tolbiac","lieux_dits_ban_gauche":null,"lieux_dits_ban_droite":null,"identifiant_voie_ban_gauche":"75113_6733","identifiant_voie_ban_droite":"75113_6733","sens_amenagement_cyclable_gauche":null,"sens_amenagement_cyclable_droit":null,"amenagement_cyclable_gauche":null,"amenagement_cyclable_droit":null,"aire_de_retournement_dfci":null,"gabarit_dfci":null,"impasse_dfci":null,"nature_detaillee_dfci":null,"ouvrage_d_art_limitant_dfci":null,"pente_maximale_dfci":null,"piste_dfci":null,"piste_dfci_debroussaillee":null,"piste_dfci_fosses":null,"sens_de_circulation_dfci":null,"tout_terrain_dfci":null,"vitesse_moyenne_dfci":null,"zone_de_croisement_dfci":null,"categorie_dfci":null,"vitesse_collaborative":null,"id_ban_odonyme_droite":null,"id_ban_odonyme_gauche":null}},{"type":"Feature","id":"troncon_de_route.22826","geometry":{"type":"LineString","coordinates":[[2.37909211,48.83185677,36.5],[2.37918335,48.83174572,36.5],[2.37933514,48.83158283,36.1],[2.37948001,48.83142889,35.6],[2.37965381,48.83124812,34.7],[2.37983453,48.83105749,33.8]]},"geometry_name":"geometrie","properties":{"cleabs":"TRONROUT0000000000204209","nature":"Route à 1 chaussée","nom_collaboratif_gauche":"R DES FRIGOS","nom_collaboratif_droite":"R DES FRIGOS","importance":"5","fictif":false,"position_par_rapport_au_sol":"0","etat_de_l_objet":"En service","date_creation":"2006-05-22T11:18:11.781Z","date_modification":"2026-02-15T08:58:35.108Z","date_d_apparition":null,"date_de_confirmation":null,"sources":null,"identifiants_sources":null,"methode_d_acquisition_planimetrique":"Photogrammétrie","precision_planimetrique":2.5,"methode_d_acquisition_altimetrique":"Photogrammétrie","precision_altimetrique":1.5,"nombre_de_voies":2,"largeur_de_chaussee":5,"itineraire_vert":false,"prive":false,"sens_de_circulation":"Sens direct","reserve_aux_bus":null,"urbain":true,"vitesse_moyenne_vl":5,"acces_vehicule_leger":"Libre","acces_pieton":null,"periode_de_fermeture":null,"nature_de_la_restriction":null,"restriction_de_hauteur":null,"restriction_de_poids_total":null,"restriction_de_poids_par_essieu":null,"restriction_de_largeur":null,"restriction_de_longueur":null,"matieres_dangereuses_interdites":false,"borne_debut_gauche":"26Z","borne_debut_droite":"25","borne_fin_gauche":"16","borne_fin_droite":"15Z","insee_commune_gauche":"75113","insee_commune_droite":"75113","alias_gauche":null,"alias_droit":null,"date_de_mise_en_service":null,"liens_vers_route_nommee":null,"liens_vers_itineraire_autre":null,"cpx_numero":null,"cpx_numero_route_europeenne":null,"cpx_classement_administratif":null,"cpx_gestionnaire":null,"cpx_toponyme_route_nommee":null,"cpx_toponyme_itineraire_cyclable":null,"cpx_toponyme_voie_verte":null,"cpx_nature_itineraire_autre":null,"cpx_toponyme_itineraire_autre":null,"delestage":null,"source_voie_ban_gauche":"commune","source_voie_ban_droite":"commune","nom_voie_ban_gauche":"Rue des Frigos","nom_voie_ban_droite":"Rue des Frigos","lieux_dits_ban_gauche":null,"lieux_dits_ban_droite":null,"identifiant_voie_ban_gauche":"75113_3869","identifiant_voie_ban_droite":"75113_3869","sens_amenagement_cyclable_gauche":null,"sens_amenagement_cyclable_droit":null,"amenagement_cyclable_gauche":null,"amenagement_cyclable_droit":null,"aire_de_retournement_dfci":null,"gabarit_dfci":null,"impasse_dfci":null,"nature_detaillee_dfci":null,"ouvrage_d_art_limitant_dfci":null,"pente_maximale_dfci":null,"piste_dfci":null,"piste_dfci_debroussaillee":null,"piste_dfci_fosses":null,"sens_de_circulation_dfci":null,"tout_terrain_dfci":null,"vitesse_moyenne_dfci":null,"zone_de_croisement_dfci":null,"categorie_dfci":null,"vitesse_collaborative":null,"id_ban_odonyme_droite":null,"id_ban_odonyme_gauche":null}},{"type":"Feature","id":"troncon_de_route.22827","geometry":{"type":"LineString","coordinates":[[2.37827597,48.83141184,40.1],[2.37864267,48.8316188,38.3],[2.37909211,48.83185677,36.5]]},"geometry_name":"geometrie","properties":{"cleabs":"TRONROUT0000000000204210","nature":"Route à 1 chaussée","nom_collaboratif_gauche":"R NEUVE TOLBIAC","nom_collaboratif_droite":"R NEUVE TOLBIAC","importance":"4","fictif":false,"position_par_rapport_au_sol":"0","etat_de_l_objet":"En service","date_creation":"2006-05-22T11:18:11.781Z","date_modification":"2025-12-20T17:04:11.976Z","date_d_apparition":null,"date_de_confirmation":null,"sources":null,"identifiants_sources":null,"methode_d_acquisition_planimetrique":"Photogrammétrie","precision_planimetrique":2.5,"methode_d_acquisition_altimetrique":"Photogrammétrie","precision_altimetrique":1.5,"nombre_de_voies":3,"largeur_de_chaussee":9,"itineraire_vert":false,"prive":false,"sens_de_circulation":"Double sens","reserve_aux_bus":null,"urbain":true,"vitesse_moyenne_vl":30,"acces_vehicule_leger":"Libre","acces_pieton":null,"periode_de_fermeture":null,"nature_de_la_restriction":null,"restriction_de_hauteur":null,"restriction_de_poids_total":null,"restriction_de_poids_par_essieu":null,"restriction_de_largeur":null,"restriction_de_longueur":null,"matieres_dangereuses_interdites":false,"borne_debut_gauche":null,"borne_debut_droite":"13","borne_fin_gauche":null,"borne_fin_droite":"1ZP","insee_commune_gauche":"75113","insee_commune_droite":"75113","alias_gauche":null,"alias_droit":null,"date_de_mise_en_service":null,"liens_vers_route_nommee":null,"liens_vers_itineraire_autre":null,"cpx_numero":null,"cpx_numero_route_europeenne":null,"cpx_classement_administratif":null,"cpx_gestionnaire":null,"cpx_toponyme_route_nommee":null,"cpx_toponyme_itineraire_cyclable":null,"cpx_toponyme_voie_verte":null,"cpx_nature_itineraire_autre":null,"cpx_toponyme_itineraire_autre":null,"delestage":null,"source_voie_ban_gauche":"commune","source_voie_ban_droite":"commune","nom_voie_ban_gauche":"Rue Neuve Tolbiac","nom_voie_ban_droite":"Rue Neuve Tolbiac","lieux_dits_ban_gauche":null,"lieux_dits_ban_droite":null,"identifiant_voie_ban_gauche":"75113_6733","identifiant_voie_ban_droite":"75113_6733","sens_amenagement_cyclable_gauche":null,"sens_amenagement_cyclable_droit":null,"amenagement_cyclable_gauche":null,"amenagement_cyclable_droit":null,"aire_de_retournement_dfci":null,"gabarit_dfci":null,"impasse_dfci":null,"nature_detaillee_dfci":null,"ouvrage_d_art_limitant_dfci":null,"pente_maximale_dfci":null,"piste_dfci":null,"piste_dfci_debroussaillee":null,"piste_dfci_fosses":null,"sens_de_circulation_dfci":null,"tout_terrain_dfci":null,"vitesse_moyenne_dfci":null,"zone_de_croisement_dfci":null,"categorie_dfci":null,"vitesse_collaborative":null,"id_ban_odonyme_droite":null,"id_ban_odonyme_gauche":null}},{"type":"Feature","id":"troncon_de_route.10768081","geometry":{"type":"LineString","coordinates":[[2.3777647,48.83395709,32.8],[2.37790757,48.83385801,32.7],[2.37868026,48.83326574,35.7],[2.37876,48.833205,35.9],[2.37886176,48.83312548,35.9],[2.37895386,48.83305581,35.9],[2.37905976,48.83297182,35.9],[2.37913542,48.83291016,35.9],[2.37920555,48.83285566,35.9],[2.37928255,48.8327958,35.9],[2.37931013,48.83276807,35.9],[2.37933094,48.8327367,35.9],[2.37933398,48.83270973,35.9],[2.37932066,48.83268448,35.9],[2.37925345,48.83260858,35.9]]},"geometry_name":"geometrie","properties":{"cleabs":"TRONROUT0000000081787123","nature":"Route à 1 chaussée","nom_collaboratif_gauche":"ALL ARTHUR RIMBAUD","nom_collaboratif_droite":"ALL ARTHUR RIMBAUD","importance":"5","fictif":false,"position_par_rapport_au_sol":"0","etat_de_l_objet":"En service","date_creation":"2007-06-12T10:58:32.872Z","date_modification":"2023-08-27T10:03:02.614Z","date_d_apparition":null,"date_de_confirmation":null,"sources":null,"identifiants_sources":null,"methode_d_acquisition_planimetrique":"Photogrammétrie","precision_planimetrique":2.5,"methode_d_acquisition_altimetrique":"Photogrammétrie","precision_altimetrique":1.5,"nombre_de_voies":1,"largeur_de_chaussee":3,"itineraire_vert":false,"prive":false,"sens_de_circulation":"Sens inverse","reserve_aux_bus":null,"urbain":true,"vitesse_moyenne_vl":0,"acces_vehicule_leger":"Restreint aux ayants droit","acces_pieton":null,"periode_de_fermeture":null,"nature_de_la_restriction":null,"restriction_de_hauteur":null,"restriction_de_poids_total":null,"restriction_de_poids_par_essieu":null,"restriction_de_largeur":null,"restriction_de_longueur":null,"matieres_dangereuses_interdites":false,"borne_debut_gauche":"","borne_debut_droite":"","borne_fin_gauche":"","borne_fin_droite":"","insee_commune_gauche":"75113","insee_commune_droite":"75113","alias_gauche":"","alias_droit":"","date_de_mise_en_service":null,"liens_vers_route_nommee":"","liens_vers_itineraire_autre":null,"cpx_numero":null,"cpx_numero_route_europeenne":null,"cpx_classement_administratif":null,"cpx_gestionnaire":null,"cpx_toponyme_route_nommee":null,"cpx_toponyme_itineraire_cyclable":null,"cpx_toponyme_voie_verte":null,"cpx_nature_itineraire_autre":null,"cpx_toponyme_itineraire_autre":null,"delestage":null,"source_voie_ban_gauche":null,"source_voie_ban_droite":null,"nom_voie_ban_gauche":null,"nom_voie_ban_droite":null,"lieux_dits_ban_gauche":null,"lieux_dits_ban_droite":null,"identifiant_voie_ban_gauche":null,"identifiant_voie_ban_droite":null,"sens_amenagement_cyclable_gauche":null,"sens_amenagement_cyclable_droit":null,"amenagement_cyclable_gauche":null,"amenagement_cyclable_droit":null,"aire_de_retournement_dfci":null,"gabarit_dfci":null,"impasse_dfci":null,"nature_detaillee_dfci":null,"ouvrage_d_art_limitant_dfci":null,"pente_maximale_dfci":null,"piste_dfci":null,"piste_dfci_debroussaillee":null,"piste_dfci_fosses":null,"sens_de_circulation_dfci":null,"tout_terrain_dfci":null,"vitesse_moyenne_dfci":null,"zone_de_croisement_dfci":null,"categorie_dfci":null,"vitesse_collaborative":null,"id_ban_odonyme_droite":null,"id_ban_odonyme_gauche":null}},{"type":"Feature","id":"troncon_de_route.13780073","geometry":{"type":"LineString","coordinates":[[2.38025479,48.83501059,35],[2.38076223,48.83472722,34.9],[2.38083774,48.83467814,34.8],[2.38092983,48.83461027,34.7],[2.38130808,48.83430644,34.9],[2.38156247,48.8341081,33.6],[2.38196274,48.8337846,30.9]]},"geometry_name":"geometrie","properties":{"cleabs":"TRONROUT0000000230033209","nature":"Route à 2 chaussées","nom_collaboratif_gauche":"QU DE BERCY","nom_collaboratif_droite":"QU DE BERCY","importance":"3","fictif":false,"position_par_rapport_au_sol":"0","etat_de_l_objet":"En service","date_creation":"2010-03-22T12:47:59.156Z","date_modification":"2024-12-14T07:04:06.119Z","date_d_apparition":null,"date_de_confirmation":null,"sources":null,"identifiants_sources":null,"methode_d_acquisition_planimetrique":"Photogrammétrie","precision_planimetrique":2.5,"methode_d_acquisition_altimetrique":"Photogrammétrie","precision_altimetrique":1.5,"nombre_de_voies":3,"largeur_de_chaussee":9,"itineraire_vert":true,"prive":false,"sens_de_circulation":"Sens direct","reserve_aux_bus":null,"urbain":true,"vitesse_moyenne_vl":50,"acces_vehicule_leger":"Libre","acces_pieton":null,"periode_de_fermeture":null,"nature_de_la_restriction":null,"restriction_de_hauteur":null,"restriction_de_poids_total":null,"restriction_de_poids_par_essieu":null,"restriction_de_largeur":null,"restriction_de_longueur":null,"matieres_dangereuses_interdites":false,"borne_debut_gauche":null,"borne_debut_droite":null,"borne_fin_gauche":null,"borne_fin_droite":null,"insee_commune_gauche":"75112","insee_commune_droite":"75112","alias_gauche":null,"alias_droit":null,"date_de_mise_en_service":null,"liens_vers_route_nommee":null,"liens_vers_itineraire_autre":null,"cpx_numero":null,"cpx_numero_route_europeenne":null,"cpx_classement_administratif":null,"cpx_gestionnaire":null,"cpx_toponyme_route_nommee":null,"cpx_toponyme_itineraire_cyclable":null,"cpx_toponyme_voie_verte":null,"cpx_nature_itineraire_autre":null,"cpx_toponyme_itineraire_autre":null,"delestage":null,"source_voie_ban_gauche":"commune","source_voie_ban_droite":"commune","nom_voie_ban_gauche":"Quai de Bercy","nom_voie_ban_droite":"Quai de Bercy","lieux_dits_ban_gauche":null,"lieux_dits_ban_droite":null,"identifiant_voie_ban_gauche":"75112_0880","identifiant_voie_ban_droite":"75112_0880","sens_amenagement_cyclable_gauche":null,"sens_amenagement_cyclable_droit":null,"amenagement_cyclable_gauche":null,"amenagement_cyclable_droit":null,"aire_de_retournement_dfci":null,"gabarit_dfci":null,"impasse_dfci":null,"nature_detaillee_dfci":null,"ouvrage_d_art_limitant_dfci":null,"pente_maximale_dfci":null,"piste_dfci":null,"piste_dfci_debroussaillee":null,"piste_dfci_fosses":null,"sens_de_circulation_dfci":null,"tout_terrain_dfci":null,"vitesse_moyenne_dfci":null,"zone_de_croisement_dfci":null,"categorie_dfci":null,"vitesse_collaborative":null,"id_ban_odonyme_droite":null,"id_ban_odonyme_gauche":null}},{"type":"Feature","id":"troncon_de_route.13780074","geometry":{"type":"LineString","coordinates":[[2.38210488,48.83386088,30.9],[2.38169366,48.83418882,33.6],[2.38152721,48.83432376,34.6],[2.38144337,48.83438629,34.9],[2.3813498,48.83446405,34.8],[2.38106238,48.834691,34.7],[2.38097165,48.83475978,34.8],[2.38089478,48.83480795,34.9],[2.38039828,48.83508778,35],[2.38037771,48.83509936,35.3],[2.38026386,48.83516443,35],[2.38016913,48.83522509,35],[2.38013617,48.83524741,34.8],[2.38009086,48.83527685,34.6]]},"geometry_name":"geometrie","properties":{"cleabs":"TRONROUT0000000230033210","nature":"Route à 2 chaussées","nom_collaboratif_gauche":"QU DE BERCY","nom_collaboratif_droite":"QU DE BERCY","importance":"3","fictif":false,"position_par_rapport_au_sol":"0","etat_de_l_objet":"En service","date_creation":"2010-03-22T12:47:59.156Z","date_modification":"2024-12-14T07:04:06.119Z","date_d_apparition":null,"date_de_confirmation":null,"sources":null,"identifiants_sources":null,"methode_d_acquisition_planimetrique":"Photogrammétrie","precision_planimetrique":2.5,"methode_d_acquisition_altimetrique":"Photogrammétrie","precision_altimetrique":1.5,"nombre_de_voies":3,"largeur_de_chaussee":9,"itineraire_vert":true,"prive":false,"sens_de_circulation":"Sens direct","reserve_aux_bus":null,"urbain":true,"vitesse_moyenne_vl":50,"acces_vehicule_leger":"Libre","acces_pieton":null,"periode_de_fermeture":null,"nature_de_la_restriction":null,"restriction_de_hauteur":null,"restriction_de_poids_total":null,"restriction_de_poids_par_essieu":null,"restriction_de_largeur":null,"restriction_de_longueur":null,"matieres_dangereuses_interdites":false,"borne_debut_gauche":null,"borne_debut_droite":null,"borne_fin_gauche":null,"borne_fin_droite":null,"insee_commune_gauche":"75112","insee_commune_droite":"75112","alias_gauche":null,"alias_droit":null,"date_de_mise_en_service":null,"liens_vers_route_nommee":null,"liens_vers_itineraire_autre":null,"cpx_numero":null,"cpx_numero_route_europeenne":null,"cpx_classement_administratif":null,"cpx_gestionnaire":null,"cpx_toponyme_route_nommee":null,"cpx_toponyme_itineraire_cyclable":null,"cpx_toponyme_voie_verte":null,"cpx_nature_itineraire_autre":null,"cpx_toponyme_itineraire_autre":null,"delestage":null,"source_voie_ban_gauche":"commune","source_voie_ban_droite":"commune","nom_voie_ban_gauche":"Quai de Bercy","nom_voie_ban_droite":"Quai de Bercy","lieux_dits_ban_gauche":null,"lieux_dits_ban_droite":null,"identifiant_voie_ban_gauche":"75112_0880","identifiant_voie_ban_droite":"75112_0880","sens_amenagement_cyclable_gauche":null,"sens_amenagement_cyclable_droit":null,"amenagement_cyclable_gauche":null,"amenagement_cyclable_droit":null,"aire_de_retournement_dfci":null,"gabarit_dfci":null,"impasse_dfci":null,"nature_detaillee_dfci":null,"ouvrage_d_art_limitant_dfci":null,"pente_maximale_dfci":null,"piste_dfci":null,"piste_dfci_debroussaillee":null,"piste_dfci_fosses":null,"sens_de_circulation_dfci":null,"tout_terrain_dfci":null,"vitesse_moyenne_dfci":null,"zone_de_croisement_dfci":null,"categorie_dfci":null,"vitesse_collaborative":null,"id_ban_odonyme_droite":null,"id_ban_odonyme_gauche":null}},{"type":"Feature","id":"troncon_de_route.13780084","geometry":{"type":"LineString","coordinates":[[2.38262882,48.83344808,30.9],[2.38210488,48.83386088,30.9]]},"geometry_name":"geometrie","properties":{"cleabs":"TRONROUT0000000230033220","nature":"Route à 2 chaussées","nom_collaboratif_gauche":"QU DE BERCY","nom_collaboratif_droite":"QU DE BERCY","importance":"3","fictif":false,"position_par_rapport_au_sol":"-1","etat_de_l_objet":"En service","date_creation":"2010-03-22T12:47:59.156Z","date_modification":"2024-12-14T07:04:06.119Z","date_d_apparition":null,"date_de_confirmation":null,"sources":null,"identifiants_sources":null,"methode_d_acquisition_planimetrique":"Photogrammétrie","precision_planimetrique":2.5,"methode_d_acquisition_altimetrique":"Photogrammétrie","precision_altimetrique":1.5,"nombre_de_voies":3,"largeur_de_chaussee":9,"itineraire_vert":true,"prive":false,"sens_de_circulation":"Sens direct","reserve_aux_bus":null,"urbain":true,"vitesse_moyenne_vl":50,"acces_vehicule_leger":"Libre","acces_pieton":null,"periode_de_fermeture":null,"nature_de_la_restriction":null,"restriction_de_hauteur":4.4,"restriction_de_poids_total":null,"restriction_de_poids_par_essieu":null,"restriction_de_largeur":null,"restriction_de_longueur":null,"matieres_dangereuses_interdites":false,"borne_debut_gauche":null,"borne_debut_droite":null,"borne_fin_gauche":null,"borne_fin_droite":null,"insee_commune_gauche":"75112","insee_commune_droite":"75112","alias_gauche":null,"alias_droit":null,"date_de_mise_en_service":null,"liens_vers_route_nommee":null,"liens_vers_itineraire_autre":null,"cpx_numero":null,"cpx_numero_route_europeenne":null,"cpx_classement_administratif":null,"cpx_gestionnaire":null,"cpx_toponyme_route_nommee":null,"cpx_toponyme_itineraire_cyclable":null,"cpx_toponyme_voie_verte":null,"cpx_nature_itineraire_autre":null,"cpx_toponyme_itineraire_autre":null,"delestage":null,"source_voie_ban_gauche":"commune","source_voie_ban_droite":"commune","nom_voie_ban_gauche":"Quai de Bercy","nom_voie_ban_droite":"Quai de Bercy","lieux_dits_ban_gauche":null,"lieux_dits_ban_droite":null,"identifiant_voie_ban_gauche":"75112_0880","identifiant_voie_ban_droite":"75112_0880","sens_amenagement_cyclable_gauche":null,"sens_amenagement_cyclable_droit":null,"amenagement_cyclable_gauche":null,"amenagement_cyclable_droit":null,"aire_de_retournement_dfci":null,"gabarit_dfci":null,"impasse_dfci":null,"nature_detaillee_dfci":null,"ouvrage_d_art_limitant_dfci":null,"pente_maximale_dfci":null,"piste_dfci":null,"piste_dfci_debroussaillee":null,"piste_dfci_fosses":null,"sens_de_circulation_dfci":null,"tout_terrain_dfci":null,"vitesse_moyenne_dfci":null,"zone_de_croisement_dfci":null,"categorie_dfci":null,"vitesse_collaborative":null,"id_ban_odonyme_droite":null,"id_ban_odonyme_gauche":null}},{"type":"Feature","id":"troncon_de_route.16043402","geometry":{"type":"LineString","coordinates":[[2.37977012,48.83223443,35.9],[2.38013736,48.83193954,35]]},"geometry_name":"geometrie","properties":{"cleabs":"TRONROUT0000000349905628","nature":"Route à 1 chaussée","nom_collaboratif_gauche":"QU PANHARD ET LEVASSOR","nom_collaboratif_droite":"QU PANHARD ET LEVASSOR","importance":"3","fictif":false,"position_par_rapport_au_sol":"0","etat_de_l_objet":"En service","date_creation":"2015-05-05T13:18:41.839Z","date_modification":"2026-01-13T21:29:51.410Z","date_d_apparition":null,"date_de_confirmation":null,"sources":"DSR","identifiants_sources":null,"methode_d_acquisition_planimetrique":"BDTopo","precision_planimetrique":2.5,"methode_d_acquisition_altimetrique":"BDTopo","precision_altimetrique":1.5,"nombre_de_voies":4,"largeur_de_chaussee":12,"itineraire_vert":false,"prive":false,"sens_de_circulation":"Double sens","reserve_aux_bus":null,"urbain":true,"vitesse_moyenne_vl":25,"acces_vehicule_leger":"Libre","acces_pieton":null,"periode_de_fermeture":null,"nature_de_la_restriction":null,"restriction_de_hauteur":null,"restriction_de_poids_total":null,"restriction_de_poids_par_essieu":null,"restriction_de_largeur":null,"restriction_de_longueur":null,"matieres_dangereuses_interdites":false,"borne_debut_gauche":null,"borne_debut_droite":"93Z","borne_fin_gauche":null,"borne_fin_droite":"91","insee_commune_gauche":"75113","insee_commune_droite":"75113","alias_gauche":null,"alias_droit":null,"date_de_mise_en_service":null,"liens_vers_route_nommee":null,"liens_vers_itineraire_autre":null,"cpx_numero":null,"cpx_numero_route_europeenne":null,"cpx_classement_administratif":null,"cpx_gestionnaire":null,"cpx_toponyme_route_nommee":null,"cpx_toponyme_itineraire_cyclable":null,"cpx_toponyme_voie_verte":null,"cpx_nature_itineraire_autre":null,"cpx_toponyme_itineraire_autre":null,"delestage":null,"source_voie_ban_gauche":"commune","source_voie_ban_droite":"commune","nom_voie_ban_gauche":"Quai Panhard et Levassor","nom_voie_ban_droite":"Quai Panhard et Levassor","lieux_dits_ban_gauche":null,"lieux_dits_ban_droite":null,"identifiant_voie_ban_gauche":"75113_7026","identifiant_voie_ban_droite":"75113_7026","sens_amenagement_cyclable_gauche":null,"sens_amenagement_cyclable_droit":null,"amenagement_cyclable_gauche":null,"amenagement_cyclable_droit":null,"aire_de_retournement_dfci":null,"gabarit_dfci":null,"impasse_dfci":null,"nature_detaillee_dfci":null,"ouvrage_d_art_limitant_dfci":null,"pente_maximale_dfci":null,"piste_dfci":null,"piste_dfci_debroussaillee":null,"piste_dfci_fosses":null,"sens_de_circulation_dfci":null,"tout_terrain_dfci":null,"vitesse_moyenne_dfci":null,"zone_de_croisement_dfci":null,"categorie_dfci":null,"vitesse_collaborative":null,"id_ban_odonyme_droite":null,"id_ban_odonyme_gauche":null}},{"type":"Feature","id":"troncon_de_route.16043403","geometry":{"type":"LineString","coordinates":[[2.38125133,48.83139759,28.5],[2.3810521,48.83142624,29.3],[2.38099737,48.83144664,29.5],[2.38037472,48.83191289,33.6],[2.38033907,48.83193159,33.7],[2.38029125,48.83194394,34],[2.38013736,48.83193954,35]]},"geometry_name":"geometrie","properties":{"cleabs":"TRONROUT0000000349905629","nature":"Route à 1 chaussée","nom_collaboratif_gauche":"","nom_collaboratif_droite":"","importance":"5","fictif":false,"position_par_rapport_au_sol":"0","etat_de_l_objet":"En service","date_creation":"2015-05-05T13:18:41.839Z","date_modification":"2023-08-27T10:03:02.614Z","date_d_apparition":null,"date_de_confirmation":null,"sources":null,"identifiants_sources":null,"methode_d_acquisition_planimetrique":"Orthophotographie","precision_planimetrique":3,"methode_d_acquisition_altimetrique":"Z corrigé","precision_altimetrique":2.5,"nombre_de_voies":1,"largeur_de_chaussee":3,"itineraire_vert":false,"prive":false,"sens_de_circulation":"Sens direct","reserve_aux_bus":null,"urbain":true,"vitesse_moyenne_vl":5,"acces_vehicule_leger":"Libre","acces_pieton":null,"periode_de_fermeture":null,"nature_de_la_restriction":null,"restriction_de_hauteur":null,"restriction_de_poids_total":null,"restriction_de_poids_par_essieu":null,"restriction_de_largeur":null,"restriction_de_longueur":null,"matieres_dangereuses_interdites":false,"borne_debut_gauche":"","borne_debut_droite":"","borne_fin_gauche":"","borne_fin_droite":"","insee_commune_gauche":"75113","insee_commune_droite":"75113","alias_gauche":"","alias_droit":"","date_de_mise_en_service":null,"liens_vers_route_nommee":"","liens_vers_itineraire_autre":null,"cpx_numero":null,"cpx_numero_route_europeenne":null,"cpx_classement_administratif":null,"cpx_gestionnaire":null,"cpx_toponyme_route_nommee":null,"cpx_toponyme_itineraire_cyclable":null,"cpx_toponyme_voie_verte":null,"cpx_nature_itineraire_autre":null,"cpx_toponyme_itineraire_autre":null,"delestage":null,"source_voie_ban_gauche":null,"source_voie_ban_droite":null,"nom_voie_ban_gauche":null,"nom_voie_ban_droite":null,"lieux_dits_ban_gauche":null,"lieux_dits_ban_droite":null,"identifiant_voie_ban_gauche":null,"identifiant_voie_ban_droite":null,"sens_amenagement_cyclable_gauche":null,"sens_amenagement_cyclable_droit":null,"amenagement_cyclable_gauche":null,"amenagement_cyclable_droit":null,"aire_de_retournement_dfci":null,"gabarit_dfci":null,"impasse_dfci":null,"nature_detaillee_dfci":null,"ouvrage_d_art_limitant_dfci":null,"pente_maximale_dfci":null,"piste_dfci":null,"piste_dfci_debroussaillee":null,"piste_dfci_fosses":null,"sens_de_circulation_dfci":null,"tout_terrain_dfci":null,"vitesse_moyenne_dfci":null,"zone_de_croisement_dfci":null,"categorie_dfci":null,"vitesse_collaborative":null,"id_ban_odonyme_droite":null,"id_ban_odonyme_gauche":null}},{"type":"Feature","id":"troncon_de_route.16103019","geometry":{"type":"LineString","coordinates":[[2.38057686,48.83530815,34.4],[2.38125605,48.83478733,34.8]]},"geometry_name":"geometrie","properties":{"cleabs":"TRONROUT0000000351855298","nature":"Route à 1 chaussée","nom_collaboratif_gauche":null,"nom_collaboratif_droite":null,"importance":"5","fictif":false,"position_par_rapport_au_sol":"0","etat_de_l_objet":"En service","date_creation":"2015-06-29T09:54:33.739Z","date_modification":"2023-08-27T10:03:02.614Z","date_d_apparition":null,"date_de_confirmation":null,"sources":null,"identifiants_sources":null,"methode_d_acquisition_planimetrique":"BDTopo","precision_planimetrique":2.5,"methode_d_acquisition_altimetrique":"BDTopo","precision_altimetrique":1.5,"nombre_de_voies":1,"largeur_de_chaussee":3,"itineraire_vert":false,"prive":false,"sens_de_circulation":"Sens inverse","reserve_aux_bus":"Sens inverse","urbain":true,"vitesse_moyenne_vl":0,"acces_vehicule_leger":"Restreint aux ayants droit","acces_pieton":"Libre","periode_de_fermeture":null,"nature_de_la_restriction":null,"restriction_de_hauteur":null,"restriction_de_poids_total":null,"restriction_de_poids_par_essieu":null,"restriction_de_largeur":null,"restriction_de_longueur":null,"matieres_dangereuses_interdites":false,"borne_debut_gauche":null,"borne_debut_droite":null,"borne_fin_gauche":null,"borne_fin_droite":null,"insee_commune_gauche":"75112","insee_commune_droite":"75112","alias_gauche":null,"alias_droit":null,"date_de_mise_en_service":null,"liens_vers_route_nommee":null,"liens_vers_itineraire_autre":null,"cpx_numero":null,"cpx_numero_route_europeenne":null,"cpx_classement_administratif":null,"cpx_gestionnaire":null,"cpx_toponyme_route_nommee":null,"cpx_toponyme_itineraire_cyclable":null,"cpx_toponyme_voie_verte":null,"cpx_nature_itineraire_autre":null,"cpx_toponyme_itineraire_autre":null,"delestage":null,"source_voie_ban_gauche":null,"source_voie_ban_droite":null,"nom_voie_ban_gauche":null,"nom_voie_ban_droite":null,"lieux_dits_ban_gauche":null,"lieux_dits_ban_droite":null,"identifiant_voie_ban_gauche":null,"identifiant_voie_ban_droite":null,"sens_amenagement_cyclable_gauche":null,"sens_amenagement_cyclable_droit":null,"amenagement_cyclable_gauche":null,"amenagement_cyclable_droit":null,"aire_de_retournement_dfci":null,"gabarit_dfci":null,"impasse_dfci":null,"nature_detaillee_dfci":null,"ouvrage_d_art_limitant_dfci":null,"pente_maximale_dfci":null,"piste_dfci":null,"piste_dfci_debroussaillee":null,"piste_dfci_fosses":null,"sens_de_circulation_dfci":null,"tout_terrain_dfci":null,"vitesse_moyenne_dfci":null,"zone_de_croisement_dfci":null,"categorie_dfci":null,"vitesse_collaborative":null,"id_ban_odonyme_droite":null,"id_ban_odonyme_gauche":null}},{"type":"Feature","id":"troncon_de_route.16728599","geometry":{"type":"LineString","coordinates":[[2.38064647,48.83139896,33.8],[2.3796578,48.83217179,36]]},"geometry_name":"geometrie","properties":{"cleabs":"TRONROUT0000002000464592","nature":"Route à 1 chaussée","nom_collaboratif_gauche":null,"nom_collaboratif_droite":null,"importance":"6","fictif":false,"position_par_rapport_au_sol":"0","etat_de_l_objet":"En service","date_creation":"2016-12-05T09:44:52.148Z","date_modification":"2025-03-21T07:23:14.909Z","date_d_apparition":null,"date_de_confirmation":null,"sources":null,"identifiants_sources":null,"methode_d_acquisition_planimetrique":"Orthophotographie","precision_planimetrique":3,"methode_d_acquisition_altimetrique":"Z corrigé","precision_altimetrique":2.5,"nombre_de_voies":null,"largeur_de_chaussee":null,"itineraire_vert":false,"prive":false,"sens_de_circulation":"Double sens","reserve_aux_bus":null,"urbain":true,"vitesse_moyenne_vl":0,"acces_vehicule_leger":"Physiquement impossible","acces_pieton":null,"periode_de_fermeture":null,"nature_de_la_restriction":"Piste cyclable","restriction_de_hauteur":null,"restriction_de_poids_total":null,"restriction_de_poids_par_essieu":null,"restriction_de_largeur":null,"restriction_de_longueur":null,"matieres_dangereuses_interdites":false,"borne_debut_gauche":null,"borne_debut_droite":null,"borne_fin_gauche":null,"borne_fin_droite":null,"insee_commune_gauche":"75113","insee_commune_droite":"75113","alias_gauche":null,"alias_droit":null,"date_de_mise_en_service":null,"liens_vers_route_nommee":null,"liens_vers_itineraire_autre":null,"cpx_numero":null,"cpx_numero_route_europeenne":null,"cpx_classement_administratif":null,"cpx_gestionnaire":null,"cpx_toponyme_route_nommee":null,"cpx_toponyme_itineraire_cyclable":null,"cpx_toponyme_voie_verte":null,"cpx_nature_itineraire_autre":null,"cpx_toponyme_itineraire_autre":null,"delestage":null,"source_voie_ban_gauche":null,"source_voie_ban_droite":null,"nom_voie_ban_gauche":null,"nom_voie_ban_droite":null,"lieux_dits_ban_gauche":null,"lieux_dits_ban_droite":null,"identifiant_voie_ban_gauche":null,"identifiant_voie_ban_droite":null,"sens_amenagement_cyclable_gauche":null,"sens_amenagement_cyclable_droit":null,"amenagement_cyclable_gauche":null,"amenagement_cyclable_droit":null,"aire_de_retournement_dfci":null,"gabarit_dfci":null,"impasse_dfci":null,"nature_detaillee_dfci":null,"ouvrage_d_art_limitant_dfci":null,"pente_maximale_dfci":null,"piste_dfci":null,"piste_dfci_debroussaillee":null,"piste_dfci_fosses":null,"sens_de_circulation_dfci":null,"tout_terrain_dfci":null,"vitesse_moyenne_dfci":null,"zone_de_croisement_dfci":null,"categorie_dfci":null,"vitesse_collaborative":null,"id_ban_odonyme_droite":null,"id_ban_odonyme_gauche":null}},{"type":"Feature","id":"troncon_de_route.17097341","geometry":{"type":"LineString","coordinates":[[2.37896355,48.83189927,-1000],[2.37909211,48.83185677,-1000]]},"geometry_name":"geometrie","properties":{"cleabs":"TRONROUT0000002006821967","nature":"Route à 1 chaussée","nom_collaboratif_gauche":"","nom_collaboratif_droite":"","importance":"5","fictif":false,"position_par_rapport_au_sol":"0","etat_de_l_objet":"En service","date_creation":"2017-11-10T15:48:44.855Z","date_modification":"2023-08-27T10:03:02.614Z","date_d_apparition":null,"date_de_confirmation":null,"sources":null,"identifiants_sources":null,"methode_d_acquisition_planimetrique":"Orthophotographie","precision_planimetrique":3,"methode_d_acquisition_altimetrique":"Pas de Z","precision_altimetrique":9999,"nombre_de_voies":1,"largeur_de_chaussee":3,"itineraire_vert":false,"prive":false,"sens_de_circulation":"Double sens","reserve_aux_bus":null,"urbain":true,"vitesse_moyenne_vl":5,"acces_vehicule_leger":"Libre","acces_pieton":null,"periode_de_fermeture":null,"nature_de_la_restriction":null,"restriction_de_hauteur":null,"restriction_de_poids_total":null,"restriction_de_poids_par_essieu":null,"restriction_de_largeur":null,"restriction_de_longueur":null,"matieres_dangereuses_interdites":false,"borne_debut_gauche":"","borne_debut_droite":"","borne_fin_gauche":"","borne_fin_droite":"","insee_commune_gauche":"75113","insee_commune_droite":"75113","alias_gauche":"","alias_droit":"","date_de_mise_en_service":null,"liens_vers_route_nommee":"","liens_vers_itineraire_autre":null,"cpx_numero":null,"cpx_numero_route_europeenne":null,"cpx_classement_administratif":null,"cpx_gestionnaire":null,"cpx_toponyme_route_nommee":null,"cpx_toponyme_itineraire_cyclable":null,"cpx_toponyme_voie_verte":null,"cpx_nature_itineraire_autre":null,"cpx_toponyme_itineraire_autre":null,"delestage":null,"source_voie_ban_gauche":null,"source_voie_ban_droite":null,"nom_voie_ban_gauche":null,"nom_voie_ban_droite":null,"lieux_dits_ban_gauche":null,"lieux_dits_ban_droite":null,"identifiant_voie_ban_gauche":null,"identifiant_voie_ban_droite":null,"sens_amenagement_cyclable_gauche":null,"sens_amenagement_cyclable_droit":null,"amenagement_cyclable_gauche":null,"amenagement_cyclable_droit":null,"aire_de_retournement_dfci":null,"gabarit_dfci":null,"impasse_dfci":null,"nature_detaillee_dfci":null,"ouvrage_d_art_limitant_dfci":null,"pente_maximale_dfci":null,"piste_dfci":null,"piste_dfci_debroussaillee":null,"piste_dfci_fosses":null,"sens_de_circulation_dfci":null,"tout_terrain_dfci":null,"vitesse_moyenne_dfci":null,"zone_de_croisement_dfci":null,"categorie_dfci":null,"vitesse_collaborative":null,"id_ban_odonyme_droite":null,"id_ban_odonyme_gauche":null}},{"type":"Feature","id":"troncon_de_route.17237921","geometry":{"type":"LineString","coordinates":[[2.38125133,48.83139759,28.5],[2.3804854,48.8319989,28.5]]},"geometry_name":"geometrie","properties":{"cleabs":"TRONROUT0000002009728184","nature":"Route à 1 chaussée","nom_collaboratif_gauche":"PORT DE TOLBIAC","nom_collaboratif_droite":"PORT DE TOLBIAC","importance":"5","fictif":false,"position_par_rapport_au_sol":"0","etat_de_l_objet":"En service","date_creation":"2018-03-27T16:37:04.868Z","date_modification":"2023-08-27T10:03:02.614Z","date_d_apparition":null,"date_de_confirmation":null,"sources":null,"identifiants_sources":null,"methode_d_acquisition_planimetrique":"Photogrammétrie","precision_planimetrique":2.5,"methode_d_acquisition_altimetrique":"Photogrammétrie","precision_altimetrique":1.5,"nombre_de_voies":2,"largeur_de_chaussee":5,"itineraire_vert":false,"prive":false,"sens_de_circulation":"Double sens","reserve_aux_bus":null,"urbain":true,"vitesse_moyenne_vl":20,"acces_vehicule_leger":"Libre","acces_pieton":null,"periode_de_fermeture":null,"nature_de_la_restriction":null,"restriction_de_hauteur":null,"restriction_de_poids_total":null,"restriction_de_poids_par_essieu":null,"restriction_de_largeur":null,"restriction_de_longueur":null,"matieres_dangereuses_interdites":false,"borne_debut_gauche":"","borne_debut_droite":"","borne_fin_gauche":"","borne_fin_droite":"","insee_commune_gauche":"75113","insee_commune_droite":"75113","alias_gauche":"","alias_droit":"","date_de_mise_en_service":null,"liens_vers_route_nommee":"","liens_vers_itineraire_autre":null,"cpx_numero":null,"cpx_numero_route_europeenne":null,"cpx_classement_administratif":null,"cpx_gestionnaire":null,"cpx_toponyme_route_nommee":null,"cpx_toponyme_itineraire_cyclable":null,"cpx_toponyme_voie_verte":null,"cpx_nature_itineraire_autre":null,"cpx_toponyme_itineraire_autre":null,"delestage":null,"source_voie_ban_gauche":"commune","source_voie_ban_droite":"commune","nom_voie_ban_gauche":"Port de Tolbiac","nom_voie_ban_droite":"Port de Tolbiac","lieux_dits_ban_gauche":"","lieux_dits_ban_droite":"","identifiant_voie_ban_gauche":"75113_9336","identifiant_voie_ban_droite":"75113_9336","sens_amenagement_cyclable_gauche":null,"sens_amenagement_cyclable_droit":null,"amenagement_cyclable_gauche":null,"amenagement_cyclable_droit":null,"aire_de_retournement_dfci":null,"gabarit_dfci":null,"impasse_dfci":null,"nature_detaillee_dfci":null,"ouvrage_d_art_limitant_dfci":null,"pente_maximale_dfci":null,"piste_dfci":null,"piste_dfci_debroussaillee":null,"piste_dfci_fosses":null,"sens_de_circulation_dfci":null,"tout_terrain_dfci":null,"vitesse_moyenne_dfci":null,"zone_de_croisement_dfci":null,"categorie_dfci":null,"vitesse_collaborative":null,"id_ban_odonyme_droite":null,"id_ban_odonyme_gauche":null}},{"type":"Feature","id":"troncon_de_route.17420824","geometry":{"type":"LineString","coordinates":[[2.38184601,48.83512675,-1000],[2.38233595,48.83482529,-1000]]},"geometry_name":"geometrie","properties":{"cleabs":"TRONROUT0000002101618032","nature":"Route à 1 chaussée","nom_collaboratif_gauche":"","nom_collaboratif_droite":"","importance":"5","fictif":false,"position_par_rapport_au_sol":"0","etat_de_l_objet":"En service","date_creation":"2018-10-31T16:23:21.850Z","date_modification":"2023-08-27T10:03:02.614Z","date_d_apparition":null,"date_de_confirmation":null,"sources":null,"identifiants_sources":null,"methode_d_acquisition_planimetrique":"Orthophotographie","precision_planimetrique":3,"methode_d_acquisition_altimetrique":"Pas de Z","precision_altimetrique":9999,"nombre_de_voies":1,"largeur_de_chaussee":3,"itineraire_vert":false,"prive":false,"sens_de_circulation":"Double sens","reserve_aux_bus":null,"urbain":true,"vitesse_moyenne_vl":0,"acces_vehicule_leger":"Restreint aux ayants droit","acces_pieton":null,"periode_de_fermeture":null,"nature_de_la_restriction":null,"restriction_de_hauteur":null,"restriction_de_poids_total":null,"restriction_de_poids_par_essieu":null,"restriction_de_largeur":null,"restriction_de_longueur":null,"matieres_dangereuses_interdites":false,"borne_debut_gauche":"","borne_debut_droite":"","borne_fin_gauche":"","borne_fin_droite":"","insee_commune_gauche":"75112","insee_commune_droite":"75112","alias_gauche":"","alias_droit":"","date_de_mise_en_service":null,"liens_vers_route_nommee":"","liens_vers_itineraire_autre":null,"cpx_numero":null,"cpx_numero_route_europeenne":null,"cpx_classement_administratif":null,"cpx_gestionnaire":null,"cpx_toponyme_route_nommee":null,"cpx_toponyme_itineraire_cyclable":null,"cpx_toponyme_voie_verte":null,"cpx_nature_itineraire_autre":null,"cpx_toponyme_itineraire_autre":null,"delestage":null,"source_voie_ban_gauche":null,"source_voie_ban_droite":null,"nom_voie_ban_gauche":null,"nom_voie_ban_droite":null,"lieux_dits_ban_gauche":null,"lieux_dits_ban_droite":null,"identifiant_voie_ban_gauche":null,"identifiant_voie_ban_droite":null,"sens_amenagement_cyclable_gauche":null,"sens_amenagement_cyclable_droit":null,"amenagement_cyclable_gauche":null,"amenagement_cyclable_droit":null,"aire_de_retournement_dfci":null,"gabarit_dfci":null,"impasse_dfci":null,"nature_detaillee_dfci":null,"ouvrage_d_art_limitant_dfci":null,"pente_maximale_dfci":null,"piste_dfci":null,"piste_dfci_debroussaillee":null,"piste_dfci_fosses":null,"sens_de_circulation_dfci":null,"tout_terrain_dfci":null,"vitesse_moyenne_dfci":null,"zone_de_croisement_dfci":null,"categorie_dfci":null,"vitesse_collaborative":null,"id_ban_odonyme_droite":null,"id_ban_odonyme_gauche":null}},{"type":"Feature","id":"troncon_de_route.17420829","geometry":{"type":"LineString","coordinates":[[2.38265259,48.8350068,31.9],[2.38243067,48.83487974,31.4],[2.38233595,48.83482529,31.2]]},"geometry_name":"geometrie","properties":{"cleabs":"TRONROUT0000002101618037","nature":"Sentier","nom_collaboratif_gauche":"","nom_collaboratif_droite":"","importance":"6","fictif":false,"position_par_rapport_au_sol":"0","etat_de_l_objet":"En service","date_creation":"2018-10-31T16:23:21.850Z","date_modification":"2023-08-27T10:03:02.614Z","date_d_apparition":null,"date_de_confirmation":null,"sources":null,"identifiants_sources":null,"methode_d_acquisition_planimetrique":"BDTopo","precision_planimetrique":2.5,"methode_d_acquisition_altimetrique":"BDTopo","precision_altimetrique":1.5,"nombre_de_voies":null,"largeur_de_chaussee":null,"itineraire_vert":false,"prive":false,"sens_de_circulation":"Sans objet","reserve_aux_bus":null,"urbain":true,"vitesse_moyenne_vl":0,"acces_vehicule_leger":"Physiquement impossible","acces_pieton":null,"periode_de_fermeture":null,"nature_de_la_restriction":null,"restriction_de_hauteur":null,"restriction_de_poids_total":null,"restriction_de_poids_par_essieu":null,"restriction_de_largeur":null,"restriction_de_longueur":null,"matieres_dangereuses_interdites":false,"borne_debut_gauche":"","borne_debut_droite":"","borne_fin_gauche":"","borne_fin_droite":"","insee_commune_gauche":"75112","insee_commune_droite":"75112","alias_gauche":"","alias_droit":"","date_de_mise_en_service":null,"liens_vers_route_nommee":"","liens_vers_itineraire_autre":null,"cpx_numero":null,"cpx_numero_route_europeenne":null,"cpx_classement_administratif":null,"cpx_gestionnaire":null,"cpx_toponyme_route_nommee":null,"cpx_toponyme_itineraire_cyclable":null,"cpx_toponyme_voie_verte":null,"cpx_nature_itineraire_autre":null,"cpx_toponyme_itineraire_autre":null,"delestage":null,"source_voie_ban_gauche":null,"source_voie_ban_droite":null,"nom_voie_ban_gauche":null,"nom_voie_ban_droite":null,"lieux_dits_ban_gauche":null,"lieux_dits_ban_droite":null,"identifiant_voie_ban_gauche":null,"identifiant_voie_ban_droite":null,"sens_amenagement_cyclable_gauche":null,"sens_amenagement_cyclable_droit":null,"amenagement_cyclable_gauche":null,"amenagement_cyclable_droit":null,"aire_de_retournement_dfci":null,"gabarit_dfci":null,"impasse_dfci":null,"nature_detaillee_dfci":null,"ouvrage_d_art_limitant_dfci":null,"pente_maximale_dfci":null,"piste_dfci":null,"piste_dfci_debroussaillee":null,"piste_dfci_fosses":null,"sens_de_circulation_dfci":null,"tout_terrain_dfci":null,"vitesse_moyenne_dfci":null,"zone_de_croisement_dfci":null,"categorie_dfci":null,"vitesse_collaborative":null,"id_ban_odonyme_droite":null,"id_ban_odonyme_gauche":null}},{"type":"Feature","id":"troncon_de_route.5754733","geometry":{"type":"LineString","coordinates":[[2.37983453,48.83105749,33.8],[2.37993128,48.83094017,34.3],[2.38003366,48.8308085,34.6],[2.38012634,48.83068936,35]]},"geometry_name":"geometrie","properties":{"cleabs":"TRONROUT0000000039536571","nature":"Route à 1 chaussée","nom_collaboratif_gauche":"R DES FRIGOS","nom_collaboratif_droite":"R DES FRIGOS","importance":"5","fictif":false,"position_par_rapport_au_sol":"0","etat_de_l_objet":"En service","date_creation":"2006-11-07T08:24:22.183Z","date_modification":"2024-12-14T10:08:20.334Z","date_d_apparition":null,"date_de_confirmation":null,"sources":null,"identifiants_sources":null,"methode_d_acquisition_planimetrique":"Photogrammétrie","precision_planimetrique":2.5,"methode_d_acquisition_altimetrique":"Photogrammétrie","precision_altimetrique":1.5,"nombre_de_voies":2,"largeur_de_chaussee":5,"itineraire_vert":false,"prive":false,"sens_de_circulation":"Double sens","reserve_aux_bus":null,"urbain":true,"vitesse_moyenne_vl":20,"acces_vehicule_leger":"Libre","acces_pieton":null,"periode_de_fermeture":null,"nature_de_la_restriction":null,"restriction_de_hauteur":null,"restriction_de_poids_total":null,"restriction_de_poids_par_essieu":null,"restriction_de_largeur":null,"restriction_de_longueur":null,"matieres_dangereuses_interdites":false,"borne_debut_gauche":"14","borne_debut_droite":"13","borne_fin_gauche":"10","borne_fin_droite":"9","insee_commune_gauche":"75113","insee_commune_droite":"75113","alias_gauche":"","alias_droit":"","date_de_mise_en_service":null,"liens_vers_route_nommee":"","liens_vers_itineraire_autre":null,"cpx_numero":null,"cpx_numero_route_europeenne":null,"cpx_classement_administratif":null,"cpx_gestionnaire":null,"cpx_toponyme_route_nommee":null,"cpx_toponyme_itineraire_cyclable":null,"cpx_toponyme_voie_verte":null,"cpx_nature_itineraire_autre":null,"cpx_toponyme_itineraire_autre":null,"delestage":null,"source_voie_ban_gauche":"commune","source_voie_ban_droite":"commune","nom_voie_ban_gauche":"Rue des Frigos","nom_voie_ban_droite":"Rue des Frigos","lieux_dits_ban_gauche":null,"lieux_dits_ban_droite":null,"identifiant_voie_ban_gauche":"75113_3869","identifiant_voie_ban_droite":"75113_3869","sens_amenagement_cyclable_gauche":null,"sens_amenagement_cyclable_droit":null,"amenagement_cyclable_gauche":null,"amenagement_cyclable_droit":null,"aire_de_retournement_dfci":null,"gabarit_dfci":null,"impasse_dfci":null,"nature_detaillee_dfci":null,"ouvrage_d_art_limitant_dfci":null,"pente_maximale_dfci":null,"piste_dfci":null,"piste_dfci_debroussaillee":null,"piste_dfci_fosses":null,"sens_de_circulation_dfci":null,"tout_terrain_dfci":null,"vitesse_moyenne_dfci":null,"zone_de_croisement_dfci":null,"categorie_dfci":null,"vitesse_collaborative":null,"id_ban_odonyme_droite":null,"id_ban_odonyme_gauche":null}},{"type":"Feature","id":"troncon_de_route.15769546","geometry":{"type":"LineString","coordinates":[[2.38117147,48.83112467,32.6],[2.381055,48.83106741,33]]},"geometry_name":"geometrie","properties":{"cleabs":"TRONROUT0000000338524402","nature":"Route à 1 chaussée","nom_collaboratif_gauche":"R RENE GOSCINNY","nom_collaboratif_droite":"R RENE GOSCINNY","importance":"5","fictif":false,"position_par_rapport_au_sol":"0","etat_de_l_objet":"En service","date_creation":"2014-10-07T12:58:05.269Z","date_modification":"2024-12-14T10:08:20.334Z","date_d_apparition":null,"date_de_confirmation":null,"sources":null,"identifiants_sources":null,"methode_d_acquisition_planimetrique":"Photogrammétrie","precision_planimetrique":2.5,"methode_d_acquisition_altimetrique":"Photogrammétrie","precision_altimetrique":1.5,"nombre_de_voies":2,"largeur_de_chaussee":5,"itineraire_vert":false,"prive":false,"sens_de_circulation":"Sens direct","reserve_aux_bus":null,"urbain":true,"vitesse_moyenne_vl":5,"acces_vehicule_leger":"Libre","acces_pieton":null,"periode_de_fermeture":null,"nature_de_la_restriction":null,"restriction_de_hauteur":null,"restriction_de_poids_total":null,"restriction_de_poids_par_essieu":null,"restriction_de_largeur":null,"restriction_de_longueur":null,"matieres_dangereuses_interdites":false,"borne_debut_gauche":"","borne_debut_droite":"","borne_fin_gauche":"","borne_fin_droite":"","insee_commune_gauche":"75113","insee_commune_droite":"75113","alias_gauche":"","alias_droit":"","date_de_mise_en_service":null,"liens_vers_route_nommee":"","liens_vers_itineraire_autre":null,"cpx_numero":null,"cpx_numero_route_europeenne":null,"cpx_classement_administratif":null,"cpx_gestionnaire":null,"cpx_toponyme_route_nommee":null,"cpx_toponyme_itineraire_cyclable":null,"cpx_toponyme_voie_verte":null,"cpx_nature_itineraire_autre":null,"cpx_toponyme_itineraire_autre":null,"delestage":null,"source_voie_ban_gauche":"commune","source_voie_ban_droite":"commune","nom_voie_ban_gauche":"Rue René Goscinny","nom_voie_ban_droite":"Rue René Goscinny","lieux_dits_ban_gauche":null,"lieux_dits_ban_droite":null,"identifiant_voie_ban_gauche":"75113_8154","identifiant_voie_ban_droite":"75113_8154","sens_amenagement_cyclable_gauche":null,"sens_amenagement_cyclable_droit":null,"amenagement_cyclable_gauche":null,"amenagement_cyclable_droit":null,"aire_de_retournement_dfci":null,"gabarit_dfci":null,"impasse_dfci":null,"nature_detaillee_dfci":null,"ouvrage_d_art_limitant_dfci":null,"pente_maximale_dfci":null,"piste_dfci":null,"piste_dfci_debroussaillee":null,"piste_dfci_fosses":null,"sens_de_circulation_dfci":null,"tout_terrain_dfci":null,"vitesse_moyenne_dfci":null,"zone_de_croisement_dfci":null,"categorie_dfci":null,"vitesse_collaborative":null,"id_ban_odonyme_droite":null,"id_ban_odonyme_gauche":null}},{"type":"Feature","id":"troncon_de_route.15769549","geometry":{"type":"LineString","coordinates":[[2.381055,48.83106741,33],[2.38064647,48.83139896,33.8]]},"geometry_name":"geometrie","properties":{"cleabs":"TRONROUT0000000338524405","nature":"Route à 1 chaussée","nom_collaboratif_gauche":null,"nom_collaboratif_droite":null,"importance":"6","fictif":false,"position_par_rapport_au_sol":"0","etat_de_l_objet":"En service","date_creation":"2014-10-07T12:58:05.269Z","date_modification":"2025-03-21T07:23:14.909Z","date_d_apparition":null,"date_de_confirmation":null,"sources":null,"identifiants_sources":null,"methode_d_acquisition_planimetrique":"Fichier numérique non métrique","precision_planimetrique":5,"methode_d_acquisition_altimetrique":"Z corrigé","precision_altimetrique":2.5,"nombre_de_voies":null,"largeur_de_chaussee":null,"itineraire_vert":false,"prive":false,"sens_de_circulation":"Double sens","reserve_aux_bus":null,"urbain":true,"vitesse_moyenne_vl":0,"acces_vehicule_leger":"Physiquement impossible","acces_pieton":null,"periode_de_fermeture":null,"nature_de_la_restriction":"Piste cyclable","restriction_de_hauteur":null,"restriction_de_poids_total":null,"restriction_de_poids_par_essieu":null,"restriction_de_largeur":null,"restriction_de_longueur":null,"matieres_dangereuses_interdites":false,"borne_debut_gauche":null,"borne_debut_droite":null,"borne_fin_gauche":null,"borne_fin_droite":null,"insee_commune_gauche":"75113","insee_commune_droite":"75113","alias_gauche":null,"alias_droit":null,"date_de_mise_en_service":null,"liens_vers_route_nommee":null,"liens_vers_itineraire_autre":null,"cpx_numero":null,"cpx_numero_route_europeenne":null,"cpx_classement_administratif":null,"cpx_gestionnaire":null,"cpx_toponyme_route_nommee":null,"cpx_toponyme_itineraire_cyclable":null,"cpx_toponyme_voie_verte":null,"cpx_nature_itineraire_autre":null,"cpx_toponyme_itineraire_autre":null,"delestage":null,"source_voie_ban_gauche":null,"source_voie_ban_droite":null,"nom_voie_ban_gauche":null,"nom_voie_ban_droite":null,"lieux_dits_ban_gauche":null,"lieux_dits_ban_droite":null,"identifiant_voie_ban_gauche":null,"identifiant_voie_ban_droite":null,"sens_amenagement_cyclable_gauche":null,"sens_amenagement_cyclable_droit":null,"amenagement_cyclable_gauche":null,"amenagement_cyclable_droit":null,"aire_de_retournement_dfci":null,"gabarit_dfci":null,"impasse_dfci":null,"nature_detaillee_dfci":null,"ouvrage_d_art_limitant_dfci":null,"pente_maximale_dfci":null,"piste_dfci":null,"piste_dfci_debroussaillee":null,"piste_dfci_fosses":null,"sens_de_circulation_dfci":null,"tout_terrain_dfci":null,"vitesse_moyenne_dfci":null,"zone_de_croisement_dfci":null,"categorie_dfci":null,"vitesse_collaborative":null,"id_ban_odonyme_droite":null,"id_ban_odonyme_gauche":null}}],"totalFeatures":91,"numberMatched":91,"numberReturned":91,"timeStamp":"2026-09-28T11:04:05.103Z","crs":{"type":"name","properties":{"name":"urn:ogc:def:crs:EPSG::4326"}}}