{"type":"FeatureCollection","features":[{"type":"Feature","id":"troncon_de_route.21299","geometry":{"type":"LineString","coordinates":[[2.2629155,48.8367176,35.1],[2.26301646,48.83680367,35.1],[2.26305548,48.83683808,35.1],[2.26353851,48.83726916,35.6],[2.26356266,48.83729539,35.6],[2.26358393,48.8373324,35.6],[2.26358498,48.83735489,35.7],[2.2635832,48.83738456,35.9]]},"geometry_name":"geometrie","properties":{"cleabs":"TRONROUT0000000000202235","nature":"Route à 1 chaussée","nom_collaboratif_gauche":"R DU GENERAL MALLETERRE","nom_collaboratif_droite":"R DU GENERAL MALLETERRE","importance":"5","fictif":false,"position_par_rapport_au_sol":"0","etat_de_l_objet":"En service","date_creation":"2006-05-22T11:18:11.781Z","date_modification":"2024-12-14T03:37:38.607Z","date_d_apparition":null,"date_de_confirmation":null,"sources":null,"identifiants_sources":null,"methode_d_acquisition_planimetrique":"BDTopo","precision_planimetrique":2.5,"methode_d_acquisition_altimetrique":"BDTopo","precision_altimetrique":1.5,"nombre_de_voies":2,"largeur_de_chaussee":4,"itineraire_vert":false,"prive":false,"sens_de_circulation":"Double sens","reserve_aux_bus":null,"urbain":true,"vitesse_moyenne_vl":5,"acces_vehicule_leger":"Libre","acces_pieton":null,"periode_de_fermeture":null,"nature_de_la_restriction":null,"restriction_de_hauteur":null,"restriction_de_poids_total":3.5,"restriction_de_poids_par_essieu":null,"restriction_de_largeur":null,"restriction_de_longueur":null,"matieres_dangereuses_interdites":false,"borne_debut_gauche":"6","borne_debut_droite":"9","borne_fin_gauche":"4","borne_fin_droite":"1","insee_commune_gauche":"75116","insee_commune_droite":"75116","alias_gauche":null,"alias_droit":null,"date_de_mise_en_service":null,"liens_vers_route_nommee":null,"liens_vers_itineraire_autre":null,"cpx_numero":null,"cpx_numero_route_europeenne":null,"cpx_classement_administratif":null,"cpx_gestionnaire":null,"cpx_toponyme_route_nommee":null,"cpx_toponyme_itineraire_cyclable":null,"cpx_toponyme_voie_verte":null,"cpx_nature_itineraire_autre":null,"cpx_toponyme_itineraire_autre":null,"delestage":null,"source_voie_ban_gauche":"commune","source_voie_ban_droite":"commune","nom_voie_ban_gauche":"Rue du Général Malleterre","nom_voie_ban_droite":"Rue du Général Malleterre","lieux_dits_ban_gauche":null,"lieux_dits_ban_droite":null,"identifiant_voie_ban_gauche":"75116_4067","identifiant_voie_ban_droite":"75116_4067","sens_amenagement_cyclable_gauche":null,"sens_amenagement_cyclable_droit":null,"amenagement_cyclable_gauche":null,"amenagement_cyclable_droit":null,"aire_de_retournement_dfci":null,"gabarit_dfci":null,"impasse_dfci":null,"nature_detaillee_dfci":null,"ouvrage_d_art_limitant_dfci":null,"pente_maximale_dfci":null,"piste_dfci":null,"piste_dfci_debroussaillee":null,"piste_dfci_fosses":null,"sens_de_circulation_dfci":null,"tout_terrain_dfci":null,"vitesse_moyenne_dfci":null,"zone_de_croisement_dfci":null,"categorie_dfci":null,"vitesse_collaborative":null,"id_ban_odonyme_droite":null,"id_ban_odonyme_gauche":null}},{"type":"Feature","id":"troncon_de_route.21301","geometry":{"type":"LineString","coordinates":[[2.2629155,48.8367176,35.1],[2.26359271,48.83661475,31.6]]},"geometry_name":"geometrie","properties":{"cleabs":"TRONROUT0000000000202239","nature":"Route à 1 chaussée","nom_collaboratif_gauche":"R DU GENERAL NIOX","nom_collaboratif_droite":"R DU GENERAL NIOX","importance":"3","fictif":false,"position_par_rapport_au_sol":"0","etat_de_l_objet":"En service","date_creation":"2006-05-22T11:18:11.781Z","date_modification":"2026-01-10T15:06:59.761Z","date_d_apparition":null,"date_de_confirmation":null,"sources":null,"identifiants_sources":null,"methode_d_acquisition_planimetrique":"BDTopo","precision_planimetrique":2.5,"methode_d_acquisition_altimetrique":"BDTopo","precision_altimetrique":1.5,"nombre_de_voies":2,"largeur_de_chaussee":7,"itineraire_vert":false,"prive":false,"sens_de_circulation":"Sens direct","reserve_aux_bus":null,"urbain":true,"vitesse_moyenne_vl":30,"acces_vehicule_leger":"Libre","acces_pieton":null,"periode_de_fermeture":null,"nature_de_la_restriction":null,"restriction_de_hauteur":null,"restriction_de_poids_total":null,"restriction_de_poids_par_essieu":null,"restriction_de_largeur":null,"restriction_de_longueur":null,"matieres_dangereuses_interdites":false,"borne_debut_gauche":"6","borne_debut_droite":"7","borne_fin_gauche":"4","borne_fin_droite":"1","insee_commune_gauche":"75116","insee_commune_droite":"75116","alias_gauche":null,"alias_droit":null,"date_de_mise_en_service":null,"liens_vers_route_nommee":null,"liens_vers_itineraire_autre":null,"cpx_numero":null,"cpx_numero_route_europeenne":null,"cpx_classement_administratif":null,"cpx_gestionnaire":null,"cpx_toponyme_route_nommee":null,"cpx_toponyme_itineraire_cyclable":null,"cpx_toponyme_voie_verte":null,"cpx_nature_itineraire_autre":null,"cpx_toponyme_itineraire_autre":null,"delestage":null,"source_voie_ban_gauche":"commune","source_voie_ban_droite":"commune","nom_voie_ban_gauche":"Rue du Général Niox","nom_voie_ban_droite":"Rue du Général Niox","lieux_dits_ban_gauche":null,"lieux_dits_ban_droite":null,"identifiant_voie_ban_gauche":"75116_4077","identifiant_voie_ban_droite":"75116_4077","sens_amenagement_cyclable_gauche":"Sens inverse","sens_amenagement_cyclable_droit":null,"amenagement_cyclable_gauche":"Bande cyclable","amenagement_cyclable_droit":null,"aire_de_retournement_dfci":null,"gabarit_dfci":null,"impasse_dfci":null,"nature_detaillee_dfci":null,"ouvrage_d_art_limitant_dfci":null,"pente_maximale_dfci":null,"piste_dfci":null,"piste_dfci_debroussaillee":null,"piste_dfci_fosses":null,"sens_de_circulation_dfci":null,"tout_terrain_dfci":null,"vitesse_moyenne_dfci":null,"zone_de_croisement_dfci":null,"categorie_dfci":null,"vitesse_collaborative":null,"id_ban_odonyme_droite":null,"id_ban_odonyme_gauche":null}},{"type":"Feature","id":"troncon_de_route.21302","geometry":{"type":"LineString","coordinates":[[2.26375687,48.83637473,31.8],[2.26393857,48.83653234,32.2],[2.26419284,48.83676054,31.8],[2.2645008,48.83704664,32.1],[2.26462293,48.8371778,32.1],[2.26468451,48.83725553,32.1]]},"geometry_name":"geometrie","properties":{"cleabs":"TRONROUT0000000000202240","nature":"Route à 1 chaussée","nom_collaboratif_gauche":"QU SAINT-EXUPERY","nom_collaboratif_droite":"QU SAINT-EXUPERY","importance":"2","fictif":false,"position_par_rapport_au_sol":"0","etat_de_l_objet":"En service","date_creation":"2006-05-22T11:18:11.781Z","date_modification":"2024-12-14T03:37:38.607Z","date_d_apparition":null,"date_de_confirmation":null,"sources":null,"identifiants_sources":null,"methode_d_acquisition_planimetrique":"BDTopo","precision_planimetrique":2.5,"methode_d_acquisition_altimetrique":"BDTopo","precision_altimetrique":1.5,"nombre_de_voies":1,"largeur_de_chaussee":3,"itineraire_vert":true,"prive":false,"sens_de_circulation":"Sens direct","reserve_aux_bus":null,"urbain":true,"vitesse_moyenne_vl":35,"acces_vehicule_leger":"Libre","acces_pieton":null,"periode_de_fermeture":null,"nature_de_la_restriction":null,"restriction_de_hauteur":null,"restriction_de_poids_total":null,"restriction_de_poids_par_essieu":null,"restriction_de_largeur":null,"restriction_de_longueur":null,"matieres_dangereuses_interdites":false,"borne_debut_gauche":null,"borne_debut_droite":null,"borne_fin_gauche":null,"borne_fin_droite":null,"insee_commune_gauche":"75116","insee_commune_droite":"75116","alias_gauche":null,"alias_droit":null,"date_de_mise_en_service":null,"liens_vers_route_nommee":null,"liens_vers_itineraire_autre":null,"cpx_numero":null,"cpx_numero_route_europeenne":null,"cpx_classement_administratif":null,"cpx_gestionnaire":null,"cpx_toponyme_route_nommee":null,"cpx_toponyme_itineraire_cyclable":null,"cpx_toponyme_voie_verte":null,"cpx_nature_itineraire_autre":null,"cpx_toponyme_itineraire_autre":null,"delestage":null,"source_voie_ban_gauche":"commune","source_voie_ban_droite":"commune","nom_voie_ban_gauche":"Quai Saint-Exupéry","nom_voie_ban_droite":"Quai Saint-Exupéry","lieux_dits_ban_gauche":null,"lieux_dits_ban_droite":null,"identifiant_voie_ban_gauche":"75116_8600","identifiant_voie_ban_droite":"75116_8600","sens_amenagement_cyclable_gauche":null,"sens_amenagement_cyclable_droit":null,"amenagement_cyclable_gauche":null,"amenagement_cyclable_droit":null,"aire_de_retournement_dfci":null,"gabarit_dfci":null,"impasse_dfci":null,"nature_detaillee_dfci":null,"ouvrage_d_art_limitant_dfci":null,"pente_maximale_dfci":null,"piste_dfci":null,"piste_dfci_debroussaillee":null,"piste_dfci_fosses":null,"sens_de_circulation_dfci":null,"tout_terrain_dfci":null,"vitesse_moyenne_dfci":null,"zone_de_croisement_dfci":null,"categorie_dfci":null,"vitesse_collaborative":null,"id_ban_odonyme_droite":null,"id_ban_odonyme_gauche":null}},{"type":"Feature","id":"troncon_de_route.21303","geometry":{"type":"LineString","coordinates":[[2.26030956,48.83707476,36.7],[2.26110263,48.83696904,37.1],[2.26153674,48.83690876,36.6]]},"geometry_name":"geometrie","properties":{"cleabs":"TRONROUT0000000000202241","nature":"Route à 1 chaussée","nom_collaboratif_gauche":"BD MURAT","nom_collaboratif_droite":"BD MURAT","importance":"3","fictif":false,"position_par_rapport_au_sol":"0","etat_de_l_objet":"En service","date_creation":"2006-05-22T11:18:11.781Z","date_modification":"2026-01-10T12:19:18.156Z","date_d_apparition":null,"date_de_confirmation":null,"sources":null,"identifiants_sources":null,"methode_d_acquisition_planimetrique":"BDTopo","precision_planimetrique":2.5,"methode_d_acquisition_altimetrique":"BDTopo","precision_altimetrique":1.5,"nombre_de_voies":2,"largeur_de_chaussee":7,"itineraire_vert":false,"prive":false,"sens_de_circulation":"Sens direct","reserve_aux_bus":null,"urbain":true,"vitesse_moyenne_vl":30,"acces_vehicule_leger":"Libre","acces_pieton":null,"periode_de_fermeture":null,"nature_de_la_restriction":null,"restriction_de_hauteur":null,"restriction_de_poids_total":null,"restriction_de_poids_par_essieu":null,"restriction_de_largeur":null,"restriction_de_longueur":null,"matieres_dangereuses_interdites":false,"borne_debut_gauche":"131","borne_debut_droite":"130","borne_fin_gauche":"137","borne_fin_droite":"134","insee_commune_gauche":"75116","insee_commune_droite":"75116","alias_gauche":null,"alias_droit":null,"date_de_mise_en_service":null,"liens_vers_route_nommee":null,"liens_vers_itineraire_autre":null,"cpx_numero":null,"cpx_numero_route_europeenne":null,"cpx_classement_administratif":null,"cpx_gestionnaire":null,"cpx_toponyme_route_nommee":null,"cpx_toponyme_itineraire_cyclable":null,"cpx_toponyme_voie_verte":null,"cpx_nature_itineraire_autre":null,"cpx_toponyme_itineraire_autre":null,"delestage":null,"source_voie_ban_gauche":"commune","source_voie_ban_droite":"commune","nom_voie_ban_gauche":"Boulevard Murat","nom_voie_ban_droite":"Boulevard Murat","lieux_dits_ban_gauche":null,"lieux_dits_ban_droite":null,"identifiant_voie_ban_gauche":"75116_6639","identifiant_voie_ban_droite":"75116_6639","sens_amenagement_cyclable_gauche":"Sens inverse","sens_amenagement_cyclable_droit":"Sens direct","amenagement_cyclable_gauche":"Bande cyclable","amenagement_cyclable_droit":"Piste cyclable","aire_de_retournement_dfci":null,"gabarit_dfci":null,"impasse_dfci":null,"nature_detaillee_dfci":null,"ouvrage_d_art_limitant_dfci":null,"pente_maximale_dfci":null,"piste_dfci":null,"piste_dfci_debroussaillee":null,"piste_dfci_fosses":null,"sens_de_circulation_dfci":null,"tout_terrain_dfci":null,"vitesse_moyenne_dfci":null,"zone_de_croisement_dfci":null,"categorie_dfci":null,"vitesse_collaborative":null,"id_ban_odonyme_droite":null,"id_ban_odonyme_gauche":null}},{"type":"Feature","id":"troncon_de_route.21304","geometry":{"type":"LineString","coordinates":[[2.26153674,48.83690876,36.6],[2.2629155,48.8367176,35.1]]},"geometry_name":"geometrie","properties":{"cleabs":"TRONROUT0000000000202242","nature":"Route à 1 chaussée","nom_collaboratif_gauche":"R DU GENERAL NIOX","nom_collaboratif_droite":"R DU GENERAL NIOX","importance":"3","fictif":false,"position_par_rapport_au_sol":"0","etat_de_l_objet":"En service","date_creation":"2006-05-22T11:18:11.781Z","date_modification":"2023-09-24T12:18:54.287Z","date_d_apparition":null,"date_de_confirmation":null,"sources":null,"identifiants_sources":null,"methode_d_acquisition_planimetrique":"BDTopo","precision_planimetrique":2.5,"methode_d_acquisition_altimetrique":"BDTopo","precision_altimetrique":1.5,"nombre_de_voies":2,"largeur_de_chaussee":7,"itineraire_vert":false,"prive":false,"sens_de_circulation":"Sens direct","reserve_aux_bus":null,"urbain":true,"vitesse_moyenne_vl":30,"acces_vehicule_leger":"Libre","acces_pieton":null,"periode_de_fermeture":null,"nature_de_la_restriction":null,"restriction_de_hauteur":null,"restriction_de_poids_total":null,"restriction_de_poids_par_essieu":null,"restriction_de_largeur":null,"restriction_de_longueur":null,"matieres_dangereuses_interdites":false,"borne_debut_gauche":"18","borne_debut_droite":"19","borne_fin_gauche":"8","borne_fin_droite":"9","insee_commune_gauche":"75116","insee_commune_droite":"75116","alias_gauche":null,"alias_droit":null,"date_de_mise_en_service":null,"liens_vers_route_nommee":null,"liens_vers_itineraire_autre":null,"cpx_numero":null,"cpx_numero_route_europeenne":null,"cpx_classement_administratif":null,"cpx_gestionnaire":null,"cpx_toponyme_route_nommee":null,"cpx_toponyme_itineraire_cyclable":null,"cpx_toponyme_voie_verte":null,"cpx_nature_itineraire_autre":null,"cpx_toponyme_itineraire_autre":null,"delestage":null,"source_voie_ban_gauche":"commune","source_voie_ban_droite":"commune","nom_voie_ban_gauche":"Rue du Général Niox","nom_voie_ban_droite":"Rue du Général Niox","lieux_dits_ban_gauche":"","lieux_dits_ban_droite":"","identifiant_voie_ban_gauche":"75116_4077","identifiant_voie_ban_droite":"75116_4077","sens_amenagement_cyclable_gauche":"Sens inverse","sens_amenagement_cyclable_droit":"Sens direct","amenagement_cyclable_gauche":"Bande cyclable","amenagement_cyclable_droit":"Piste cyclable","aire_de_retournement_dfci":null,"gabarit_dfci":null,"impasse_dfci":null,"nature_detaillee_dfci":null,"ouvrage_d_art_limitant_dfci":null,"pente_maximale_dfci":null,"piste_dfci":null,"piste_dfci_debroussaillee":null,"piste_dfci_fosses":null,"sens_de_circulation_dfci":null,"tout_terrain_dfci":null,"vitesse_moyenne_dfci":null,"zone_de_croisement_dfci":null,"categorie_dfci":null,"vitesse_collaborative":null,"id_ban_odonyme_droite":null,"id_ban_odonyme_gauche":null}},{"type":"Feature","id":"troncon_de_route.21305","geometry":{"type":"LineString","coordinates":[[2.26153674,48.83690876,36.6],[2.2617336,48.83705388,37.5],[2.26202493,48.83726253,37.6],[2.26228381,48.8374539,37.9],[2.26232561,48.83748473,37.9]]},"geometry_name":"geometrie","properties":{"cleabs":"TRONROUT0000000000202243","nature":"Route à 1 chaussée","nom_collaboratif_gauche":"BD MURAT","nom_collaboratif_droite":"BD MURAT","importance":"4","fictif":false,"position_par_rapport_au_sol":"0","etat_de_l_objet":"En service","date_creation":"2006-05-22T11:18:11.781Z","date_modification":"2026-01-31T18:50:51.813Z","date_d_apparition":null,"date_de_confirmation":null,"sources":null,"identifiants_sources":null,"methode_d_acquisition_planimetrique":"BDTopo","precision_planimetrique":2.5,"methode_d_acquisition_altimetrique":"BDTopo","precision_altimetrique":1.5,"nombre_de_voies":2,"largeur_de_chaussee":5,"itineraire_vert":false,"prive":false,"sens_de_circulation":"Sens direct","reserve_aux_bus":null,"urbain":true,"vitesse_moyenne_vl":10,"acces_vehicule_leger":"Libre","acces_pieton":null,"periode_de_fermeture":null,"nature_de_la_restriction":null,"restriction_de_hauteur":null,"restriction_de_poids_total":3.5,"restriction_de_poids_par_essieu":null,"restriction_de_largeur":null,"restriction_de_longueur":null,"matieres_dangereuses_interdites":false,"borne_debut_gauche":"139","borne_debut_droite":"136","borne_fin_gauche":"149","borne_fin_droite":"140","insee_commune_gauche":"75116","insee_commune_droite":"75116","alias_gauche":null,"alias_droit":null,"date_de_mise_en_service":null,"liens_vers_route_nommee":null,"liens_vers_itineraire_autre":null,"cpx_numero":null,"cpx_numero_route_europeenne":null,"cpx_classement_administratif":null,"cpx_gestionnaire":null,"cpx_toponyme_route_nommee":null,"cpx_toponyme_itineraire_cyclable":null,"cpx_toponyme_voie_verte":null,"cpx_nature_itineraire_autre":null,"cpx_toponyme_itineraire_autre":null,"delestage":null,"source_voie_ban_gauche":"commune","source_voie_ban_droite":"commune","nom_voie_ban_gauche":"Boulevard Murat","nom_voie_ban_droite":"Boulevard Murat","lieux_dits_ban_gauche":null,"lieux_dits_ban_droite":null,"identifiant_voie_ban_gauche":"75116_6639","identifiant_voie_ban_droite":"75116_6639","sens_amenagement_cyclable_gauche":null,"sens_amenagement_cyclable_droit":null,"amenagement_cyclable_gauche":null,"amenagement_cyclable_droit":null,"aire_de_retournement_dfci":null,"gabarit_dfci":null,"impasse_dfci":null,"nature_detaillee_dfci":null,"ouvrage_d_art_limitant_dfci":null,"pente_maximale_dfci":null,"piste_dfci":null,"piste_dfci_debroussaillee":null,"piste_dfci_fosses":null,"sens_de_circulation_dfci":null,"tout_terrain_dfci":null,"vitesse_moyenne_dfci":null,"zone_de_croisement_dfci":null,"categorie_dfci":null,"vitesse_collaborative":null,"id_ban_odonyme_droite":null,"id_ban_odonyme_gauche":null}},{"type":"Feature","id":"troncon_de_route.21308","geometry":{"type":"LineString","coordinates":[[2.26090426,48.83616197,35.1],[2.26090379,48.83609901,35.2],[2.26089358,48.83605038,35.2],[2.26085893,48.8359962,35.2],[2.26081569,48.83597075,35.2],[2.26072894,48.83593964,35.2],[2.26058351,48.83591536,34.7]]},"geometry_name":"geometrie","properties":{"cleabs":"TRONROUT0000000000202246","nature":"Route à 1 chaussée","nom_collaboratif_gauche":"R ABEL FERRY","nom_collaboratif_droite":"R ABEL FERRY","importance":"5","fictif":false,"position_par_rapport_au_sol":"0","etat_de_l_objet":"En service","date_creation":"2006-05-22T11:18:11.781Z","date_modification":"2023-09-24T12:18:54.287Z","date_d_apparition":null,"date_de_confirmation":null,"sources":null,"identifiants_sources":null,"methode_d_acquisition_planimetrique":"BDTopo","precision_planimetrique":2.5,"methode_d_acquisition_altimetrique":"BDTopo","precision_altimetrique":1.5,"nombre_de_voies":1,"largeur_de_chaussee":3,"itineraire_vert":false,"prive":false,"sens_de_circulation":"Sens direct","reserve_aux_bus":null,"urbain":true,"vitesse_moyenne_vl":15,"acces_vehicule_leger":"Libre","acces_pieton":null,"periode_de_fermeture":null,"nature_de_la_restriction":null,"restriction_de_hauteur":null,"restriction_de_poids_total":null,"restriction_de_poids_par_essieu":null,"restriction_de_largeur":null,"restriction_de_longueur":null,"matieres_dangereuses_interdites":false,"borne_debut_gauche":null,"borne_debut_droite":"1","borne_fin_gauche":null,"borne_fin_droite":"1","insee_commune_gauche":"75116","insee_commune_droite":"75116","alias_gauche":null,"alias_droit":null,"date_de_mise_en_service":null,"liens_vers_route_nommee":null,"liens_vers_itineraire_autre":null,"cpx_numero":null,"cpx_numero_route_europeenne":null,"cpx_classement_administratif":null,"cpx_gestionnaire":null,"cpx_toponyme_route_nommee":null,"cpx_toponyme_itineraire_cyclable":null,"cpx_toponyme_voie_verte":null,"cpx_nature_itineraire_autre":null,"cpx_toponyme_itineraire_autre":null,"delestage":null,"source_voie_ban_gauche":"commune","source_voie_ban_droite":"commune","nom_voie_ban_gauche":"Rue Abel Ferry","nom_voie_ban_droite":"Rue Abel Ferry","lieux_dits_ban_gauche":"","lieux_dits_ban_droite":"","identifiant_voie_ban_gauche":"75116_0026","identifiant_voie_ban_droite":"75116_0026","sens_amenagement_cyclable_gauche":null,"sens_amenagement_cyclable_droit":null,"amenagement_cyclable_gauche":null,"amenagement_cyclable_droit":null,"aire_de_retournement_dfci":null,"gabarit_dfci":null,"impasse_dfci":null,"nature_detaillee_dfci":null,"ouvrage_d_art_limitant_dfci":null,"pente_maximale_dfci":null,"piste_dfci":null,"piste_dfci_debroussaillee":null,"piste_dfci_fosses":null,"sens_de_circulation_dfci":null,"tout_terrain_dfci":null,"vitesse_moyenne_dfci":null,"zone_de_croisement_dfci":null,"categorie_dfci":null,"vitesse_collaborative":null,"id_ban_odonyme_droite":null,"id_ban_odonyme_gauche":null}},{"type":"Feature","id":"troncon_de_route.21309","geometry":{"type":"LineString","coordinates":[[2.26030956,48.83707476,36.7],[2.26029646,48.8370378,36.5],[2.26030117,48.83699376,36.5],[2.26031381,48.83696686,36.4],[2.26066668,48.83648697,35.6],[2.26090426,48.83616197,35.1]]},"geometry_name":"geometrie","properties":{"cleabs":"TRONROUT0000000000202248","nature":"Route à 1 chaussée","nom_collaboratif_gauche":"R ABEL FERRY","nom_collaboratif_droite":"R ABEL FERRY","importance":"5","fictif":false,"position_par_rapport_au_sol":"0","etat_de_l_objet":"En service","date_creation":"2006-05-22T11:18:11.781Z","date_modification":"2026-02-15T08:21:01.301Z","date_d_apparition":null,"date_de_confirmation":null,"sources":null,"identifiants_sources":null,"methode_d_acquisition_planimetrique":"BDTopo","precision_planimetrique":2.5,"methode_d_acquisition_altimetrique":"BDTopo","precision_altimetrique":1.5,"nombre_de_voies":2,"largeur_de_chaussee":4,"itineraire_vert":false,"prive":false,"sens_de_circulation":"Sens direct","reserve_aux_bus":null,"urbain":true,"vitesse_moyenne_vl":5,"acces_vehicule_leger":"Libre","acces_pieton":null,"periode_de_fermeture":null,"nature_de_la_restriction":null,"restriction_de_hauteur":null,"restriction_de_poids_total":null,"restriction_de_poids_par_essieu":null,"restriction_de_largeur":null,"restriction_de_longueur":null,"matieres_dangereuses_interdites":false,"borne_debut_gauche":"16","borne_debut_droite":"11","borne_fin_gauche":"12","borne_fin_droite":"3","insee_commune_gauche":"75116","insee_commune_droite":"75116","alias_gauche":null,"alias_droit":null,"date_de_mise_en_service":null,"liens_vers_route_nommee":null,"liens_vers_itineraire_autre":null,"cpx_numero":null,"cpx_numero_route_europeenne":null,"cpx_classement_administratif":null,"cpx_gestionnaire":null,"cpx_toponyme_route_nommee":null,"cpx_toponyme_itineraire_cyclable":null,"cpx_toponyme_voie_verte":null,"cpx_nature_itineraire_autre":null,"cpx_toponyme_itineraire_autre":null,"delestage":null,"source_voie_ban_gauche":"commune","source_voie_ban_droite":"commune","nom_voie_ban_gauche":"Rue Abel Ferry","nom_voie_ban_droite":"Rue Abel Ferry","lieux_dits_ban_gauche":null,"lieux_dits_ban_droite":null,"identifiant_voie_ban_gauche":"75116_0026","identifiant_voie_ban_droite":"75116_0026","sens_amenagement_cyclable_gauche":null,"sens_amenagement_cyclable_droit":null,"amenagement_cyclable_gauche":null,"amenagement_cyclable_droit":null,"aire_de_retournement_dfci":null,"gabarit_dfci":null,"impasse_dfci":null,"nature_detaillee_dfci":null,"ouvrage_d_art_limitant_dfci":null,"pente_maximale_dfci":null,"piste_dfci":null,"piste_dfci_debroussaillee":null,"piste_dfci_fosses":null,"sens_de_circulation_dfci":null,"tout_terrain_dfci":null,"vitesse_moyenne_dfci":null,"zone_de_croisement_dfci":null,"categorie_dfci":null,"vitesse_collaborative":null,"id_ban_odonyme_droite":null,"id_ban_odonyme_gauche":null}},{"type":"Feature","id":"troncon_de_route.21313","geometry":{"type":"LineString","coordinates":[[2.25929987,48.8365082,34.9],[2.26008424,48.83711114,36.6]]},"geometry_name":"geometrie","properties":{"cleabs":"TRONROUT0000000000202253","nature":"Route à 1 chaussée","nom_collaboratif_gauche":"AV MARCEL DORET","nom_collaboratif_droite":"AV MARCEL DORET","importance":"5","fictif":false,"position_par_rapport_au_sol":"0","etat_de_l_objet":"En service","date_creation":"2006-05-22T11:18:11.781Z","date_modification":"2026-01-10T15:06:59.761Z","date_d_apparition":null,"date_de_confirmation":null,"sources":null,"identifiants_sources":null,"methode_d_acquisition_planimetrique":"BDTopo","precision_planimetrique":2.5,"methode_d_acquisition_altimetrique":"BDTopo","precision_altimetrique":1.5,"nombre_de_voies":2,"largeur_de_chaussee":5,"itineraire_vert":false,"prive":false,"sens_de_circulation":"Sens direct","reserve_aux_bus":null,"urbain":true,"vitesse_moyenne_vl":5,"acces_vehicule_leger":"Libre","acces_pieton":null,"periode_de_fermeture":null,"nature_de_la_restriction":null,"restriction_de_hauteur":null,"restriction_de_poids_total":null,"restriction_de_poids_par_essieu":null,"restriction_de_largeur":null,"restriction_de_longueur":null,"matieres_dangereuses_interdites":false,"borne_debut_gauche":"6","borne_debut_droite":"5","borne_fin_gauche":"4","borne_fin_droite":"1","insee_commune_gauche":"75116","insee_commune_droite":"75116","alias_gauche":null,"alias_droit":null,"date_de_mise_en_service":null,"liens_vers_route_nommee":null,"liens_vers_itineraire_autre":null,"cpx_numero":null,"cpx_numero_route_europeenne":null,"cpx_classement_administratif":null,"cpx_gestionnaire":null,"cpx_toponyme_route_nommee":null,"cpx_toponyme_itineraire_cyclable":null,"cpx_toponyme_voie_verte":null,"cpx_nature_itineraire_autre":null,"cpx_toponyme_itineraire_autre":null,"delestage":null,"source_voie_ban_gauche":"commune","source_voie_ban_droite":"commune","nom_voie_ban_gauche":"Avenue Marcel Doret","nom_voie_ban_droite":"Avenue Marcel Doret","lieux_dits_ban_gauche":null,"lieux_dits_ban_droite":null,"identifiant_voie_ban_gauche":"75116_6000","identifiant_voie_ban_droite":"75116_6000","sens_amenagement_cyclable_gauche":null,"sens_amenagement_cyclable_droit":null,"amenagement_cyclable_gauche":null,"amenagement_cyclable_droit":null,"aire_de_retournement_dfci":null,"gabarit_dfci":null,"impasse_dfci":null,"nature_detaillee_dfci":null,"ouvrage_d_art_limitant_dfci":null,"pente_maximale_dfci":null,"piste_dfci":null,"piste_dfci_debroussaillee":null,"piste_dfci_fosses":null,"sens_de_circulation_dfci":null,"tout_terrain_dfci":null,"vitesse_moyenne_dfci":null,"zone_de_croisement_dfci":null,"categorie_dfci":null,"vitesse_collaborative":null,"id_ban_odonyme_droite":null,"id_ban_odonyme_gauche":null}},{"type":"Feature","id":"troncon_de_route.21315","geometry":{"type":"LineString","coordinates":[[2.25996981,48.8361508,35.2],[2.26058351,48.83591536,34.7]]},"geometry_name":"geometrie","properties":{"cleabs":"TRONROUT0000000000202255","nature":"Route à 1 chaussée","nom_collaboratif_gauche":"AV DU GENERAL CLAVERY","nom_collaboratif_droite":"AV DU GENERAL CLAVERY","importance":"5","fictif":false,"position_par_rapport_au_sol":"0","etat_de_l_objet":"En service","date_creation":"2006-05-22T11:18:11.781Z","date_modification":"2026-02-15T08:31:30.039Z","date_d_apparition":null,"date_de_confirmation":null,"sources":null,"identifiants_sources":null,"methode_d_acquisition_planimetrique":"BDTopo","precision_planimetrique":2.5,"methode_d_acquisition_altimetrique":"BDTopo","precision_altimetrique":1.5,"nombre_de_voies":2,"largeur_de_chaussee":4,"itineraire_vert":false,"prive":false,"sens_de_circulation":"Sens inverse","reserve_aux_bus":null,"urbain":true,"vitesse_moyenne_vl":20,"acces_vehicule_leger":"Libre","acces_pieton":null,"periode_de_fermeture":null,"nature_de_la_restriction":null,"restriction_de_hauteur":null,"restriction_de_poids_total":null,"restriction_de_poids_par_essieu":null,"restriction_de_largeur":null,"restriction_de_longueur":null,"matieres_dangereuses_interdites":false,"borne_debut_gauche":"16","borne_debut_droite":"15","borne_fin_gauche":"14","borne_fin_droite":"15","insee_commune_gauche":"75116","insee_commune_droite":"75116","alias_gauche":null,"alias_droit":null,"date_de_mise_en_service":null,"liens_vers_route_nommee":null,"liens_vers_itineraire_autre":null,"cpx_numero":null,"cpx_numero_route_europeenne":null,"cpx_classement_administratif":null,"cpx_gestionnaire":null,"cpx_toponyme_route_nommee":null,"cpx_toponyme_itineraire_cyclable":null,"cpx_toponyme_voie_verte":null,"cpx_nature_itineraire_autre":null,"cpx_toponyme_itineraire_autre":null,"delestage":null,"source_voie_ban_gauche":"commune","source_voie_ban_droite":"commune","nom_voie_ban_gauche":"Avenue du Général Clavery","nom_voie_ban_droite":"Avenue du Général Clavery","lieux_dits_ban_gauche":null,"lieux_dits_ban_droite":null,"identifiant_voie_ban_gauche":"75116_4023","identifiant_voie_ban_droite":"75116_4023","sens_amenagement_cyclable_gauche":null,"sens_amenagement_cyclable_droit":null,"amenagement_cyclable_gauche":null,"amenagement_cyclable_droit":null,"aire_de_retournement_dfci":null,"gabarit_dfci":null,"impasse_dfci":null,"nature_detaillee_dfci":null,"ouvrage_d_art_limitant_dfci":null,"pente_maximale_dfci":null,"piste_dfci":null,"piste_dfci_debroussaillee":null,"piste_dfci_fosses":null,"sens_de_circulation_dfci":null,"tout_terrain_dfci":null,"vitesse_moyenne_dfci":null,"zone_de_croisement_dfci":null,"categorie_dfci":null,"vitesse_collaborative":null,"id_ban_odonyme_droite":null,"id_ban_odonyme_gauche":null}},{"type":"Feature","id":"troncon_de_route.22000","geometry":{"type":"LineString","coordinates":[[2.26396702,48.83499997,42.7],[2.26119507,48.83515736,38.1]]},"geometry_name":"geometrie","properties":{"cleabs":"TRONROUT0000000000203115","nature":"Type autoroutier","nom_collaboratif_gauche":null,"nom_collaboratif_droite":null,"importance":"1","fictif":false,"position_par_rapport_au_sol":"1","etat_de_l_objet":"En service","date_creation":"2006-05-22T11:18:11.781Z","date_modification":"2025-10-31T20:07:08.035Z","date_d_apparition":null,"date_de_confirmation":null,"sources":null,"identifiants_sources":null,"methode_d_acquisition_planimetrique":"Orthophotographie","precision_planimetrique":3,"methode_d_acquisition_altimetrique":"Z corrigé","precision_altimetrique":2.5,"nombre_de_voies":4,"largeur_de_chaussee":14,"itineraire_vert":true,"prive":false,"sens_de_circulation":"Sens direct","reserve_aux_bus":null,"urbain":true,"vitesse_moyenne_vl":95,"acces_vehicule_leger":"Libre","acces_pieton":null,"periode_de_fermeture":null,"nature_de_la_restriction":null,"restriction_de_hauteur":null,"restriction_de_poids_total":null,"restriction_de_poids_par_essieu":null,"restriction_de_largeur":null,"restriction_de_longueur":null,"matieres_dangereuses_interdites":false,"borne_debut_gauche":null,"borne_debut_droite":null,"borne_fin_gauche":null,"borne_fin_droite":null,"insee_commune_gauche":"75116","insee_commune_droite":"75116","alias_gauche":null,"alias_droit":null,"date_de_mise_en_service":null,"liens_vers_route_nommee":"ROUTNOMM0000000257416243","liens_vers_itineraire_autre":null,"cpx_numero":null,"cpx_numero_route_europeenne":null,"cpx_classement_administratif":"Route nommée","cpx_gestionnaire":null,"cpx_toponyme_route_nommee":"Boulevard Périphérique Intérieur","cpx_toponyme_itineraire_cyclable":null,"cpx_toponyme_voie_verte":null,"cpx_nature_itineraire_autre":null,"cpx_toponyme_itineraire_autre":null,"delestage":null,"source_voie_ban_gauche":null,"source_voie_ban_droite":null,"nom_voie_ban_gauche":null,"nom_voie_ban_droite":null,"lieux_dits_ban_gauche":null,"lieux_dits_ban_droite":null,"identifiant_voie_ban_gauche":null,"identifiant_voie_ban_droite":null,"sens_amenagement_cyclable_gauche":null,"sens_amenagement_cyclable_droit":null,"amenagement_cyclable_gauche":null,"amenagement_cyclable_droit":null,"aire_de_retournement_dfci":null,"gabarit_dfci":null,"impasse_dfci":null,"nature_detaillee_dfci":null,"ouvrage_d_art_limitant_dfci":null,"pente_maximale_dfci":null,"piste_dfci":null,"piste_dfci_debroussaillee":null,"piste_dfci_fosses":null,"sens_de_circulation_dfci":null,"tout_terrain_dfci":null,"vitesse_moyenne_dfci":null,"zone_de_croisement_dfci":null,"categorie_dfci":null,"vitesse_collaborative":null,"id_ban_odonyme_droite":null,"id_ban_odonyme_gauche":null}},{"type":"Feature","id":"troncon_de_route.22001","geometry":{"type":"LineString","coordinates":[[2.2638042,48.83485597,42.7],[2.26471914,48.83480044,42.4],[2.26502595,48.83478074,42.4],[2.26550585,48.83475671,42.4],[2.26589703,48.83474382,43.9],[2.26616002,48.83474004,43.8]]},"geometry_name":"geometrie","properties":{"cleabs":"TRONROUT0000000000203116","nature":"Type autoroutier","nom_collaboratif_gauche":null,"nom_collaboratif_droite":null,"importance":"1","fictif":false,"position_par_rapport_au_sol":"1","etat_de_l_objet":"En service","date_creation":"2006-05-22T11:18:11.781Z","date_modification":"2025-10-31T20:07:08.035Z","date_d_apparition":null,"date_de_confirmation":null,"sources":null,"identifiants_sources":null,"methode_d_acquisition_planimetrique":"Orthophotographie","precision_planimetrique":3,"methode_d_acquisition_altimetrique":"Z corrigé","precision_altimetrique":2.5,"nombre_de_voies":4,"largeur_de_chaussee":14,"itineraire_vert":true,"prive":false,"sens_de_circulation":"Sens direct","reserve_aux_bus":null,"urbain":true,"vitesse_moyenne_vl":95,"acces_vehicule_leger":"Libre","acces_pieton":null,"periode_de_fermeture":null,"nature_de_la_restriction":null,"restriction_de_hauteur":null,"restriction_de_poids_total":null,"restriction_de_poids_par_essieu":null,"restriction_de_largeur":null,"restriction_de_longueur":null,"matieres_dangereuses_interdites":false,"borne_debut_gauche":null,"borne_debut_droite":null,"borne_fin_gauche":null,"borne_fin_droite":null,"insee_commune_gauche":"75115","insee_commune_droite":"75115","alias_gauche":null,"alias_droit":null,"date_de_mise_en_service":null,"liens_vers_route_nommee":"ROUTNOMM0000000000208366","liens_vers_itineraire_autre":null,"cpx_numero":null,"cpx_numero_route_europeenne":null,"cpx_classement_administratif":"Route nommée","cpx_gestionnaire":null,"cpx_toponyme_route_nommee":"Boulevard Périphérique Extérieur","cpx_toponyme_itineraire_cyclable":null,"cpx_toponyme_voie_verte":null,"cpx_nature_itineraire_autre":null,"cpx_toponyme_itineraire_autre":null,"delestage":null,"source_voie_ban_gauche":null,"source_voie_ban_droite":null,"nom_voie_ban_gauche":null,"nom_voie_ban_droite":null,"lieux_dits_ban_gauche":null,"lieux_dits_ban_droite":null,"identifiant_voie_ban_gauche":null,"identifiant_voie_ban_droite":null,"sens_amenagement_cyclable_gauche":null,"sens_amenagement_cyclable_droit":null,"amenagement_cyclable_gauche":null,"amenagement_cyclable_droit":null,"aire_de_retournement_dfci":null,"gabarit_dfci":null,"impasse_dfci":null,"nature_detaillee_dfci":null,"ouvrage_d_art_limitant_dfci":null,"pente_maximale_dfci":null,"piste_dfci":null,"piste_dfci_debroussaillee":null,"piste_dfci_fosses":null,"sens_de_circulation_dfci":null,"tout_terrain_dfci":null,"vitesse_moyenne_dfci":null,"zone_de_croisement_dfci":null,"categorie_dfci":null,"vitesse_collaborative":null,"id_ban_odonyme_droite":null,"id_ban_odonyme_gauche":null}},{"type":"Feature","id":"troncon_de_route.22003","geometry":{"type":"LineString","coordinates":[[2.26609663,48.83498518,31.8],[2.26621665,48.83507226,31.8],[2.26626523,48.83510583,31.8],[2.26659659,48.83527784,31.8],[2.26688361,48.83540642,30.5]]},"geometry_name":"geometrie","properties":{"cleabs":"TRONROUT0000000000203120","nature":"Route à 2 chaussées","nom_collaboratif_gauche":"QU D'ISSY-LES-MOULINEAUX","nom_collaboratif_droite":"QU D'ISSY-LES-MOULINEAUX","importance":"2","fictif":false,"position_par_rapport_au_sol":"0","etat_de_l_objet":"En service","date_creation":"2006-05-22T11:18:11.781Z","date_modification":"2024-12-14T03:37:38.607Z","date_d_apparition":null,"date_de_confirmation":"2008-07-01Z","sources":null,"identifiants_sources":null,"methode_d_acquisition_planimetrique":"Photogrammétrie","precision_planimetrique":2.5,"methode_d_acquisition_altimetrique":"Photogrammétrie","precision_altimetrique":1.5,"nombre_de_voies":3,"largeur_de_chaussee":10.5,"itineraire_vert":false,"prive":false,"sens_de_circulation":"Sens direct","reserve_aux_bus":null,"urbain":true,"vitesse_moyenne_vl":45,"acces_vehicule_leger":"Libre","acces_pieton":null,"periode_de_fermeture":null,"nature_de_la_restriction":null,"restriction_de_hauteur":null,"restriction_de_poids_total":null,"restriction_de_poids_par_essieu":null,"restriction_de_largeur":null,"restriction_de_longueur":null,"matieres_dangereuses_interdites":false,"borne_debut_gauche":null,"borne_debut_droite":null,"borne_fin_gauche":null,"borne_fin_droite":null,"insee_commune_gauche":"75115","insee_commune_droite":"75115","alias_gauche":null,"alias_droit":null,"date_de_mise_en_service":null,"liens_vers_route_nommee":null,"liens_vers_itineraire_autre":null,"cpx_numero":null,"cpx_numero_route_europeenne":null,"cpx_classement_administratif":null,"cpx_gestionnaire":null,"cpx_toponyme_route_nommee":null,"cpx_toponyme_itineraire_cyclable":null,"cpx_toponyme_voie_verte":null,"cpx_nature_itineraire_autre":null,"cpx_toponyme_itineraire_autre":null,"delestage":null,"source_voie_ban_gauche":"commune","source_voie_ban_droite":"commune","nom_voie_ban_gauche":"Quai d'Issy-Les-Moulineaux","nom_voie_ban_droite":"Quai d'Issy-Les-Moulineaux","lieux_dits_ban_gauche":null,"lieux_dits_ban_droite":null,"identifiant_voie_ban_gauche":"75115_4750","identifiant_voie_ban_droite":"75115_4750","sens_amenagement_cyclable_gauche":null,"sens_amenagement_cyclable_droit":null,"amenagement_cyclable_gauche":null,"amenagement_cyclable_droit":null,"aire_de_retournement_dfci":null,"gabarit_dfci":null,"impasse_dfci":null,"nature_detaillee_dfci":null,"ouvrage_d_art_limitant_dfci":null,"pente_maximale_dfci":null,"piste_dfci":null,"piste_dfci_debroussaillee":null,"piste_dfci_fosses":null,"sens_de_circulation_dfci":null,"tout_terrain_dfci":null,"vitesse_moyenne_dfci":null,"zone_de_croisement_dfci":null,"categorie_dfci":null,"vitesse_collaborative":null,"id_ban_odonyme_droite":null,"id_ban_odonyme_gauche":null}},{"type":"Feature","id":"troncon_de_route.22008","geometry":{"type":"LineString","coordinates":[[2.26375687,48.83637473,31.8],[2.2634356,48.83606696,31.2],[2.26310633,48.83574745,30.7],[2.26258349,48.83524328,29.9],[2.26203363,48.83472364,30.9],[2.26196096,48.83466024,31.1]]},"geometry_name":"geometrie","properties":{"cleabs":"TRONROUT0000000000203126","nature":"Route à 1 chaussée","nom_collaboratif_gauche":"QU SAINT-EXUPERY","nom_collaboratif_droite":"QU SAINT-EXUPERY","importance":"2","fictif":false,"position_par_rapport_au_sol":"0","etat_de_l_objet":"En service","date_creation":"2006-05-22T11:18:11.781Z","date_modification":"2026-02-15T08:19:00.663Z","date_d_apparition":null,"date_de_confirmation":null,"sources":null,"identifiants_sources":null,"methode_d_acquisition_planimetrique":"Photogrammétrie","precision_planimetrique":2.5,"methode_d_acquisition_altimetrique":"Photogrammétrie","precision_altimetrique":1.5,"nombre_de_voies":3,"largeur_de_chaussee":9,"itineraire_vert":true,"prive":false,"sens_de_circulation":"Double sens","reserve_aux_bus":null,"urbain":true,"vitesse_moyenne_vl":35,"acces_vehicule_leger":"Libre","acces_pieton":null,"periode_de_fermeture":null,"nature_de_la_restriction":null,"restriction_de_hauteur":null,"restriction_de_poids_total":null,"restriction_de_poids_par_essieu":null,"restriction_de_largeur":null,"restriction_de_longueur":null,"matieres_dangereuses_interdites":false,"borne_debut_gauche":null,"borne_debut_droite":"20","borne_fin_gauche":null,"borne_fin_droite":"30","insee_commune_gauche":"75116","insee_commune_droite":"75116","alias_gauche":null,"alias_droit":null,"date_de_mise_en_service":null,"liens_vers_route_nommee":null,"liens_vers_itineraire_autre":null,"cpx_numero":null,"cpx_numero_route_europeenne":null,"cpx_classement_administratif":null,"cpx_gestionnaire":null,"cpx_toponyme_route_nommee":null,"cpx_toponyme_itineraire_cyclable":null,"cpx_toponyme_voie_verte":null,"cpx_nature_itineraire_autre":null,"cpx_toponyme_itineraire_autre":null,"delestage":null,"source_voie_ban_gauche":"commune","source_voie_ban_droite":"commune","nom_voie_ban_gauche":"Quai Saint-Exupéry","nom_voie_ban_droite":"Quai Saint-Exupéry","lieux_dits_ban_gauche":null,"lieux_dits_ban_droite":null,"identifiant_voie_ban_gauche":"75116_8600","identifiant_voie_ban_droite":"75116_8600","sens_amenagement_cyclable_gauche":null,"sens_amenagement_cyclable_droit":null,"amenagement_cyclable_gauche":null,"amenagement_cyclable_droit":null,"aire_de_retournement_dfci":null,"gabarit_dfci":null,"impasse_dfci":null,"nature_detaillee_dfci":null,"ouvrage_d_art_limitant_dfci":null,"pente_maximale_dfci":null,"piste_dfci":null,"piste_dfci_debroussaillee":null,"piste_dfci_fosses":null,"sens_de_circulation_dfci":null,"tout_terrain_dfci":null,"vitesse_moyenne_dfci":null,"zone_de_croisement_dfci":null,"categorie_dfci":null,"vitesse_collaborative":null,"id_ban_odonyme_droite":null,"id_ban_odonyme_gauche":null}},{"type":"Feature","id":"troncon_de_route.22009","geometry":{"type":"LineString","coordinates":[[2.26126189,48.83409561,31.5],[2.26134676,48.83416269,31.6],[2.26145826,48.834274,31.6],[2.2614949,48.83428412,30.9]]},"geometry_name":"geometrie","properties":{"cleabs":"TRONROUT0000000000203129","nature":"Route à 1 chaussée","nom_collaboratif_gauche":"QU SAINT-EXUPERY","nom_collaboratif_droite":"QU SAINT-EXUPERY","importance":"4","fictif":false,"position_par_rapport_au_sol":"0","etat_de_l_objet":"En service","date_creation":"2006-05-22T11:18:11.781Z","date_modification":"2026-01-10T18:13:08.452Z","date_d_apparition":null,"date_de_confirmation":null,"sources":null,"identifiants_sources":null,"methode_d_acquisition_planimetrique":"BDTopo","precision_planimetrique":2.5,"methode_d_acquisition_altimetrique":"BDTopo","precision_altimetrique":1.5,"nombre_de_voies":1,"largeur_de_chaussee":3,"itineraire_vert":false,"prive":false,"sens_de_circulation":"Sens inverse","reserve_aux_bus":null,"urbain":true,"vitesse_moyenne_vl":10,"acces_vehicule_leger":"Libre","acces_pieton":null,"periode_de_fermeture":null,"nature_de_la_restriction":null,"restriction_de_hauteur":null,"restriction_de_poids_total":null,"restriction_de_poids_par_essieu":null,"restriction_de_largeur":null,"restriction_de_longueur":null,"matieres_dangereuses_interdites":false,"borne_debut_gauche":"34","borne_debut_droite":null,"borne_fin_gauche":"34","borne_fin_droite":null,"insee_commune_gauche":"75116","insee_commune_droite":"75116","alias_gauche":null,"alias_droit":null,"date_de_mise_en_service":null,"liens_vers_route_nommee":null,"liens_vers_itineraire_autre":null,"cpx_numero":null,"cpx_numero_route_europeenne":null,"cpx_classement_administratif":null,"cpx_gestionnaire":null,"cpx_toponyme_route_nommee":null,"cpx_toponyme_itineraire_cyclable":null,"cpx_toponyme_voie_verte":null,"cpx_nature_itineraire_autre":null,"cpx_toponyme_itineraire_autre":null,"delestage":null,"source_voie_ban_gauche":"commune","source_voie_ban_droite":"commune","nom_voie_ban_gauche":"Quai Saint-Exupéry","nom_voie_ban_droite":"Quai Saint-Exupéry","lieux_dits_ban_gauche":null,"lieux_dits_ban_droite":null,"identifiant_voie_ban_gauche":"75116_8600","identifiant_voie_ban_droite":"75116_8600","sens_amenagement_cyclable_gauche":"Sens inverse","sens_amenagement_cyclable_droit":null,"amenagement_cyclable_gauche":"Bande cyclable","amenagement_cyclable_droit":null,"aire_de_retournement_dfci":null,"gabarit_dfci":null,"impasse_dfci":null,"nature_detaillee_dfci":null,"ouvrage_d_art_limitant_dfci":null,"pente_maximale_dfci":null,"piste_dfci":null,"piste_dfci_debroussaillee":null,"piste_dfci_fosses":null,"sens_de_circulation_dfci":null,"tout_terrain_dfci":null,"vitesse_moyenne_dfci":null,"zone_de_croisement_dfci":null,"categorie_dfci":null,"vitesse_collaborative":null,"id_ban_odonyme_droite":null,"id_ban_odonyme_gauche":null}},{"type":"Feature","id":"troncon_de_route.22010","geometry":{"type":"LineString","coordinates":[[2.26058351,48.83591536,34.7],[2.26127111,48.83565609,34.4]]},"geometry_name":"geometrie","properties":{"cleabs":"TRONROUT0000000000203131","nature":"Route à 1 chaussée","nom_collaboratif_gauche":"AV DU GENERAL CLAVERY","nom_collaboratif_droite":"AV DU GENERAL CLAVERY","importance":"5","fictif":false,"position_par_rapport_au_sol":"0","etat_de_l_objet":"En service","date_creation":"2006-05-22T11:18:11.781Z","date_modification":"2026-03-11T22:04:18.484Z","date_d_apparition":null,"date_de_confirmation":null,"sources":null,"identifiants_sources":null,"methode_d_acquisition_planimetrique":"BDTopo","precision_planimetrique":2.5,"methode_d_acquisition_altimetrique":"BDTopo","precision_altimetrique":1.5,"nombre_de_voies":2,"largeur_de_chaussee":4,"itineraire_vert":false,"prive":false,"sens_de_circulation":"Sens inverse","reserve_aux_bus":null,"urbain":true,"vitesse_moyenne_vl":20,"acces_vehicule_leger":"Libre","acces_pieton":null,"periode_de_fermeture":null,"nature_de_la_restriction":null,"restriction_de_hauteur":null,"restriction_de_poids_total":null,"restriction_de_poids_par_essieu":null,"restriction_de_largeur":null,"restriction_de_longueur":null,"matieres_dangereuses_interdites":false,"borne_debut_gauche":null,"borne_debut_droite":null,"borne_fin_gauche":null,"borne_fin_droite":null,"insee_commune_gauche":"75116","insee_commune_droite":"75116","alias_gauche":null,"alias_droit":null,"date_de_mise_en_service":null,"liens_vers_route_nommee":null,"liens_vers_itineraire_autre":null,"cpx_numero":null,"cpx_numero_route_europeenne":null,"cpx_classement_administratif":null,"cpx_gestionnaire":null,"cpx_toponyme_route_nommee":null,"cpx_toponyme_itineraire_cyclable":null,"cpx_toponyme_voie_verte":null,"cpx_nature_itineraire_autre":null,"cpx_toponyme_itineraire_autre":null,"delestage":null,"source_voie_ban_gauche":"commune","source_voie_ban_droite":"commune","nom_voie_ban_gauche":"Avenue du Général Clavery","nom_voie_ban_droite":"Avenue du Général Clavery","lieux_dits_ban_gauche":null,"lieux_dits_ban_droite":null,"identifiant_voie_ban_gauche":"75116_4023","identifiant_voie_ban_droite":"75116_4023","sens_amenagement_cyclable_gauche":null,"sens_amenagement_cyclable_droit":null,"amenagement_cyclable_gauche":null,"amenagement_cyclable_droit":null,"aire_de_retournement_dfci":null,"gabarit_dfci":null,"impasse_dfci":null,"nature_detaillee_dfci":null,"ouvrage_d_art_limitant_dfci":null,"pente_maximale_dfci":null,"piste_dfci":null,"piste_dfci_debroussaillee":null,"piste_dfci_fosses":null,"sens_de_circulation_dfci":null,"tout_terrain_dfci":null,"vitesse_moyenne_dfci":null,"zone_de_croisement_dfci":null,"categorie_dfci":null,"vitesse_collaborative":null,"id_ban_odonyme_droite":null,"id_ban_odonyme_gauche":null}},{"type":"Feature","id":"troncon_de_route.22011","geometry":{"type":"LineString","coordinates":[[2.26136345,48.83471591,31.9],[2.26019053,48.83480579,33.4]]},"geometry_name":"geometrie","properties":{"cleabs":"TRONROUT0000000000203132","nature":"Route à 1 chaussée","nom_collaboratif_gauche":"R HENRY DE LA VAULX","nom_collaboratif_droite":"R HENRY DE LA VAULX","importance":"2","fictif":false,"position_par_rapport_au_sol":"0","etat_de_l_objet":"En service","date_creation":"2006-05-22T11:18:11.781Z","date_modification":"2026-01-31T17:35:50.080Z","date_d_apparition":null,"date_de_confirmation":null,"sources":null,"identifiants_sources":null,"methode_d_acquisition_planimetrique":"BDTopo","precision_planimetrique":2.5,"methode_d_acquisition_altimetrique":"BDTopo","precision_altimetrique":1.5,"nombre_de_voies":4,"largeur_de_chaussee":12,"itineraire_vert":true,"prive":false,"sens_de_circulation":"Sens inverse","reserve_aux_bus":null,"urbain":true,"vitesse_moyenne_vl":35,"acces_vehicule_leger":"Libre","acces_pieton":null,"periode_de_fermeture":null,"nature_de_la_restriction":null,"restriction_de_hauteur":null,"restriction_de_poids_total":null,"restriction_de_poids_par_essieu":null,"restriction_de_largeur":null,"restriction_de_longueur":null,"matieres_dangereuses_interdites":false,"borne_debut_gauche":"3","borne_debut_droite":null,"borne_fin_gauche":"11","borne_fin_droite":null,"insee_commune_gauche":"75116","insee_commune_droite":"75116","alias_gauche":null,"alias_droit":null,"date_de_mise_en_service":null,"liens_vers_route_nommee":null,"liens_vers_itineraire_autre":null,"cpx_numero":null,"cpx_numero_route_europeenne":null,"cpx_classement_administratif":null,"cpx_gestionnaire":null,"cpx_toponyme_route_nommee":null,"cpx_toponyme_itineraire_cyclable":null,"cpx_toponyme_voie_verte":null,"cpx_nature_itineraire_autre":null,"cpx_toponyme_itineraire_autre":null,"delestage":null,"source_voie_ban_gauche":"commune","source_voie_ban_droite":"commune","nom_voie_ban_gauche":"Rue Henry de la Vaulx","nom_voie_ban_droite":"Rue Henry de la Vaulx","lieux_dits_ban_gauche":null,"lieux_dits_ban_droite":null,"identifiant_voie_ban_gauche":"75116_4607","identifiant_voie_ban_droite":"75116_4607","sens_amenagement_cyclable_gauche":null,"sens_amenagement_cyclable_droit":null,"amenagement_cyclable_gauche":null,"amenagement_cyclable_droit":null,"aire_de_retournement_dfci":null,"gabarit_dfci":null,"impasse_dfci":null,"nature_detaillee_dfci":null,"ouvrage_d_art_limitant_dfci":null,"pente_maximale_dfci":null,"piste_dfci":null,"piste_dfci_debroussaillee":null,"piste_dfci_fosses":null,"sens_de_circulation_dfci":null,"tout_terrain_dfci":null,"vitesse_moyenne_dfci":null,"zone_de_croisement_dfci":null,"categorie_dfci":null,"vitesse_collaborative":null,"id_ban_odonyme_droite":null,"id_ban_odonyme_gauche":null}},{"type":"Feature","id":"troncon_de_route.22012","geometry":{"type":"LineString","coordinates":[[2.26171263,48.83449412,30.9],[2.26164682,48.83442716,30.9],[2.2614949,48.83428412,30.9]]},"geometry_name":"geometrie","properties":{"cleabs":"TRONROUT0000000000203133","nature":"Route à 2 chaussées","nom_collaboratif_gauche":"QU SAINT-EXUPERY","nom_collaboratif_droite":"QU SAINT-EXUPERY","importance":"2","fictif":false,"position_par_rapport_au_sol":"0","etat_de_l_objet":"En service","date_creation":"2006-05-22T11:18:11.781Z","date_modification":"2025-02-06T14:30:46.566Z","date_d_apparition":null,"date_de_confirmation":null,"sources":null,"identifiants_sources":null,"methode_d_acquisition_planimetrique":"BDTopo","precision_planimetrique":2.5,"methode_d_acquisition_altimetrique":"BDTopo","precision_altimetrique":1.5,"nombre_de_voies":2,"largeur_de_chaussee":5,"itineraire_vert":true,"prive":false,"sens_de_circulation":"Sens direct","reserve_aux_bus":null,"urbain":true,"vitesse_moyenne_vl":30,"acces_vehicule_leger":"Libre","acces_pieton":null,"periode_de_fermeture":null,"nature_de_la_restriction":null,"restriction_de_hauteur":null,"restriction_de_poids_total":null,"restriction_de_poids_par_essieu":null,"restriction_de_largeur":null,"restriction_de_longueur":null,"matieres_dangereuses_interdites":false,"borne_debut_gauche":null,"borne_debut_droite":null,"borne_fin_gauche":null,"borne_fin_droite":null,"insee_commune_gauche":"75116","insee_commune_droite":"75116","alias_gauche":null,"alias_droit":null,"date_de_mise_en_service":null,"liens_vers_route_nommee":null,"liens_vers_itineraire_autre":null,"cpx_numero":null,"cpx_numero_route_europeenne":null,"cpx_classement_administratif":null,"cpx_gestionnaire":null,"cpx_toponyme_route_nommee":null,"cpx_toponyme_itineraire_cyclable":null,"cpx_toponyme_voie_verte":null,"cpx_nature_itineraire_autre":null,"cpx_toponyme_itineraire_autre":null,"delestage":null,"source_voie_ban_gauche":"commune","source_voie_ban_droite":"commune","nom_voie_ban_gauche":"Quai Saint-Exupéry","nom_voie_ban_droite":"Quai Saint-Exupéry","lieux_dits_ban_gauche":null,"lieux_dits_ban_droite":null,"identifiant_voie_ban_gauche":"75116_8600","identifiant_voie_ban_droite":"75116_8600","sens_amenagement_cyclable_gauche":null,"sens_amenagement_cyclable_droit":"Sens direct","amenagement_cyclable_gauche":null,"amenagement_cyclable_droit":"Bande cyclable","aire_de_retournement_dfci":null,"gabarit_dfci":null,"impasse_dfci":null,"nature_detaillee_dfci":null,"ouvrage_d_art_limitant_dfci":null,"pente_maximale_dfci":null,"piste_dfci":null,"piste_dfci_debroussaillee":null,"piste_dfci_fosses":null,"sens_de_circulation_dfci":null,"tout_terrain_dfci":null,"vitesse_moyenne_dfci":null,"zone_de_croisement_dfci":null,"categorie_dfci":null,"vitesse_collaborative":null,"id_ban_odonyme_droite":null,"id_ban_odonyme_gauche":null}},{"type":"Feature","id":"troncon_de_route.22013","geometry":{"type":"LineString","coordinates":[[2.26127111,48.83565609,34.4],[2.26122458,48.83576642,34.5],[2.26105503,48.83600191,34.8],[2.26090426,48.83616197,35.1]]},"geometry_name":"geometrie","properties":{"cleabs":"TRONROUT0000000000203135","nature":"Route à 1 chaussée","nom_collaboratif_gauche":"R ABEL FERRY","nom_collaboratif_droite":"R ABEL FERRY","importance":"5","fictif":false,"position_par_rapport_au_sol":"0","etat_de_l_objet":"En service","date_creation":"2006-05-22T11:18:11.781Z","date_modification":"2026-02-02T07:18:34.146Z","date_d_apparition":null,"date_de_confirmation":null,"sources":null,"identifiants_sources":null,"methode_d_acquisition_planimetrique":"BDTopo","precision_planimetrique":2.5,"methode_d_acquisition_altimetrique":"BDTopo","precision_altimetrique":1.5,"nombre_de_voies":2,"largeur_de_chaussee":4,"itineraire_vert":false,"prive":false,"sens_de_circulation":"Sens inverse","reserve_aux_bus":null,"urbain":true,"vitesse_moyenne_vl":20,"acces_vehicule_leger":"Libre","acces_pieton":null,"periode_de_fermeture":null,"nature_de_la_restriction":null,"restriction_de_hauteur":null,"restriction_de_poids_total":null,"restriction_de_poids_par_essieu":null,"restriction_de_largeur":null,"restriction_de_longueur":null,"matieres_dangereuses_interdites":false,"borne_debut_gauche":null,"borne_debut_droite":"6","borne_fin_gauche":null,"borne_fin_droite":"10","insee_commune_gauche":"75116","insee_commune_droite":"75116","alias_gauche":null,"alias_droit":null,"date_de_mise_en_service":null,"liens_vers_route_nommee":null,"liens_vers_itineraire_autre":null,"cpx_numero":null,"cpx_numero_route_europeenne":null,"cpx_classement_administratif":null,"cpx_gestionnaire":null,"cpx_toponyme_route_nommee":null,"cpx_toponyme_itineraire_cyclable":null,"cpx_toponyme_voie_verte":null,"cpx_nature_itineraire_autre":null,"cpx_toponyme_itineraire_autre":null,"delestage":null,"source_voie_ban_gauche":"commune","source_voie_ban_droite":"commune","nom_voie_ban_gauche":"Rue Abel Ferry","nom_voie_ban_droite":"Rue Abel Ferry","lieux_dits_ban_gauche":null,"lieux_dits_ban_droite":null,"identifiant_voie_ban_gauche":"75116_0026","identifiant_voie_ban_droite":"75116_0026","sens_amenagement_cyclable_gauche":null,"sens_amenagement_cyclable_droit":null,"amenagement_cyclable_gauche":null,"amenagement_cyclable_droit":null,"aire_de_retournement_dfci":null,"gabarit_dfci":null,"impasse_dfci":null,"nature_detaillee_dfci":null,"ouvrage_d_art_limitant_dfci":null,"pente_maximale_dfci":null,"piste_dfci":null,"piste_dfci_debroussaillee":null,"piste_dfci_fosses":null,"sens_de_circulation_dfci":null,"tout_terrain_dfci":null,"vitesse_moyenne_dfci":null,"zone_de_croisement_dfci":null,"categorie_dfci":null,"vitesse_collaborative":null,"id_ban_odonyme_droite":null,"id_ban_odonyme_gauche":null}},{"type":"Feature","id":"troncon_de_route.22014","geometry":{"type":"LineString","coordinates":[[2.26119507,48.83515736,38],[2.26113918,48.83515972,38.1],[2.26097692,48.83516951,37.5]]},"geometry_name":"geometrie","properties":{"cleabs":"TRONROUT0000000000203136","nature":"Type autoroutier","nom_collaboratif_gauche":null,"nom_collaboratif_droite":null,"importance":"1","fictif":false,"position_par_rapport_au_sol":"0","etat_de_l_objet":"En service","date_creation":"2006-05-22T11:18:11.781Z","date_modification":"2025-10-31T20:07:08.035Z","date_d_apparition":null,"date_de_confirmation":null,"sources":null,"identifiants_sources":null,"methode_d_acquisition_planimetrique":"Calculé","precision_planimetrique":20,"methode_d_acquisition_altimetrique":"Z corrigé","precision_altimetrique":2.5,"nombre_de_voies":4,"largeur_de_chaussee":14,"itineraire_vert":true,"prive":false,"sens_de_circulation":"Sens direct","reserve_aux_bus":null,"urbain":true,"vitesse_moyenne_vl":95,"acces_vehicule_leger":"Libre","acces_pieton":null,"periode_de_fermeture":null,"nature_de_la_restriction":null,"restriction_de_hauteur":null,"restriction_de_poids_total":null,"restriction_de_poids_par_essieu":null,"restriction_de_largeur":null,"restriction_de_longueur":null,"matieres_dangereuses_interdites":false,"borne_debut_gauche":null,"borne_debut_droite":null,"borne_fin_gauche":null,"borne_fin_droite":null,"insee_commune_gauche":"75116","insee_commune_droite":"75116","alias_gauche":null,"alias_droit":null,"date_de_mise_en_service":null,"liens_vers_route_nommee":"ROUTNOMM0000000257416243","liens_vers_itineraire_autre":null,"cpx_numero":null,"cpx_numero_route_europeenne":null,"cpx_classement_administratif":"Route nommée","cpx_gestionnaire":null,"cpx_toponyme_route_nommee":"Boulevard Périphérique Intérieur","cpx_toponyme_itineraire_cyclable":null,"cpx_toponyme_voie_verte":null,"cpx_nature_itineraire_autre":null,"cpx_toponyme_itineraire_autre":null,"delestage":null,"source_voie_ban_gauche":null,"source_voie_ban_droite":null,"nom_voie_ban_gauche":null,"nom_voie_ban_droite":null,"lieux_dits_ban_gauche":null,"lieux_dits_ban_droite":null,"identifiant_voie_ban_gauche":null,"identifiant_voie_ban_droite":null,"sens_amenagement_cyclable_gauche":null,"sens_amenagement_cyclable_droit":null,"amenagement_cyclable_gauche":null,"amenagement_cyclable_droit":null,"aire_de_retournement_dfci":null,"gabarit_dfci":null,"impasse_dfci":null,"nature_detaillee_dfci":null,"ouvrage_d_art_limitant_dfci":null,"pente_maximale_dfci":null,"piste_dfci":null,"piste_dfci_debroussaillee":null,"piste_dfci_fosses":null,"sens_de_circulation_dfci":null,"tout_terrain_dfci":null,"vitesse_moyenne_dfci":null,"zone_de_croisement_dfci":null,"categorie_dfci":null,"vitesse_collaborative":null,"id_ban_odonyme_droite":null,"id_ban_odonyme_gauche":null}},{"type":"Feature","id":"troncon_de_route.22016","geometry":{"type":"LineString","coordinates":[[2.26132057,48.83408878,30.7],[2.26123051,48.83400278,32]]},"geometry_name":"geometrie","properties":{"cleabs":"TRONROUT0000000000203139","nature":"Route à 2 chaussées","nom_collaboratif_gauche":"QU POINT DU JOUR","nom_collaboratif_droite":"QU POINT DU JOUR","importance":"2","fictif":false,"position_par_rapport_au_sol":"0","etat_de_l_objet":"En service","date_creation":"2006-05-22T11:18:11.781Z","date_modification":"2023-09-24T08:24:57.760Z","date_d_apparition":null,"date_de_confirmation":null,"sources":null,"identifiants_sources":null,"methode_d_acquisition_planimetrique":"BDTopo","precision_planimetrique":2.5,"methode_d_acquisition_altimetrique":"BDTopo","precision_altimetrique":1.5,"nombre_de_voies":1,"largeur_de_chaussee":3,"itineraire_vert":true,"prive":false,"sens_de_circulation":"Sens direct","reserve_aux_bus":null,"urbain":true,"vitesse_moyenne_vl":30,"acces_vehicule_leger":"Libre","acces_pieton":null,"periode_de_fermeture":null,"nature_de_la_restriction":null,"restriction_de_hauteur":null,"restriction_de_poids_total":null,"restriction_de_poids_par_essieu":null,"restriction_de_largeur":null,"restriction_de_longueur":null,"matieres_dangereuses_interdites":false,"borne_debut_gauche":null,"borne_debut_droite":null,"borne_fin_gauche":null,"borne_fin_droite":null,"insee_commune_gauche":"92012","insee_commune_droite":"92012","alias_gauche":null,"alias_droit":null,"date_de_mise_en_service":null,"liens_vers_route_nommee":null,"liens_vers_itineraire_autre":null,"cpx_numero":null,"cpx_numero_route_europeenne":null,"cpx_classement_administratif":null,"cpx_gestionnaire":null,"cpx_toponyme_route_nommee":null,"cpx_toponyme_itineraire_cyclable":null,"cpx_toponyme_voie_verte":null,"cpx_nature_itineraire_autre":null,"cpx_toponyme_itineraire_autre":null,"delestage":null,"source_voie_ban_gauche":"commune","source_voie_ban_droite":"commune","nom_voie_ban_gauche":"Quai du Point du Jour","nom_voie_ban_droite":"Quai du Point du Jour","lieux_dits_ban_gauche":"","lieux_dits_ban_droite":"","identifiant_voie_ban_gauche":"92012_7231","identifiant_voie_ban_droite":"92012_7231","sens_amenagement_cyclable_gauche":null,"sens_amenagement_cyclable_droit":null,"amenagement_cyclable_gauche":null,"amenagement_cyclable_droit":null,"aire_de_retournement_dfci":null,"gabarit_dfci":null,"impasse_dfci":null,"nature_detaillee_dfci":null,"ouvrage_d_art_limitant_dfci":null,"pente_maximale_dfci":null,"piste_dfci":null,"piste_dfci_debroussaillee":null,"piste_dfci_fosses":null,"sens_de_circulation_dfci":null,"tout_terrain_dfci":null,"vitesse_moyenne_dfci":null,"zone_de_croisement_dfci":null,"categorie_dfci":null,"vitesse_collaborative":null,"id_ban_odonyme_droite":"f69b6cd8-c8f5-4316-b2ac-7d6bf4998eec","id_ban_odonyme_gauche":"f69b6cd8-c8f5-4316-b2ac-7d6bf4998eec"}},{"type":"Feature","id":"troncon_de_route.22024","geometry":{"type":"LineString","coordinates":[[2.26053721,48.83418467,32.8],[2.26049354,48.83418979,32.9],[2.25987538,48.83426152,34.1],[2.25960532,48.83428323,34.4],[2.25944045,48.83428491,34.4],[2.25929217,48.8342696,33.4]]},"geometry_name":"geometrie","properties":{"cleabs":"TRONROUT0000000000203152","nature":"Route à 1 chaussée","nom_collaboratif_gauche":null,"nom_collaboratif_droite":null,"importance":"4","fictif":false,"position_par_rapport_au_sol":"0","etat_de_l_objet":"En service","date_creation":"2006-05-22T11:18:11.781Z","date_modification":"2023-09-21T08:16:01.974Z","date_d_apparition":null,"date_de_confirmation":null,"sources":null,"identifiants_sources":null,"methode_d_acquisition_planimetrique":"BDTopo","precision_planimetrique":2.5,"methode_d_acquisition_altimetrique":"BDTopo","precision_altimetrique":1.5,"nombre_de_voies":1,"largeur_de_chaussee":3,"itineraire_vert":false,"prive":false,"sens_de_circulation":"Sens direct","reserve_aux_bus":null,"urbain":true,"vitesse_moyenne_vl":30,"acces_vehicule_leger":"Libre","acces_pieton":null,"periode_de_fermeture":null,"nature_de_la_restriction":null,"restriction_de_hauteur":2.6,"restriction_de_poids_total":null,"restriction_de_poids_par_essieu":null,"restriction_de_largeur":null,"restriction_de_longueur":null,"matieres_dangereuses_interdites":false,"borne_debut_gauche":null,"borne_debut_droite":null,"borne_fin_gauche":null,"borne_fin_droite":null,"insee_commune_gauche":"92012","insee_commune_droite":"92012","alias_gauche":null,"alias_droit":null,"date_de_mise_en_service":null,"liens_vers_route_nommee":null,"liens_vers_itineraire_autre":null,"cpx_numero":null,"cpx_numero_route_europeenne":null,"cpx_classement_administratif":null,"cpx_gestionnaire":null,"cpx_toponyme_route_nommee":null,"cpx_toponyme_itineraire_cyclable":null,"cpx_toponyme_voie_verte":null,"cpx_nature_itineraire_autre":null,"cpx_toponyme_itineraire_autre":null,"delestage":null,"source_voie_ban_gauche":null,"source_voie_ban_droite":null,"nom_voie_ban_gauche":null,"nom_voie_ban_droite":null,"lieux_dits_ban_gauche":null,"lieux_dits_ban_droite":null,"identifiant_voie_ban_gauche":null,"identifiant_voie_ban_droite":null,"sens_amenagement_cyclable_gauche":null,"sens_amenagement_cyclable_droit":null,"amenagement_cyclable_gauche":null,"amenagement_cyclable_droit":null,"aire_de_retournement_dfci":null,"gabarit_dfci":null,"impasse_dfci":null,"nature_detaillee_dfci":null,"ouvrage_d_art_limitant_dfci":null,"pente_maximale_dfci":null,"piste_dfci":null,"piste_dfci_debroussaillee":null,"piste_dfci_fosses":null,"sens_de_circulation_dfci":null,"tout_terrain_dfci":null,"vitesse_moyenne_dfci":null,"zone_de_croisement_dfci":null,"categorie_dfci":null,"vitesse_collaborative":null,"id_ban_odonyme_droite":null,"id_ban_odonyme_gauche":null}},{"type":"Feature","id":"troncon_de_route.22660","geometry":{"type":"LineString","coordinates":[[2.26152523,48.83406666,30.6],[2.26157155,48.83416318,30.6],[2.26166524,48.83428157,30.7],[2.26195103,48.83459182,31],[2.26196096,48.83466024,31.1]]},"geometry_name":"geometrie","properties":{"cleabs":"TRONROUT0000000000203956","nature":"Route à 2 chaussées","nom_collaboratif_gauche":"QU SAINT-EXUPERY","nom_collaboratif_droite":"QU SAINT-EXUPERY","importance":"2","fictif":false,"position_par_rapport_au_sol":"0","etat_de_l_objet":"En service","date_creation":"2006-05-22T11:18:11.781Z","date_modification":"2024-12-14T03:37:38.607Z","date_d_apparition":null,"date_de_confirmation":null,"sources":null,"identifiants_sources":null,"methode_d_acquisition_planimetrique":"BDTopo","precision_planimetrique":2.5,"methode_d_acquisition_altimetrique":"BDTopo","precision_altimetrique":1.5,"nombre_de_voies":2,"largeur_de_chaussee":7,"itineraire_vert":true,"prive":false,"sens_de_circulation":"Sens direct","reserve_aux_bus":null,"urbain":true,"vitesse_moyenne_vl":35,"acces_vehicule_leger":"Libre","acces_pieton":null,"periode_de_fermeture":null,"nature_de_la_restriction":null,"restriction_de_hauteur":null,"restriction_de_poids_total":null,"restriction_de_poids_par_essieu":null,"restriction_de_largeur":null,"restriction_de_longueur":null,"matieres_dangereuses_interdites":false,"borne_debut_gauche":null,"borne_debut_droite":null,"borne_fin_gauche":null,"borne_fin_droite":null,"insee_commune_gauche":"75116","insee_commune_droite":"75116","alias_gauche":null,"alias_droit":null,"date_de_mise_en_service":null,"liens_vers_route_nommee":null,"liens_vers_itineraire_autre":null,"cpx_numero":null,"cpx_numero_route_europeenne":null,"cpx_classement_administratif":null,"cpx_gestionnaire":null,"cpx_toponyme_route_nommee":null,"cpx_toponyme_itineraire_cyclable":null,"cpx_toponyme_voie_verte":null,"cpx_nature_itineraire_autre":null,"cpx_toponyme_itineraire_autre":null,"delestage":null,"source_voie_ban_gauche":"commune","source_voie_ban_droite":"commune","nom_voie_ban_gauche":"Quai Saint-Exupéry","nom_voie_ban_droite":"Quai Saint-Exupéry","lieux_dits_ban_gauche":null,"lieux_dits_ban_droite":null,"identifiant_voie_ban_gauche":"75116_8600","identifiant_voie_ban_droite":"75116_8600","sens_amenagement_cyclable_gauche":null,"sens_amenagement_cyclable_droit":null,"amenagement_cyclable_gauche":null,"amenagement_cyclable_droit":null,"aire_de_retournement_dfci":null,"gabarit_dfci":null,"impasse_dfci":null,"nature_detaillee_dfci":null,"ouvrage_d_art_limitant_dfci":null,"pente_maximale_dfci":null,"piste_dfci":null,"piste_dfci_debroussaillee":null,"piste_dfci_fosses":null,"sens_de_circulation_dfci":null,"tout_terrain_dfci":null,"vitesse_moyenne_dfci":null,"zone_de_croisement_dfci":null,"categorie_dfci":null,"vitesse_collaborative":null,"id_ban_odonyme_droite":null,"id_ban_odonyme_gauche":null}},{"type":"Feature","id":"troncon_de_route.45003","geometry":{"type":"LineString","coordinates":[[2.26499275,48.83423731,31.7],[2.26487988,48.834126,31.5],[2.26458167,48.83382557,31.6],[2.26398381,48.8332319,31.8],[2.2635996,48.8328482,31.6],[2.26257723,48.83183369,31.3],[2.26228046,48.83152967,31.2]]},"geometry_name":"geometrie","properties":{"cleabs":"TRONROUT0000000000531664","nature":"Route à 1 chaussée","nom_collaboratif_gauche":"QU DU PRESIDENT ROOSEVELT","nom_collaboratif_droite":"QU DU PRESIDENT ROOSEVELT","importance":"2","fictif":false,"position_par_rapport_au_sol":"0","etat_de_l_objet":"En service","date_creation":"2006-05-22T11:39:36.546Z","date_modification":"2026-01-31T17:24:10.254Z","date_d_apparition":null,"date_de_confirmation":null,"sources":"DSR","identifiants_sources":null,"methode_d_acquisition_planimetrique":"BDTopo","precision_planimetrique":2.5,"methode_d_acquisition_altimetrique":"BDTopo","precision_altimetrique":1.5,"nombre_de_voies":4,"largeur_de_chaussee":12,"itineraire_vert":true,"prive":false,"sens_de_circulation":"Double sens","reserve_aux_bus":null,"urbain":true,"vitesse_moyenne_vl":35,"acces_vehicule_leger":"Libre","acces_pieton":null,"periode_de_fermeture":null,"nature_de_la_restriction":null,"restriction_de_hauteur":null,"restriction_de_poids_total":null,"restriction_de_poids_par_essieu":null,"restriction_de_largeur":null,"restriction_de_longueur":null,"matieres_dangereuses_interdites":false,"borne_debut_gauche":"39","borne_debut_droite":null,"borne_fin_gauche":"87","borne_fin_droite":null,"insee_commune_gauche":"92040","insee_commune_droite":"92040","alias_gauche":null,"alias_droit":null,"date_de_mise_en_service":null,"liens_vers_route_nommee":"ROUTNOMM0000000000552078","liens_vers_itineraire_autre":null,"cpx_numero":"D7","cpx_numero_route_europeenne":null,"cpx_classement_administratif":"Départementale","cpx_gestionnaire":"Hauts-de-Seine","cpx_toponyme_route_nommee":null,"cpx_toponyme_itineraire_cyclable":null,"cpx_toponyme_voie_verte":null,"cpx_nature_itineraire_autre":null,"cpx_toponyme_itineraire_autre":null,"delestage":null,"source_voie_ban_gauche":"commune","source_voie_ban_droite":"commune","nom_voie_ban_gauche":"Quai du Président Roosevelt","nom_voie_ban_droite":"Quai du Président Roosevelt","lieux_dits_ban_gauche":null,"lieux_dits_ban_droite":null,"identifiant_voie_ban_gauche":"92040_7180","identifiant_voie_ban_droite":"92040_7180","sens_amenagement_cyclable_gauche":null,"sens_amenagement_cyclable_droit":null,"amenagement_cyclable_gauche":null,"amenagement_cyclable_droit":null,"aire_de_retournement_dfci":null,"gabarit_dfci":null,"impasse_dfci":null,"nature_detaillee_dfci":null,"ouvrage_d_art_limitant_dfci":null,"pente_maximale_dfci":null,"piste_dfci":null,"piste_dfci_debroussaillee":null,"piste_dfci_fosses":null,"sens_de_circulation_dfci":null,"tout_terrain_dfci":null,"vitesse_moyenne_dfci":null,"zone_de_croisement_dfci":null,"categorie_dfci":null,"vitesse_collaborative":null,"id_ban_odonyme_droite":"18c80303-9229-4104-aea4-b1274a0d6261","id_ban_odonyme_gauche":"18c80303-9229-4104-aea4-b1274a0d6261"}},{"type":"Feature","id":"troncon_de_route.45005","geometry":{"type":"LineString","coordinates":[[2.26093809,48.83358366,30.3],[2.26106778,48.83375714,30.8],[2.26110339,48.83384011,31.1],[2.26111199,48.83390581,31.2],[2.26110866,48.83394896,31.3],[2.26109167,48.83399383,31.5],[2.26106941,48.83402697,31.6],[2.26104043,48.83405287,31.7],[2.26097719,48.83409295,31.8],[2.26092785,48.83411423,32],[2.26086624,48.83413544,32.1],[2.26079652,48.83415209,32.2],[2.26053721,48.83418467,32.8]]},"geometry_name":"geometrie","properties":{"cleabs":"TRONROUT0000000000531666","nature":"Route à 1 chaussée","nom_collaboratif_gauche":null,"nom_collaboratif_droite":null,"importance":"4","fictif":false,"position_par_rapport_au_sol":"-1","etat_de_l_objet":"En service","date_creation":"2006-05-22T11:39:36.546Z","date_modification":"2024-07-03T07:16:57.575Z","date_d_apparition":null,"date_de_confirmation":null,"sources":null,"identifiants_sources":null,"methode_d_acquisition_planimetrique":"BDTopo","precision_planimetrique":2.5,"methode_d_acquisition_altimetrique":"BDTopo","precision_altimetrique":1.5,"nombre_de_voies":1,"largeur_de_chaussee":3,"itineraire_vert":false,"prive":false,"sens_de_circulation":"Sens direct","reserve_aux_bus":null,"urbain":true,"vitesse_moyenne_vl":20,"acces_vehicule_leger":"Libre","acces_pieton":null,"periode_de_fermeture":null,"nature_de_la_restriction":null,"restriction_de_hauteur":2.6,"restriction_de_poids_total":null,"restriction_de_poids_par_essieu":null,"restriction_de_largeur":null,"restriction_de_longueur":null,"matieres_dangereuses_interdites":false,"borne_debut_gauche":null,"borne_debut_droite":null,"borne_fin_gauche":null,"borne_fin_droite":null,"insee_commune_gauche":"92012","insee_commune_droite":"92012","alias_gauche":null,"alias_droit":null,"date_de_mise_en_service":null,"liens_vers_route_nommee":"ROUTNOMM0000000000552073","liens_vers_itineraire_autre":null,"cpx_numero":"D1","cpx_numero_route_europeenne":null,"cpx_classement_administratif":"Départementale","cpx_gestionnaire":"Hauts-de-Seine","cpx_toponyme_route_nommee":null,"cpx_toponyme_itineraire_cyclable":null,"cpx_toponyme_voie_verte":null,"cpx_nature_itineraire_autre":null,"cpx_toponyme_itineraire_autre":null,"delestage":null,"source_voie_ban_gauche":null,"source_voie_ban_droite":null,"nom_voie_ban_gauche":null,"nom_voie_ban_droite":null,"lieux_dits_ban_gauche":null,"lieux_dits_ban_droite":null,"identifiant_voie_ban_gauche":null,"identifiant_voie_ban_droite":null,"sens_amenagement_cyclable_gauche":null,"sens_amenagement_cyclable_droit":null,"amenagement_cyclable_gauche":null,"amenagement_cyclable_droit":null,"aire_de_retournement_dfci":null,"gabarit_dfci":null,"impasse_dfci":null,"nature_detaillee_dfci":null,"ouvrage_d_art_limitant_dfci":null,"pente_maximale_dfci":null,"piste_dfci":null,"piste_dfci_debroussaillee":null,"piste_dfci_fosses":null,"sens_de_circulation_dfci":null,"tout_terrain_dfci":null,"vitesse_moyenne_dfci":null,"zone_de_croisement_dfci":null,"categorie_dfci":null,"vitesse_collaborative":null,"id_ban_odonyme_droite":null,"id_ban_odonyme_gauche":null}},{"type":"Feature","id":"troncon_de_route.45006","geometry":{"type":"LineString","coordinates":[[2.26125682,48.8337799,31.1],[2.26127572,48.83388884,31.1],[2.26127526,48.83392121,31],[2.26126394,48.83395082,31],[2.26124436,48.83398668,31],[2.26123051,48.83400278,31]]},"geometry_name":"geometrie","properties":{"cleabs":"TRONROUT0000000000531667","nature":"Route à 1 chaussée","nom_collaboratif_gauche":"QU POINT DU JOUR","nom_collaboratif_droite":"QU POINT DU JOUR","importance":"4","fictif":false,"position_par_rapport_au_sol":"0","etat_de_l_objet":"En service","date_creation":"2006-05-22T11:39:36.546Z","date_modification":"2023-09-24T08:24:57.760Z","date_d_apparition":null,"date_de_confirmation":null,"sources":null,"identifiants_sources":null,"methode_d_acquisition_planimetrique":"BDTopo","precision_planimetrique":2.5,"methode_d_acquisition_altimetrique":"BDTopo","precision_altimetrique":1.5,"nombre_de_voies":2,"largeur_de_chaussee":4,"itineraire_vert":false,"prive":false,"sens_de_circulation":"Sens direct","reserve_aux_bus":null,"urbain":true,"vitesse_moyenne_vl":10,"acces_vehicule_leger":"Libre","acces_pieton":null,"periode_de_fermeture":null,"nature_de_la_restriction":null,"restriction_de_hauteur":null,"restriction_de_poids_total":null,"restriction_de_poids_par_essieu":null,"restriction_de_largeur":null,"restriction_de_longueur":null,"matieres_dangereuses_interdites":false,"borne_debut_gauche":null,"borne_debut_droite":null,"borne_fin_gauche":null,"borne_fin_droite":null,"insee_commune_gauche":"92012","insee_commune_droite":"92012","alias_gauche":null,"alias_droit":null,"date_de_mise_en_service":null,"liens_vers_route_nommee":null,"liens_vers_itineraire_autre":null,"cpx_numero":null,"cpx_numero_route_europeenne":null,"cpx_classement_administratif":null,"cpx_gestionnaire":null,"cpx_toponyme_route_nommee":null,"cpx_toponyme_itineraire_cyclable":null,"cpx_toponyme_voie_verte":null,"cpx_nature_itineraire_autre":null,"cpx_toponyme_itineraire_autre":null,"delestage":null,"source_voie_ban_gauche":"commune","source_voie_ban_droite":"commune","nom_voie_ban_gauche":"Quai du Point du Jour","nom_voie_ban_droite":"Quai du Point du Jour","lieux_dits_ban_gauche":"","lieux_dits_ban_droite":"","identifiant_voie_ban_gauche":"92012_7231","identifiant_voie_ban_droite":"92012_7231","sens_amenagement_cyclable_gauche":null,"sens_amenagement_cyclable_droit":null,"amenagement_cyclable_gauche":null,"amenagement_cyclable_droit":null,"aire_de_retournement_dfci":null,"gabarit_dfci":null,"impasse_dfci":null,"nature_detaillee_dfci":null,"ouvrage_d_art_limitant_dfci":null,"pente_maximale_dfci":null,"piste_dfci":null,"piste_dfci_debroussaillee":null,"piste_dfci_fosses":null,"sens_de_circulation_dfci":null,"tout_terrain_dfci":null,"vitesse_moyenne_dfci":null,"zone_de_croisement_dfci":null,"categorie_dfci":null,"vitesse_collaborative":null,"id_ban_odonyme_droite":"f69b6cd8-c8f5-4316-b2ac-7d6bf4998eec","id_ban_odonyme_gauche":"f69b6cd8-c8f5-4316-b2ac-7d6bf4998eec"}},{"type":"Feature","id":"troncon_de_route.45008","geometry":{"type":"LineString","coordinates":[[2.26119045,48.83404121,31.3],[2.26123051,48.83400278,31]]},"geometry_name":"geometrie","properties":{"cleabs":"TRONROUT0000000000531669","nature":"Route à 1 chaussée","nom_collaboratif_gauche":"QU POINT DU JOUR","nom_collaboratif_droite":"QU POINT DU JOUR","importance":"4","fictif":false,"position_par_rapport_au_sol":"0","etat_de_l_objet":"En service","date_creation":"2006-05-22T11:39:36.546Z","date_modification":"2023-09-24T08:24:57.760Z","date_d_apparition":null,"date_de_confirmation":null,"sources":null,"identifiants_sources":null,"methode_d_acquisition_planimetrique":"BDTopo","precision_planimetrique":2.5,"methode_d_acquisition_altimetrique":"BDTopo","precision_altimetrique":1.5,"nombre_de_voies":2,"largeur_de_chaussee":4,"itineraire_vert":false,"prive":false,"sens_de_circulation":"Double sens","reserve_aux_bus":null,"urbain":true,"vitesse_moyenne_vl":10,"acces_vehicule_leger":"Libre","acces_pieton":null,"periode_de_fermeture":null,"nature_de_la_restriction":null,"restriction_de_hauteur":null,"restriction_de_poids_total":null,"restriction_de_poids_par_essieu":null,"restriction_de_largeur":null,"restriction_de_longueur":null,"matieres_dangereuses_interdites":false,"borne_debut_gauche":null,"borne_debut_droite":null,"borne_fin_gauche":null,"borne_fin_droite":null,"insee_commune_gauche":"92012","insee_commune_droite":"92012","alias_gauche":null,"alias_droit":null,"date_de_mise_en_service":null,"liens_vers_route_nommee":null,"liens_vers_itineraire_autre":null,"cpx_numero":null,"cpx_numero_route_europeenne":null,"cpx_classement_administratif":null,"cpx_gestionnaire":null,"cpx_toponyme_route_nommee":null,"cpx_toponyme_itineraire_cyclable":null,"cpx_toponyme_voie_verte":null,"cpx_nature_itineraire_autre":null,"cpx_toponyme_itineraire_autre":null,"delestage":null,"source_voie_ban_gauche":"commune","source_voie_ban_droite":"commune","nom_voie_ban_gauche":"Quai du Point du Jour","nom_voie_ban_droite":"Quai du Point du Jour","lieux_dits_ban_gauche":"","lieux_dits_ban_droite":"","identifiant_voie_ban_gauche":"92012_7231","identifiant_voie_ban_droite":"92012_7231","sens_amenagement_cyclable_gauche":null,"sens_amenagement_cyclable_droit":null,"amenagement_cyclable_gauche":null,"amenagement_cyclable_droit":null,"aire_de_retournement_dfci":null,"gabarit_dfci":null,"impasse_dfci":null,"nature_detaillee_dfci":null,"ouvrage_d_art_limitant_dfci":null,"pente_maximale_dfci":null,"piste_dfci":null,"piste_dfci_debroussaillee":null,"piste_dfci_fosses":null,"sens_de_circulation_dfci":null,"tout_terrain_dfci":null,"vitesse_moyenne_dfci":null,"zone_de_croisement_dfci":null,"categorie_dfci":null,"vitesse_collaborative":null,"id_ban_odonyme_droite":"f69b6cd8-c8f5-4316-b2ac-7d6bf4998eec","id_ban_odonyme_gauche":"f69b6cd8-c8f5-4316-b2ac-7d6bf4998eec"}},{"type":"Feature","id":"troncon_de_route.45009","geometry":{"type":"LineString","coordinates":[[2.26062958,48.83305112,30.9],[2.26084911,48.83332589,30.8],[2.26125682,48.8337799,31.1]]},"geometry_name":"geometrie","properties":{"cleabs":"TRONROUT0000000000531670","nature":"Route à 2 chaussées","nom_collaboratif_gauche":"QU POINT DU JOUR","nom_collaboratif_droite":"QU POINT DU JOUR","importance":"2","fictif":false,"position_par_rapport_au_sol":"0","etat_de_l_objet":"En service","date_creation":"2006-05-22T11:39:36.546Z","date_modification":"2023-09-24T08:24:57.760Z","date_d_apparition":null,"date_de_confirmation":null,"sources":null,"identifiants_sources":null,"methode_d_acquisition_planimetrique":"BDTopo","precision_planimetrique":2.5,"methode_d_acquisition_altimetrique":"BDTopo","precision_altimetrique":1.5,"nombre_de_voies":2,"largeur_de_chaussee":5,"itineraire_vert":true,"prive":false,"sens_de_circulation":"Sens direct","reserve_aux_bus":null,"urbain":true,"vitesse_moyenne_vl":30,"acces_vehicule_leger":"Libre","acces_pieton":null,"periode_de_fermeture":null,"nature_de_la_restriction":null,"restriction_de_hauteur":null,"restriction_de_poids_total":null,"restriction_de_poids_par_essieu":null,"restriction_de_largeur":null,"restriction_de_longueur":null,"matieres_dangereuses_interdites":false,"borne_debut_gauche":null,"borne_debut_droite":null,"borne_fin_gauche":null,"borne_fin_droite":null,"insee_commune_gauche":"92012","insee_commune_droite":"92012","alias_gauche":null,"alias_droit":null,"date_de_mise_en_service":null,"liens_vers_route_nommee":"ROUTNOMM0000000000552073","liens_vers_itineraire_autre":null,"cpx_numero":"D1","cpx_numero_route_europeenne":null,"cpx_classement_administratif":"Départementale","cpx_gestionnaire":"Hauts-de-Seine","cpx_toponyme_route_nommee":null,"cpx_toponyme_itineraire_cyclable":null,"cpx_toponyme_voie_verte":null,"cpx_nature_itineraire_autre":null,"cpx_toponyme_itineraire_autre":null,"delestage":null,"source_voie_ban_gauche":"commune","source_voie_ban_droite":"commune","nom_voie_ban_gauche":"Quai du Point du Jour","nom_voie_ban_droite":"Quai du Point du Jour","lieux_dits_ban_gauche":"","lieux_dits_ban_droite":"","identifiant_voie_ban_gauche":"92012_7231","identifiant_voie_ban_droite":"92012_7231","sens_amenagement_cyclable_gauche":null,"sens_amenagement_cyclable_droit":"Sens direct","amenagement_cyclable_gauche":null,"amenagement_cyclable_droit":"Bande cyclable","aire_de_retournement_dfci":null,"gabarit_dfci":null,"impasse_dfci":null,"nature_detaillee_dfci":null,"ouvrage_d_art_limitant_dfci":null,"pente_maximale_dfci":null,"piste_dfci":null,"piste_dfci_debroussaillee":null,"piste_dfci_fosses":null,"sens_de_circulation_dfci":null,"tout_terrain_dfci":null,"vitesse_moyenne_dfci":null,"zone_de_croisement_dfci":null,"categorie_dfci":null,"vitesse_collaborative":null,"id_ban_odonyme_droite":"f69b6cd8-c8f5-4316-b2ac-7d6bf4998eec","id_ban_odonyme_gauche":"f69b6cd8-c8f5-4316-b2ac-7d6bf4998eec"}},{"type":"Feature","id":"troncon_de_route.45011","geometry":{"type":"LineString","coordinates":[[2.26104221,48.83392697,31.3],[2.26119045,48.83404121,31.3]]},"geometry_name":"geometrie","properties":{"cleabs":"TRONROUT0000000000531672","nature":"Route à 1 chaussée","nom_collaboratif_gauche":"QU POINT DU JOUR","nom_collaboratif_droite":"QU POINT DU JOUR","importance":"4","fictif":false,"position_par_rapport_au_sol":"0","etat_de_l_objet":"En service","date_creation":"2006-05-22T11:39:36.546Z","date_modification":"2023-09-24T08:24:57.760Z","date_d_apparition":null,"date_de_confirmation":null,"sources":null,"identifiants_sources":null,"methode_d_acquisition_planimetrique":"BDTopo","precision_planimetrique":2.5,"methode_d_acquisition_altimetrique":"BDTopo","precision_altimetrique":1.5,"nombre_de_voies":1,"largeur_de_chaussee":3,"itineraire_vert":false,"prive":false,"sens_de_circulation":"Sens inverse","reserve_aux_bus":null,"urbain":true,"vitesse_moyenne_vl":20,"acces_vehicule_leger":"Libre","acces_pieton":null,"periode_de_fermeture":null,"nature_de_la_restriction":null,"restriction_de_hauteur":null,"restriction_de_poids_total":null,"restriction_de_poids_par_essieu":null,"restriction_de_largeur":null,"restriction_de_longueur":null,"matieres_dangereuses_interdites":false,"borne_debut_gauche":null,"borne_debut_droite":null,"borne_fin_gauche":null,"borne_fin_droite":null,"insee_commune_gauche":"92012","insee_commune_droite":"92012","alias_gauche":null,"alias_droit":null,"date_de_mise_en_service":null,"liens_vers_route_nommee":null,"liens_vers_itineraire_autre":null,"cpx_numero":null,"cpx_numero_route_europeenne":null,"cpx_classement_administratif":null,"cpx_gestionnaire":null,"cpx_toponyme_route_nommee":null,"cpx_toponyme_itineraire_cyclable":null,"cpx_toponyme_voie_verte":null,"cpx_nature_itineraire_autre":null,"cpx_toponyme_itineraire_autre":null,"delestage":null,"source_voie_ban_gauche":"commune","source_voie_ban_droite":"commune","nom_voie_ban_gauche":"Quai du Point du Jour","nom_voie_ban_droite":"Quai du Point du Jour","lieux_dits_ban_gauche":"","lieux_dits_ban_droite":"","identifiant_voie_ban_gauche":"92012_7231","identifiant_voie_ban_droite":"92012_7231","sens_amenagement_cyclable_gauche":"Sens inverse","sens_amenagement_cyclable_droit":null,"amenagement_cyclable_gauche":"Bande cyclable","amenagement_cyclable_droit":null,"aire_de_retournement_dfci":null,"gabarit_dfci":null,"impasse_dfci":null,"nature_detaillee_dfci":null,"ouvrage_d_art_limitant_dfci":null,"pente_maximale_dfci":null,"piste_dfci":null,"piste_dfci_debroussaillee":null,"piste_dfci_fosses":null,"sens_de_circulation_dfci":null,"tout_terrain_dfci":null,"vitesse_moyenne_dfci":null,"zone_de_croisement_dfci":null,"categorie_dfci":null,"vitesse_collaborative":null,"id_ban_odonyme_droite":"f69b6cd8-c8f5-4316-b2ac-7d6bf4998eec","id_ban_odonyme_gauche":"f69b6cd8-c8f5-4316-b2ac-7d6bf4998eec"}},{"type":"Feature","id":"troncon_de_route.45014","geometry":{"type":"LineString","coordinates":[[2.26032562,48.83315897,31.2],[2.26029738,48.83322894,31.2],[2.26027802,48.83324861,31.2],[2.26025593,48.83326916,31.1],[2.26022987,48.83328159,31.1],[2.26019845,48.83328769,31.1],[2.26009476,48.83329874,31.1]]},"geometry_name":"geometrie","properties":{"cleabs":"TRONROUT0000000000531675","nature":"Route à 2 chaussées","nom_collaboratif_gauche":"AV LA VOIE LACTEE","nom_collaboratif_droite":"AV LA VOIE LACTEE","importance":"5","fictif":false,"position_par_rapport_au_sol":"0","etat_de_l_objet":"En service","date_creation":"2006-05-22T11:39:36.546Z","date_modification":"2026-02-28T19:49:21.208Z","date_d_apparition":null,"date_de_confirmation":null,"sources":null,"identifiants_sources":null,"methode_d_acquisition_planimetrique":"Calculé","precision_planimetrique":20,"methode_d_acquisition_altimetrique":"Z corrigé","precision_altimetrique":2.5,"nombre_de_voies":1,"largeur_de_chaussee":3,"itineraire_vert":false,"prive":false,"sens_de_circulation":"Sens inverse","reserve_aux_bus":null,"urbain":true,"vitesse_moyenne_vl":5,"acces_vehicule_leger":"Libre","acces_pieton":null,"periode_de_fermeture":null,"nature_de_la_restriction":null,"restriction_de_hauteur":null,"restriction_de_poids_total":null,"restriction_de_poids_par_essieu":null,"restriction_de_largeur":null,"restriction_de_longueur":null,"matieres_dangereuses_interdites":false,"borne_debut_gauche":null,"borne_debut_droite":null,"borne_fin_gauche":null,"borne_fin_droite":null,"insee_commune_gauche":"92012","insee_commune_droite":"92012","alias_gauche":null,"alias_droit":null,"date_de_mise_en_service":null,"liens_vers_route_nommee":null,"liens_vers_itineraire_autre":null,"cpx_numero":null,"cpx_numero_route_europeenne":null,"cpx_classement_administratif":null,"cpx_gestionnaire":null,"cpx_toponyme_route_nommee":null,"cpx_toponyme_itineraire_cyclable":null,"cpx_toponyme_voie_verte":null,"cpx_nature_itineraire_autre":null,"cpx_toponyme_itineraire_autre":null,"delestage":null,"source_voie_ban_gauche":"commune","source_voie_ban_droite":"commune","nom_voie_ban_gauche":"Avenue la Voie Lactée","nom_voie_ban_droite":"Avenue la Voie Lactée","lieux_dits_ban_gauche":null,"lieux_dits_ban_droite":null,"identifiant_voie_ban_gauche":"92012_9673","identifiant_voie_ban_droite":"92012_9673","sens_amenagement_cyclable_gauche":null,"sens_amenagement_cyclable_droit":null,"amenagement_cyclable_gauche":null,"amenagement_cyclable_droit":null,"aire_de_retournement_dfci":null,"gabarit_dfci":null,"impasse_dfci":null,"nature_detaillee_dfci":null,"ouvrage_d_art_limitant_dfci":null,"pente_maximale_dfci":null,"piste_dfci":null,"piste_dfci_debroussaillee":null,"piste_dfci_fosses":null,"sens_de_circulation_dfci":null,"tout_terrain_dfci":null,"vitesse_moyenne_dfci":null,"zone_de_croisement_dfci":null,"categorie_dfci":null,"vitesse_collaborative":null,"id_ban_odonyme_droite":"5c06e5dd-a0b3-4603-b758-6d2f85e722f1","id_ban_odonyme_gauche":"5c06e5dd-a0b3-4603-b758-6d2f85e722f1"}},{"type":"Feature","id":"troncon_de_route.45015","geometry":{"type":"LineString","coordinates":[[2.26013031,48.8328097,31],[2.26000849,48.83265785,30.6],[2.2596263,48.83223098,30.8]]},"geometry_name":"geometrie","properties":{"cleabs":"TRONROUT0000000000531676","nature":"Route à 2 chaussées","nom_collaboratif_gauche":"QU POINT DU JOUR","nom_collaboratif_droite":"QU POINT DU JOUR","importance":"2","fictif":false,"position_par_rapport_au_sol":"0","etat_de_l_objet":"En service","date_creation":"2006-05-22T11:39:36.546Z","date_modification":"2023-09-24T08:24:57.760Z","date_d_apparition":null,"date_de_confirmation":null,"sources":null,"identifiants_sources":null,"methode_d_acquisition_planimetrique":"BDTopo","precision_planimetrique":2.5,"methode_d_acquisition_altimetrique":"BDTopo","precision_altimetrique":1.5,"nombre_de_voies":1,"largeur_de_chaussee":3,"itineraire_vert":false,"prive":false,"sens_de_circulation":"Sens direct","reserve_aux_bus":null,"urbain":true,"vitesse_moyenne_vl":30,"acces_vehicule_leger":"Libre","acces_pieton":null,"periode_de_fermeture":null,"nature_de_la_restriction":null,"restriction_de_hauteur":null,"restriction_de_poids_total":null,"restriction_de_poids_par_essieu":null,"restriction_de_largeur":null,"restriction_de_longueur":null,"matieres_dangereuses_interdites":false,"borne_debut_gauche":null,"borne_debut_droite":null,"borne_fin_gauche":null,"borne_fin_droite":null,"insee_commune_gauche":"92012","insee_commune_droite":"92012","alias_gauche":null,"alias_droit":null,"date_de_mise_en_service":null,"liens_vers_route_nommee":"ROUTNOMM0000000000552073","liens_vers_itineraire_autre":null,"cpx_numero":"D1","cpx_numero_route_europeenne":null,"cpx_classement_administratif":"Départementale","cpx_gestionnaire":"Hauts-de-Seine","cpx_toponyme_route_nommee":null,"cpx_toponyme_itineraire_cyclable":null,"cpx_toponyme_voie_verte":null,"cpx_nature_itineraire_autre":null,"cpx_toponyme_itineraire_autre":null,"delestage":null,"source_voie_ban_gauche":"commune","source_voie_ban_droite":"commune","nom_voie_ban_gauche":"Quai du Point du Jour","nom_voie_ban_droite":"Quai du Point du Jour","lieux_dits_ban_gauche":"","lieux_dits_ban_droite":"","identifiant_voie_ban_gauche":"92012_7231","identifiant_voie_ban_droite":"92012_7231","sens_amenagement_cyclable_gauche":null,"sens_amenagement_cyclable_droit":null,"amenagement_cyclable_gauche":null,"amenagement_cyclable_droit":null,"aire_de_retournement_dfci":null,"gabarit_dfci":null,"impasse_dfci":null,"nature_detaillee_dfci":null,"ouvrage_d_art_limitant_dfci":null,"pente_maximale_dfci":null,"piste_dfci":null,"piste_dfci_debroussaillee":null,"piste_dfci_fosses":null,"sens_de_circulation_dfci":null,"tout_terrain_dfci":null,"vitesse_moyenne_dfci":null,"zone_de_croisement_dfci":null,"categorie_dfci":null,"vitesse_collaborative":null,"id_ban_odonyme_droite":"f69b6cd8-c8f5-4316-b2ac-7d6bf4998eec","id_ban_odonyme_gauche":"f69b6cd8-c8f5-4316-b2ac-7d6bf4998eec"}},{"type":"Feature","id":"troncon_de_route.45016","geometry":{"type":"LineString","coordinates":[[2.2600028,48.8323871,30.8],[2.25995934,48.83237784,30.7],[2.25971039,48.83216135,30.8],[2.25954466,48.83203171,30.9]]},"geometry_name":"geometrie","properties":{"cleabs":"TRONROUT0000000000531677","nature":"Route à 2 chaussées","nom_collaboratif_gauche":"QU POINT DU JOUR","nom_collaboratif_droite":"QU POINT DU JOUR","importance":"2","fictif":false,"position_par_rapport_au_sol":"0","etat_de_l_objet":"En service","date_creation":"2006-05-22T11:39:36.546Z","date_modification":"2023-09-24T08:24:57.760Z","date_d_apparition":null,"date_de_confirmation":null,"sources":null,"identifiants_sources":null,"methode_d_acquisition_planimetrique":"BDTopo","precision_planimetrique":2.5,"methode_d_acquisition_altimetrique":"BDTopo","precision_altimetrique":1.5,"nombre_de_voies":1,"largeur_de_chaussee":3,"itineraire_vert":false,"prive":false,"sens_de_circulation":"Sens inverse","reserve_aux_bus":null,"urbain":true,"vitesse_moyenne_vl":30,"acces_vehicule_leger":"Libre","acces_pieton":null,"periode_de_fermeture":null,"nature_de_la_restriction":null,"restriction_de_hauteur":null,"restriction_de_poids_total":null,"restriction_de_poids_par_essieu":null,"restriction_de_largeur":null,"restriction_de_longueur":null,"matieres_dangereuses_interdites":false,"borne_debut_gauche":null,"borne_debut_droite":null,"borne_fin_gauche":null,"borne_fin_droite":null,"insee_commune_gauche":"92012","insee_commune_droite":"92012","alias_gauche":null,"alias_droit":null,"date_de_mise_en_service":null,"liens_vers_route_nommee":"ROUTNOMM0000000000552073","liens_vers_itineraire_autre":null,"cpx_numero":"D1","cpx_numero_route_europeenne":null,"cpx_classement_administratif":"Départementale","cpx_gestionnaire":"Hauts-de-Seine","cpx_toponyme_route_nommee":null,"cpx_toponyme_itineraire_cyclable":null,"cpx_toponyme_voie_verte":null,"cpx_nature_itineraire_autre":null,"cpx_toponyme_itineraire_autre":null,"delestage":null,"source_voie_ban_gauche":"commune","source_voie_ban_droite":"commune","nom_voie_ban_gauche":"Quai du Point du Jour","nom_voie_ban_droite":"Quai du Point du Jour","lieux_dits_ban_gauche":"","lieux_dits_ban_droite":"","identifiant_voie_ban_gauche":"92012_7231","identifiant_voie_ban_droite":"92012_7231","sens_amenagement_cyclable_gauche":null,"sens_amenagement_cyclable_droit":null,"amenagement_cyclable_gauche":null,"amenagement_cyclable_droit":null,"aire_de_retournement_dfci":null,"gabarit_dfci":null,"impasse_dfci":null,"nature_detaillee_dfci":null,"ouvrage_d_art_limitant_dfci":null,"pente_maximale_dfci":null,"piste_dfci":null,"piste_dfci_debroussaillee":null,"piste_dfci_fosses":null,"sens_de_circulation_dfci":null,"tout_terrain_dfci":null,"vitesse_moyenne_dfci":null,"zone_de_croisement_dfci":null,"categorie_dfci":null,"vitesse_collaborative":null,"id_ban_odonyme_droite":"f69b6cd8-c8f5-4316-b2ac-7d6bf4998eec","id_ban_odonyme_gauche":"f69b6cd8-c8f5-4316-b2ac-7d6bf4998eec"}},{"type":"Feature","id":"troncon_de_route.45017","geometry":{"type":"LineString","coordinates":[[2.25954466,48.83203171,30.9],[2.25971084,48.8322252,30.9],[2.26035201,48.83293069,30.4],[2.2608952,48.83353393,30.3],[2.26093809,48.83358366,30.3]]},"geometry_name":"geometrie","properties":{"cleabs":"TRONROUT0000000000531678","nature":"Route à 1 chaussée","nom_collaboratif_gauche":null,"nom_collaboratif_droite":null,"importance":"4","fictif":false,"position_par_rapport_au_sol":"0","etat_de_l_objet":"En service","date_creation":"2006-05-22T11:39:36.546Z","date_modification":"2024-04-10T18:05:02.721Z","date_d_apparition":null,"date_de_confirmation":null,"sources":null,"identifiants_sources":null,"methode_d_acquisition_planimetrique":"BDTopo","precision_planimetrique":2.5,"methode_d_acquisition_altimetrique":"BDTopo","precision_altimetrique":1.5,"nombre_de_voies":1,"largeur_de_chaussee":3,"itineraire_vert":false,"prive":false,"sens_de_circulation":"Sens direct","reserve_aux_bus":null,"urbain":true,"vitesse_moyenne_vl":20,"acces_vehicule_leger":"Libre","acces_pieton":null,"periode_de_fermeture":null,"nature_de_la_restriction":null,"restriction_de_hauteur":2.6,"restriction_de_poids_total":null,"restriction_de_poids_par_essieu":null,"restriction_de_largeur":null,"restriction_de_longueur":null,"matieres_dangereuses_interdites":false,"borne_debut_gauche":null,"borne_debut_droite":null,"borne_fin_gauche":null,"borne_fin_droite":null,"insee_commune_gauche":"92012","insee_commune_droite":"92012","alias_gauche":null,"alias_droit":null,"date_de_mise_en_service":null,"liens_vers_route_nommee":"ROUTNOMM0000000000552073","liens_vers_itineraire_autre":null,"cpx_numero":"D1","cpx_numero_route_europeenne":null,"cpx_classement_administratif":"Départementale","cpx_gestionnaire":"Hauts-de-Seine","cpx_toponyme_route_nommee":null,"cpx_toponyme_itineraire_cyclable":null,"cpx_toponyme_voie_verte":null,"cpx_nature_itineraire_autre":null,"cpx_toponyme_itineraire_autre":null,"delestage":null,"source_voie_ban_gauche":null,"source_voie_ban_droite":null,"nom_voie_ban_gauche":null,"nom_voie_ban_droite":null,"lieux_dits_ban_gauche":null,"lieux_dits_ban_droite":null,"identifiant_voie_ban_gauche":null,"identifiant_voie_ban_droite":null,"sens_amenagement_cyclable_gauche":null,"sens_amenagement_cyclable_droit":null,"amenagement_cyclable_gauche":null,"amenagement_cyclable_droit":null,"aire_de_retournement_dfci":null,"gabarit_dfci":null,"impasse_dfci":null,"nature_detaillee_dfci":null,"ouvrage_d_art_limitant_dfci":null,"pente_maximale_dfci":null,"piste_dfci":null,"piste_dfci_debroussaillee":null,"piste_dfci_fosses":null,"sens_de_circulation_dfci":null,"tout_terrain_dfci":null,"vitesse_moyenne_dfci":null,"zone_de_croisement_dfci":null,"categorie_dfci":null,"vitesse_collaborative":null,"id_ban_odonyme_droite":null,"id_ban_odonyme_gauche":null}},{"type":"Feature","id":"troncon_de_route.45020","geometry":{"type":"LineString","coordinates":[[2.25957369,48.83238624,31.1],[2.25975888,48.83258345,31.4],[2.25998607,48.83279801,31.4],[2.26014848,48.832969,31.4],[2.26032562,48.83315897,31.2]]},"geometry_name":"geometrie","properties":{"cleabs":"TRONROUT0000000000531680","nature":"Route à 1 chaussée","nom_collaboratif_gauche":"QU POINT DU JOUR","nom_collaboratif_droite":"QU POINT DU JOUR","importance":"4","fictif":false,"position_par_rapport_au_sol":"0","etat_de_l_objet":"En service","date_creation":"2006-05-22T11:39:36.546Z","date_modification":"2026-02-15T10:09:29.537Z","date_d_apparition":null,"date_de_confirmation":null,"sources":null,"identifiants_sources":null,"methode_d_acquisition_planimetrique":"BDTopo","precision_planimetrique":2.5,"methode_d_acquisition_altimetrique":"BDTopo","precision_altimetrique":1.5,"nombre_de_voies":1,"largeur_de_chaussee":3,"itineraire_vert":false,"prive":false,"sens_de_circulation":"Sens inverse","reserve_aux_bus":null,"urbain":true,"vitesse_moyenne_vl":10,"acces_vehicule_leger":"Libre","acces_pieton":null,"periode_de_fermeture":null,"nature_de_la_restriction":null,"restriction_de_hauteur":null,"restriction_de_poids_total":null,"restriction_de_poids_par_essieu":null,"restriction_de_largeur":null,"restriction_de_longueur":null,"matieres_dangereuses_interdites":false,"borne_debut_gauche":"7","borne_debut_droite":null,"borne_fin_gauche":"3","borne_fin_droite":null,"insee_commune_gauche":"92012","insee_commune_droite":"92012","alias_gauche":null,"alias_droit":null,"date_de_mise_en_service":null,"liens_vers_route_nommee":null,"liens_vers_itineraire_autre":null,"cpx_numero":null,"cpx_numero_route_europeenne":null,"cpx_classement_administratif":null,"cpx_gestionnaire":null,"cpx_toponyme_route_nommee":null,"cpx_toponyme_itineraire_cyclable":null,"cpx_toponyme_voie_verte":null,"cpx_nature_itineraire_autre":null,"cpx_toponyme_itineraire_autre":null,"delestage":null,"source_voie_ban_gauche":"commune","source_voie_ban_droite":"commune","nom_voie_ban_gauche":"Quai du Point du Jour","nom_voie_ban_droite":"Quai du Point du Jour","lieux_dits_ban_gauche":null,"lieux_dits_ban_droite":null,"identifiant_voie_ban_gauche":"92012_7231","identifiant_voie_ban_droite":"92012_7231","sens_amenagement_cyclable_gauche":"Sens inverse","sens_amenagement_cyclable_droit":null,"amenagement_cyclable_gauche":"Bande cyclable","amenagement_cyclable_droit":null,"aire_de_retournement_dfci":null,"gabarit_dfci":null,"impasse_dfci":null,"nature_detaillee_dfci":null,"ouvrage_d_art_limitant_dfci":null,"pente_maximale_dfci":null,"piste_dfci":null,"piste_dfci_debroussaillee":null,"piste_dfci_fosses":null,"sens_de_circulation_dfci":null,"tout_terrain_dfci":null,"vitesse_moyenne_dfci":null,"zone_de_croisement_dfci":null,"categorie_dfci":null,"vitesse_collaborative":null,"id_ban_odonyme_droite":"f69b6cd8-c8f5-4316-b2ac-7d6bf4998eec","id_ban_odonyme_gauche":"f69b6cd8-c8f5-4316-b2ac-7d6bf4998eec"}},{"type":"Feature","id":"troncon_de_route.45030","geometry":{"type":"LineString","coordinates":[[2.26011006,48.83337258,31.1],[2.2595206,48.83343819,31.2],[2.25929678,48.83346558,32.1],[2.25924196,48.83348863,32.4],[2.2592006,48.83352345,32.7],[2.25912477,48.83358683,33],[2.25906296,48.83362243,33.2]]},"geometry_name":"geometrie","properties":{"cleabs":"TRONROUT0000000000531690","nature":"Route à 2 chaussées","nom_collaboratif_gauche":"AV LA VOIE LACTEE","nom_collaboratif_droite":"AV LA VOIE LACTEE","importance":"5","fictif":false,"position_par_rapport_au_sol":"0","etat_de_l_objet":"En service","date_creation":"2006-05-22T11:39:36.546Z","date_modification":"2026-01-10T08:36:41.125Z","date_d_apparition":null,"date_de_confirmation":null,"sources":null,"identifiants_sources":null,"methode_d_acquisition_planimetrique":"Calculé","precision_planimetrique":20,"methode_d_acquisition_altimetrique":"Z corrigé","precision_altimetrique":2.5,"nombre_de_voies":1,"largeur_de_chaussee":3,"itineraire_vert":false,"prive":false,"sens_de_circulation":"Sens direct","reserve_aux_bus":null,"urbain":true,"vitesse_moyenne_vl":20,"acces_vehicule_leger":"Libre","acces_pieton":null,"periode_de_fermeture":null,"nature_de_la_restriction":null,"restriction_de_hauteur":null,"restriction_de_poids_total":null,"restriction_de_poids_par_essieu":null,"restriction_de_largeur":null,"restriction_de_longueur":null,"matieres_dangereuses_interdites":false,"borne_debut_gauche":null,"borne_debut_droite":"22","borne_fin_gauche":null,"borne_fin_droite":"84","insee_commune_gauche":"92012","insee_commune_droite":"92012","alias_gauche":null,"alias_droit":null,"date_de_mise_en_service":null,"liens_vers_route_nommee":null,"liens_vers_itineraire_autre":null,"cpx_numero":null,"cpx_numero_route_europeenne":null,"cpx_classement_administratif":null,"cpx_gestionnaire":null,"cpx_toponyme_route_nommee":null,"cpx_toponyme_itineraire_cyclable":null,"cpx_toponyme_voie_verte":null,"cpx_nature_itineraire_autre":null,"cpx_toponyme_itineraire_autre":null,"delestage":null,"source_voie_ban_gauche":"commune","source_voie_ban_droite":"commune","nom_voie_ban_gauche":"Avenue la Voie Lactée","nom_voie_ban_droite":"Avenue la Voie Lactée","lieux_dits_ban_gauche":null,"lieux_dits_ban_droite":null,"identifiant_voie_ban_gauche":"92012_9673","identifiant_voie_ban_droite":"92012_9673","sens_amenagement_cyclable_gauche":null,"sens_amenagement_cyclable_droit":null,"amenagement_cyclable_gauche":null,"amenagement_cyclable_droit":null,"aire_de_retournement_dfci":null,"gabarit_dfci":null,"impasse_dfci":null,"nature_detaillee_dfci":null,"ouvrage_d_art_limitant_dfci":null,"pente_maximale_dfci":null,"piste_dfci":null,"piste_dfci_debroussaillee":null,"piste_dfci_fosses":null,"sens_de_circulation_dfci":null,"tout_terrain_dfci":null,"vitesse_moyenne_dfci":null,"zone_de_croisement_dfci":null,"categorie_dfci":null,"vitesse_collaborative":null,"id_ban_odonyme_droite":"5c06e5dd-a0b3-4603-b758-6d2f85e722f1","id_ban_odonyme_gauche":"5c06e5dd-a0b3-4603-b758-6d2f85e722f1"}},{"type":"Feature","id":"troncon_de_route.45035","geometry":{"type":"LineString","coordinates":[[2.26009476,48.83329874,31.1],[2.25949989,48.83336161,31.2],[2.25924471,48.83339151,32.1],[2.25917209,48.83342074,32.4],[2.25910329,48.83346888,32.7],[2.25906184,48.8335091,32.8],[2.25904497,48.83354587,32.9],[2.25904587,48.83357825,33],[2.25906296,48.83362243,33.2]]},"geometry_name":"geometrie","properties":{"cleabs":"TRONROUT0000000000531695","nature":"Route à 2 chaussées","nom_collaboratif_gauche":"AV LA VOIE LACTEE","nom_collaboratif_droite":"AV LA VOIE LACTEE","importance":"5","fictif":false,"position_par_rapport_au_sol":"0","etat_de_l_objet":"En service","date_creation":"2006-05-22T11:39:36.546Z","date_modification":"2025-12-31T20:07:17.478Z","date_d_apparition":null,"date_de_confirmation":null,"sources":null,"identifiants_sources":null,"methode_d_acquisition_planimetrique":"Calculé","precision_planimetrique":20,"methode_d_acquisition_altimetrique":"Z corrigé","precision_altimetrique":2.5,"nombre_de_voies":1,"largeur_de_chaussee":3,"itineraire_vert":false,"prive":false,"sens_de_circulation":"Sens inverse","reserve_aux_bus":null,"urbain":true,"vitesse_moyenne_vl":20,"acces_vehicule_leger":"Libre","acces_pieton":null,"periode_de_fermeture":null,"nature_de_la_restriction":null,"restriction_de_hauteur":null,"restriction_de_poids_total":null,"restriction_de_poids_par_essieu":null,"restriction_de_largeur":null,"restriction_de_longueur":null,"matieres_dangereuses_interdites":false,"borne_debut_gauche":"53","borne_debut_droite":null,"borne_fin_gauche":"59","borne_fin_droite":null,"insee_commune_gauche":"92012","insee_commune_droite":"92012","alias_gauche":null,"alias_droit":null,"date_de_mise_en_service":null,"liens_vers_route_nommee":null,"liens_vers_itineraire_autre":null,"cpx_numero":null,"cpx_numero_route_europeenne":null,"cpx_classement_administratif":null,"cpx_gestionnaire":null,"cpx_toponyme_route_nommee":null,"cpx_toponyme_itineraire_cyclable":null,"cpx_toponyme_voie_verte":null,"cpx_nature_itineraire_autre":null,"cpx_toponyme_itineraire_autre":null,"delestage":null,"source_voie_ban_gauche":"commune","source_voie_ban_droite":"commune","nom_voie_ban_gauche":"Avenue la Voie Lactée","nom_voie_ban_droite":"Avenue la Voie Lactée","lieux_dits_ban_gauche":null,"lieux_dits_ban_droite":null,"identifiant_voie_ban_gauche":"92012_9673","identifiant_voie_ban_droite":"92012_9673","sens_amenagement_cyclable_gauche":null,"sens_amenagement_cyclable_droit":null,"amenagement_cyclable_gauche":null,"amenagement_cyclable_droit":null,"aire_de_retournement_dfci":null,"gabarit_dfci":null,"impasse_dfci":null,"nature_detaillee_dfci":null,"ouvrage_d_art_limitant_dfci":null,"pente_maximale_dfci":null,"piste_dfci":null,"piste_dfci_debroussaillee":null,"piste_dfci_fosses":null,"sens_de_circulation_dfci":null,"tout_terrain_dfci":null,"vitesse_moyenne_dfci":null,"zone_de_croisement_dfci":null,"categorie_dfci":null,"vitesse_collaborative":null,"id_ban_odonyme_droite":"5c06e5dd-a0b3-4603-b758-6d2f85e722f1","id_ban_odonyme_gauche":"5c06e5dd-a0b3-4603-b758-6d2f85e722f1"}},{"type":"Feature","id":"troncon_de_route.11584765","geometry":{"type":"LineString","coordinates":[[2.26286964,48.83071127,26.9],[2.2632531,48.83056793,30.3],[2.26497123,48.83238176,33]]},"geometry_name":"geometrie","properties":{"cleabs":"TRONROUT0000000105310394","nature":"Route à 1 chaussée","nom_collaboratif_gauche":null,"nom_collaboratif_droite":null,"importance":"5","fictif":false,"position_par_rapport_au_sol":"0","etat_de_l_objet":"En service","date_creation":"2007-11-13T06:07:28.121Z","date_modification":"2023-09-21T08:16:01.974Z","date_d_apparition":null,"date_de_confirmation":null,"sources":null,"identifiants_sources":null,"methode_d_acquisition_planimetrique":"Plan non métrique papier","precision_planimetrique":5,"methode_d_acquisition_altimetrique":"Z corrigé","precision_altimetrique":2.5,"nombre_de_voies":2,"largeur_de_chaussee":4,"itineraire_vert":false,"prive":false,"sens_de_circulation":"Double sens","reserve_aux_bus":null,"urbain":true,"vitesse_moyenne_vl":0,"acces_vehicule_leger":"Restreint aux ayants droit","acces_pieton":null,"periode_de_fermeture":null,"nature_de_la_restriction":null,"restriction_de_hauteur":null,"restriction_de_poids_total":null,"restriction_de_poids_par_essieu":null,"restriction_de_largeur":null,"restriction_de_longueur":null,"matieres_dangereuses_interdites":false,"borne_debut_gauche":null,"borne_debut_droite":null,"borne_fin_gauche":null,"borne_fin_droite":null,"insee_commune_gauche":"92040","insee_commune_droite":"92040","alias_gauche":null,"alias_droit":null,"date_de_mise_en_service":null,"liens_vers_route_nommee":null,"liens_vers_itineraire_autre":null,"cpx_numero":null,"cpx_numero_route_europeenne":null,"cpx_classement_administratif":null,"cpx_gestionnaire":null,"cpx_toponyme_route_nommee":null,"cpx_toponyme_itineraire_cyclable":null,"cpx_toponyme_voie_verte":null,"cpx_nature_itineraire_autre":null,"cpx_toponyme_itineraire_autre":null,"delestage":null,"source_voie_ban_gauche":null,"source_voie_ban_droite":null,"nom_voie_ban_gauche":null,"nom_voie_ban_droite":null,"lieux_dits_ban_gauche":null,"lieux_dits_ban_droite":null,"identifiant_voie_ban_gauche":null,"identifiant_voie_ban_droite":null,"sens_amenagement_cyclable_gauche":null,"sens_amenagement_cyclable_droit":null,"amenagement_cyclable_gauche":null,"amenagement_cyclable_droit":null,"aire_de_retournement_dfci":null,"gabarit_dfci":null,"impasse_dfci":null,"nature_detaillee_dfci":null,"ouvrage_d_art_limitant_dfci":null,"pente_maximale_dfci":null,"piste_dfci":null,"piste_dfci_debroussaillee":null,"piste_dfci_fosses":null,"sens_de_circulation_dfci":null,"tout_terrain_dfci":null,"vitesse_moyenne_dfci":null,"zone_de_croisement_dfci":null,"categorie_dfci":null,"vitesse_collaborative":null,"id_ban_odonyme_droite":null,"id_ban_odonyme_gauche":null}},{"type":"Feature","id":"troncon_de_route.13958796","geometry":{"type":"LineString","coordinates":[[2.2614949,48.83428412,30.9],[2.26148315,48.83424807,30.8],[2.26132057,48.83408878,30.7]]},"geometry_name":"geometrie","properties":{"cleabs":"TRONROUT0000000244024372","nature":"Route à 2 chaussées","nom_collaboratif_gauche":"QU SAINT-EXUPERY","nom_collaboratif_droite":"QU SAINT-EXUPERY","importance":"2","fictif":false,"position_par_rapport_au_sol":"0","etat_de_l_objet":"En service","date_creation":"2010-09-27T08:55:37.819Z","date_modification":"2024-12-14T03:37:38.607Z","date_d_apparition":null,"date_de_confirmation":null,"sources":null,"identifiants_sources":null,"methode_d_acquisition_planimetrique":"BDTopo","precision_planimetrique":2.5,"methode_d_acquisition_altimetrique":"BDTopo","precision_altimetrique":1.5,"nombre_de_voies":1,"largeur_de_chaussee":3,"itineraire_vert":true,"prive":false,"sens_de_circulation":"Sens direct","reserve_aux_bus":null,"urbain":true,"vitesse_moyenne_vl":35,"acces_vehicule_leger":"Libre","acces_pieton":null,"periode_de_fermeture":null,"nature_de_la_restriction":null,"restriction_de_hauteur":null,"restriction_de_poids_total":null,"restriction_de_poids_par_essieu":null,"restriction_de_largeur":null,"restriction_de_longueur":null,"matieres_dangereuses_interdites":false,"borne_debut_gauche":null,"borne_debut_droite":null,"borne_fin_gauche":null,"borne_fin_droite":null,"insee_commune_gauche":"75116","insee_commune_droite":"75116","alias_gauche":null,"alias_droit":null,"date_de_mise_en_service":null,"liens_vers_route_nommee":null,"liens_vers_itineraire_autre":null,"cpx_numero":null,"cpx_numero_route_europeenne":null,"cpx_classement_administratif":null,"cpx_gestionnaire":null,"cpx_toponyme_route_nommee":null,"cpx_toponyme_itineraire_cyclable":null,"cpx_toponyme_voie_verte":null,"cpx_nature_itineraire_autre":null,"cpx_toponyme_itineraire_autre":null,"delestage":null,"source_voie_ban_gauche":"commune","source_voie_ban_droite":"commune","nom_voie_ban_gauche":"Quai Saint-Exupéry","nom_voie_ban_droite":"Quai Saint-Exupéry","lieux_dits_ban_gauche":null,"lieux_dits_ban_droite":null,"identifiant_voie_ban_gauche":"75116_8600","identifiant_voie_ban_droite":"75116_8600","sens_amenagement_cyclable_gauche":null,"sens_amenagement_cyclable_droit":null,"amenagement_cyclable_gauche":null,"amenagement_cyclable_droit":null,"aire_de_retournement_dfci":null,"gabarit_dfci":null,"impasse_dfci":null,"nature_detaillee_dfci":null,"ouvrage_d_art_limitant_dfci":null,"pente_maximale_dfci":null,"piste_dfci":null,"piste_dfci_debroussaillee":null,"piste_dfci_fosses":null,"sens_de_circulation_dfci":null,"tout_terrain_dfci":null,"vitesse_moyenne_dfci":null,"zone_de_croisement_dfci":null,"categorie_dfci":null,"vitesse_collaborative":null,"id_ban_odonyme_droite":null,"id_ban_odonyme_gauche":null}},{"type":"Feature","id":"troncon_de_route.13958797","geometry":{"type":"LineString","coordinates":[[2.26119045,48.83404121,31.4],[2.26126189,48.83409561,31.5]]},"geometry_name":"geometrie","properties":{"cleabs":"TRONROUT0000000244024373","nature":"Route à 1 chaussée","nom_collaboratif_gauche":"QU POINT DU JOUR","nom_collaboratif_droite":"QU POINT DU JOUR","importance":"4","fictif":false,"position_par_rapport_au_sol":"0","etat_de_l_objet":"En service","date_creation":"2010-09-27T08:55:37.819Z","date_modification":"2023-09-24T08:24:57.760Z","date_d_apparition":null,"date_de_confirmation":null,"sources":null,"identifiants_sources":null,"methode_d_acquisition_planimetrique":"BDTopo","precision_planimetrique":2.5,"methode_d_acquisition_altimetrique":"BDTopo","precision_altimetrique":1.5,"nombre_de_voies":1,"largeur_de_chaussee":3,"itineraire_vert":false,"prive":false,"sens_de_circulation":"Sens inverse","reserve_aux_bus":null,"urbain":true,"vitesse_moyenne_vl":30,"acces_vehicule_leger":"Libre","acces_pieton":null,"periode_de_fermeture":null,"nature_de_la_restriction":null,"restriction_de_hauteur":null,"restriction_de_poids_total":null,"restriction_de_poids_par_essieu":null,"restriction_de_largeur":null,"restriction_de_longueur":null,"matieres_dangereuses_interdites":false,"borne_debut_gauche":null,"borne_debut_droite":null,"borne_fin_gauche":null,"borne_fin_droite":null,"insee_commune_gauche":"92012","insee_commune_droite":"92012","alias_gauche":null,"alias_droit":null,"date_de_mise_en_service":null,"liens_vers_route_nommee":null,"liens_vers_itineraire_autre":null,"cpx_numero":null,"cpx_numero_route_europeenne":null,"cpx_classement_administratif":null,"cpx_gestionnaire":null,"cpx_toponyme_route_nommee":null,"cpx_toponyme_itineraire_cyclable":null,"cpx_toponyme_voie_verte":null,"cpx_nature_itineraire_autre":null,"cpx_toponyme_itineraire_autre":null,"delestage":null,"source_voie_ban_gauche":"commune","source_voie_ban_droite":"commune","nom_voie_ban_gauche":"Quai du Point du Jour","nom_voie_ban_droite":"Quai du Point du Jour","lieux_dits_ban_gauche":"","lieux_dits_ban_droite":"","identifiant_voie_ban_gauche":"92012_7231","identifiant_voie_ban_droite":"92012_7231","sens_amenagement_cyclable_gauche":"Sens inverse","sens_amenagement_cyclable_droit":null,"amenagement_cyclable_gauche":"Bande cyclable","amenagement_cyclable_droit":null,"aire_de_retournement_dfci":null,"gabarit_dfci":null,"impasse_dfci":null,"nature_detaillee_dfci":null,"ouvrage_d_art_limitant_dfci":null,"pente_maximale_dfci":null,"piste_dfci":null,"piste_dfci_debroussaillee":null,"piste_dfci_fosses":null,"sens_de_circulation_dfci":null,"tout_terrain_dfci":null,"vitesse_moyenne_dfci":null,"zone_de_croisement_dfci":null,"categorie_dfci":null,"vitesse_collaborative":null,"id_ban_odonyme_droite":"f69b6cd8-c8f5-4316-b2ac-7d6bf4998eec","id_ban_odonyme_gauche":"f69b6cd8-c8f5-4316-b2ac-7d6bf4998eec"}},{"type":"Feature","id":"troncon_de_route.16505978","geometry":{"type":"LineString","coordinates":[[2.26136345,48.83471591,31.9],[2.26146361,48.83466616,31.6],[2.2615605,48.83465417,31.5],[2.26160972,48.83464188,31.4],[2.26165088,48.83462145,31.3],[2.26167984,48.83459735,31.2],[2.26169532,48.83456237,31],[2.26171263,48.83449412,30.9]]},"geometry_name":"geometrie","properties":{"cleabs":"TRONROUT0000000357552948","nature":"Route à 1 chaussée","nom_collaboratif_gauche":null,"nom_collaboratif_droite":null,"importance":"2","fictif":false,"position_par_rapport_au_sol":"0","etat_de_l_objet":"En service","date_creation":"2016-05-30T12:39:02.947Z","date_modification":"2023-09-21T08:16:01.974Z","date_d_apparition":null,"date_de_confirmation":null,"sources":null,"identifiants_sources":null,"methode_d_acquisition_planimetrique":"Orthophotographie","precision_planimetrique":3,"methode_d_acquisition_altimetrique":"Z corrigé","precision_altimetrique":2.5,"nombre_de_voies":1,"largeur_de_chaussee":3,"itineraire_vert":false,"prive":false,"sens_de_circulation":"Sens direct","reserve_aux_bus":null,"urbain":true,"vitesse_moyenne_vl":25,"acces_vehicule_leger":"Libre","acces_pieton":null,"periode_de_fermeture":null,"nature_de_la_restriction":null,"restriction_de_hauteur":null,"restriction_de_poids_total":null,"restriction_de_poids_par_essieu":null,"restriction_de_largeur":null,"restriction_de_longueur":null,"matieres_dangereuses_interdites":false,"borne_debut_gauche":null,"borne_debut_droite":null,"borne_fin_gauche":null,"borne_fin_droite":null,"insee_commune_gauche":"75116","insee_commune_droite":"75116","alias_gauche":null,"alias_droit":null,"date_de_mise_en_service":null,"liens_vers_route_nommee":null,"liens_vers_itineraire_autre":null,"cpx_numero":null,"cpx_numero_route_europeenne":null,"cpx_classement_administratif":null,"cpx_gestionnaire":null,"cpx_toponyme_route_nommee":null,"cpx_toponyme_itineraire_cyclable":null,"cpx_toponyme_voie_verte":null,"cpx_nature_itineraire_autre":null,"cpx_toponyme_itineraire_autre":null,"delestage":null,"source_voie_ban_gauche":null,"source_voie_ban_droite":null,"nom_voie_ban_gauche":null,"nom_voie_ban_droite":null,"lieux_dits_ban_gauche":null,"lieux_dits_ban_droite":null,"identifiant_voie_ban_gauche":null,"identifiant_voie_ban_droite":null,"sens_amenagement_cyclable_gauche":null,"sens_amenagement_cyclable_droit":null,"amenagement_cyclable_gauche":null,"amenagement_cyclable_droit":null,"aire_de_retournement_dfci":null,"gabarit_dfci":null,"impasse_dfci":null,"nature_detaillee_dfci":null,"ouvrage_d_art_limitant_dfci":null,"pente_maximale_dfci":null,"piste_dfci":null,"piste_dfci_debroussaillee":null,"piste_dfci_fosses":null,"sens_de_circulation_dfci":null,"tout_terrain_dfci":null,"vitesse_moyenne_dfci":null,"zone_de_croisement_dfci":null,"categorie_dfci":null,"vitesse_collaborative":null,"id_ban_odonyme_droite":null,"id_ban_odonyme_gauche":null}},{"type":"Feature","id":"troncon_de_route.16975287","geometry":{"type":"LineString","coordinates":[[2.26127111,48.83565609,34.4],[2.26141485,48.83560751,34.6],[2.26149563,48.83557923,34.6],[2.26156265,48.83556076,34.6]]},"geometry_name":"geometrie","properties":{"cleabs":"TRONROUT0000002004467293","nature":"Route à 1 chaussée","nom_collaboratif_gauche":"R DE LA PETITE ARCHE","nom_collaboratif_droite":"R DE LA PETITE ARCHE","importance":"5","fictif":false,"position_par_rapport_au_sol":"0","etat_de_l_objet":"En service","date_creation":"2017-06-28T16:40:05.095Z","date_modification":"2025-12-21T12:45:40.734Z","date_d_apparition":null,"date_de_confirmation":null,"sources":null,"identifiants_sources":null,"methode_d_acquisition_planimetrique":"BDTopo","precision_planimetrique":2.5,"methode_d_acquisition_altimetrique":"BDTopo","precision_altimetrique":1.5,"nombre_de_voies":2,"largeur_de_chaussee":4,"itineraire_vert":false,"prive":false,"sens_de_circulation":"Sens inverse","reserve_aux_bus":null,"urbain":true,"vitesse_moyenne_vl":20,"acces_vehicule_leger":"Libre","acces_pieton":null,"periode_de_fermeture":null,"nature_de_la_restriction":null,"restriction_de_hauteur":null,"restriction_de_poids_total":null,"restriction_de_poids_par_essieu":null,"restriction_de_largeur":null,"restriction_de_longueur":null,"matieres_dangereuses_interdites":false,"borne_debut_gauche":"8","borne_debut_droite":"3","borne_fin_gauche":"8","borne_fin_droite":"1","insee_commune_gauche":"75116","insee_commune_droite":"75116","alias_gauche":null,"alias_droit":null,"date_de_mise_en_service":null,"liens_vers_route_nommee":null,"liens_vers_itineraire_autre":null,"cpx_numero":null,"cpx_numero_route_europeenne":null,"cpx_classement_administratif":null,"cpx_gestionnaire":null,"cpx_toponyme_route_nommee":null,"cpx_toponyme_itineraire_cyclable":null,"cpx_toponyme_voie_verte":null,"cpx_nature_itineraire_autre":null,"cpx_toponyme_itineraire_autre":null,"delestage":null,"source_voie_ban_gauche":"commune","source_voie_ban_droite":"commune","nom_voie_ban_gauche":"Rue de la Petite Arche","nom_voie_ban_droite":"Rue de la Petite Arche","lieux_dits_ban_gauche":null,"lieux_dits_ban_droite":null,"identifiant_voie_ban_gauche":"75116_7322","identifiant_voie_ban_droite":"75116_7322","sens_amenagement_cyclable_gauche":null,"sens_amenagement_cyclable_droit":null,"amenagement_cyclable_gauche":null,"amenagement_cyclable_droit":null,"aire_de_retournement_dfci":null,"gabarit_dfci":null,"impasse_dfci":null,"nature_detaillee_dfci":null,"ouvrage_d_art_limitant_dfci":null,"pente_maximale_dfci":null,"piste_dfci":null,"piste_dfci_debroussaillee":null,"piste_dfci_fosses":null,"sens_de_circulation_dfci":null,"tout_terrain_dfci":null,"vitesse_moyenne_dfci":null,"zone_de_croisement_dfci":null,"categorie_dfci":null,"vitesse_collaborative":null,"id_ban_odonyme_droite":null,"id_ban_odonyme_gauche":null}},{"type":"Feature","id":"troncon_de_route.18453487","geometry":{"type":"LineString","coordinates":[[2.26763553,48.83657841,33.1],[2.26783149,48.8368854,33.7],[2.26825106,48.83737453,34.1],[2.26865615,48.83792563,33.8],[2.26892045,48.83831577,33.1],[2.26917637,48.83862312,32.3],[2.26929047,48.83874523,31.8],[2.2694005,48.83886552,32.6]]},"geometry_name":"geometrie","properties":{"cleabs":"TRONROUT0000002276050879","nature":"Route à 2 chaussées","nom_collaboratif_gauche":"QU D'ISSY-LES-MOULINEAUX","nom_collaboratif_droite":"QU D'ISSY-LES-MOULINEAUX","importance":"3","fictif":false,"position_par_rapport_au_sol":"0","etat_de_l_objet":"En service","date_creation":"2022-02-09T15:33:12.118Z","date_modification":"2026-02-14T14:17:27.799Z","date_d_apparition":null,"date_de_confirmation":null,"sources":null,"identifiants_sources":null,"methode_d_acquisition_planimetrique":"BDTopo","precision_planimetrique":2.5,"methode_d_acquisition_altimetrique":"BDTopo","precision_altimetrique":1.5,"nombre_de_voies":2,"largeur_de_chaussee":7,"itineraire_vert":false,"prive":false,"sens_de_circulation":"Sens inverse","reserve_aux_bus":null,"urbain":true,"vitesse_moyenne_vl":45,"acces_vehicule_leger":"Libre","acces_pieton":null,"periode_de_fermeture":null,"nature_de_la_restriction":null,"restriction_de_hauteur":null,"restriction_de_poids_total":null,"restriction_de_poids_par_essieu":null,"restriction_de_largeur":null,"restriction_de_longueur":null,"matieres_dangereuses_interdites":false,"borne_debut_gauche":"20","borne_debut_droite":null,"borne_fin_gauche":"2","borne_fin_droite":null,"insee_commune_gauche":"75115","insee_commune_droite":"75115","alias_gauche":null,"alias_droit":null,"date_de_mise_en_service":null,"liens_vers_route_nommee":null,"liens_vers_itineraire_autre":null,"cpx_numero":null,"cpx_numero_route_europeenne":null,"cpx_classement_administratif":null,"cpx_gestionnaire":null,"cpx_toponyme_route_nommee":null,"cpx_toponyme_itineraire_cyclable":null,"cpx_toponyme_voie_verte":null,"cpx_nature_itineraire_autre":null,"cpx_toponyme_itineraire_autre":null,"delestage":null,"source_voie_ban_gauche":"commune","source_voie_ban_droite":"commune","nom_voie_ban_gauche":"Quai d'Issy-Les-Moulineaux","nom_voie_ban_droite":"Quai d'Issy-Les-Moulineaux","lieux_dits_ban_gauche":null,"lieux_dits_ban_droite":null,"identifiant_voie_ban_gauche":"75115_4750","identifiant_voie_ban_droite":"75115_4750","sens_amenagement_cyclable_gauche":null,"sens_amenagement_cyclable_droit":null,"amenagement_cyclable_gauche":null,"amenagement_cyclable_droit":null,"aire_de_retournement_dfci":null,"gabarit_dfci":null,"impasse_dfci":null,"nature_detaillee_dfci":null,"ouvrage_d_art_limitant_dfci":null,"pente_maximale_dfci":null,"piste_dfci":null,"piste_dfci_debroussaillee":null,"piste_dfci_fosses":null,"sens_de_circulation_dfci":null,"tout_terrain_dfci":null,"vitesse_moyenne_dfci":null,"zone_de_croisement_dfci":null,"categorie_dfci":null,"vitesse_collaborative":null,"id_ban_odonyme_droite":null,"id_ban_odonyme_gauche":null}},{"type":"Feature","id":"troncon_de_route.18453490","geometry":{"type":"LineString","coordinates":[[2.26695742,48.83587365,-1000],[2.26717222,48.83600267,-1000],[2.26735154,48.83613688,-1000],[2.26749035,48.83624475,-1000],[2.26755334,48.83631889,-1000],[2.26764673,48.83645976,-1000],[2.26775421,48.83656745,-1000]]},"geometry_name":"geometrie","properties":{"cleabs":"TRONROUT0000002276050882","nature":"Route à 1 chaussée","nom_collaboratif_gauche":null,"nom_collaboratif_droite":null,"importance":"6","fictif":false,"position_par_rapport_au_sol":"0","etat_de_l_objet":"En service","date_creation":"2022-02-09T15:33:12.118Z","date_modification":"2025-03-21T07:23:14.909Z","date_d_apparition":null,"date_de_confirmation":null,"sources":null,"identifiants_sources":null,"methode_d_acquisition_planimetrique":"Orthophotographie","precision_planimetrique":3,"methode_d_acquisition_altimetrique":"Pas de Z","precision_altimetrique":9999,"nombre_de_voies":null,"largeur_de_chaussee":null,"itineraire_vert":false,"prive":false,"sens_de_circulation":"Double sens","reserve_aux_bus":null,"urbain":true,"vitesse_moyenne_vl":0,"acces_vehicule_leger":"Physiquement impossible","acces_pieton":"Libre","periode_de_fermeture":null,"nature_de_la_restriction":"Piste cyclable","restriction_de_hauteur":null,"restriction_de_poids_total":null,"restriction_de_poids_par_essieu":null,"restriction_de_largeur":null,"restriction_de_longueur":null,"matieres_dangereuses_interdites":null,"borne_debut_gauche":null,"borne_debut_droite":null,"borne_fin_gauche":null,"borne_fin_droite":null,"insee_commune_gauche":"75115","insee_commune_droite":"75115","alias_gauche":null,"alias_droit":null,"date_de_mise_en_service":null,"liens_vers_route_nommee":null,"liens_vers_itineraire_autre":null,"cpx_numero":null,"cpx_numero_route_europeenne":null,"cpx_classement_administratif":null,"cpx_gestionnaire":null,"cpx_toponyme_route_nommee":null,"cpx_toponyme_itineraire_cyclable":null,"cpx_toponyme_voie_verte":null,"cpx_nature_itineraire_autre":null,"cpx_toponyme_itineraire_autre":null,"delestage":null,"source_voie_ban_gauche":null,"source_voie_ban_droite":null,"nom_voie_ban_gauche":null,"nom_voie_ban_droite":null,"lieux_dits_ban_gauche":null,"lieux_dits_ban_droite":null,"identifiant_voie_ban_gauche":null,"identifiant_voie_ban_droite":null,"sens_amenagement_cyclable_gauche":null,"sens_amenagement_cyclable_droit":null,"amenagement_cyclable_gauche":null,"amenagement_cyclable_droit":null,"aire_de_retournement_dfci":null,"gabarit_dfci":null,"impasse_dfci":null,"nature_detaillee_dfci":null,"ouvrage_d_art_limitant_dfci":null,"pente_maximale_dfci":null,"piste_dfci":null,"piste_dfci_debroussaillee":null,"piste_dfci_fosses":null,"sens_de_circulation_dfci":null,"tout_terrain_dfci":null,"vitesse_moyenne_dfci":null,"zone_de_croisement_dfci":null,"categorie_dfci":null,"vitesse_collaborative":null,"id_ban_odonyme_droite":null,"id_ban_odonyme_gauche":null}},{"type":"Feature","id":"troncon_de_route.13788689","geometry":{"type":"LineString","coordinates":[[2.2610813,48.83501366,37.7],[2.26117675,48.83500795,38]]},"geometry_name":"geometrie","properties":{"cleabs":"TRONROUT0000000230137139","nature":"Type autoroutier","nom_collaboratif_gauche":null,"nom_collaboratif_droite":null,"importance":"1","fictif":false,"position_par_rapport_au_sol":"0","etat_de_l_objet":"En service","date_creation":"2010-03-30T13:03:10.373Z","date_modification":"2025-10-31T20:07:08.035Z","date_d_apparition":null,"date_de_confirmation":null,"sources":null,"identifiants_sources":null,"methode_d_acquisition_planimetrique":"Calculé","precision_planimetrique":20,"methode_d_acquisition_altimetrique":"Z corrigé","precision_altimetrique":2.5,"nombre_de_voies":4,"largeur_de_chaussee":14,"itineraire_vert":true,"prive":false,"sens_de_circulation":"Sens direct","reserve_aux_bus":null,"urbain":true,"vitesse_moyenne_vl":95,"acces_vehicule_leger":"Libre","acces_pieton":null,"periode_de_fermeture":null,"nature_de_la_restriction":null,"restriction_de_hauteur":null,"restriction_de_poids_total":null,"restriction_de_poids_par_essieu":null,"restriction_de_largeur":null,"restriction_de_longueur":null,"matieres_dangereuses_interdites":false,"borne_debut_gauche":null,"borne_debut_droite":null,"borne_fin_gauche":null,"borne_fin_droite":null,"insee_commune_gauche":"75116","insee_commune_droite":"75116","alias_gauche":null,"alias_droit":null,"date_de_mise_en_service":null,"liens_vers_route_nommee":"ROUTNOMM0000000000208366","liens_vers_itineraire_autre":null,"cpx_numero":null,"cpx_numero_route_europeenne":null,"cpx_classement_administratif":"Route nommée","cpx_gestionnaire":null,"cpx_toponyme_route_nommee":"Boulevard Périphérique Extérieur","cpx_toponyme_itineraire_cyclable":null,"cpx_toponyme_voie_verte":null,"cpx_nature_itineraire_autre":null,"cpx_toponyme_itineraire_autre":null,"delestage":null,"source_voie_ban_gauche":null,"source_voie_ban_droite":null,"nom_voie_ban_gauche":null,"nom_voie_ban_droite":null,"lieux_dits_ban_gauche":null,"lieux_dits_ban_droite":null,"identifiant_voie_ban_gauche":null,"identifiant_voie_ban_droite":null,"sens_amenagement_cyclable_gauche":null,"sens_amenagement_cyclable_droit":null,"amenagement_cyclable_gauche":null,"amenagement_cyclable_droit":null,"aire_de_retournement_dfci":null,"gabarit_dfci":null,"impasse_dfci":null,"nature_detaillee_dfci":null,"ouvrage_d_art_limitant_dfci":null,"pente_maximale_dfci":null,"piste_dfci":null,"piste_dfci_debroussaillee":null,"piste_dfci_fosses":null,"sens_de_circulation_dfci":null,"tout_terrain_dfci":null,"vitesse_moyenne_dfci":null,"zone_de_croisement_dfci":null,"categorie_dfci":null,"vitesse_collaborative":null,"id_ban_odonyme_droite":null,"id_ban_odonyme_gauche":null}},{"type":"Feature","id":"troncon_de_route.15743574","geometry":{"type":"LineString","coordinates":[[2.26548029,48.83802039,32.3],[2.26530156,48.83803818,31.8],[2.26489957,48.83765617,31.8],[2.26434446,48.83711943,31.8],[2.26398169,48.83675924,31.8],[2.26395062,48.83674017,31.8],[2.26391544,48.83672286,31.8],[2.26380027,48.83667808,31.8],[2.26378948,48.83666992,31.8],[2.26376413,48.83663199,31.8]]},"geometry_name":"geometrie","properties":{"cleabs":"TRONROUT0000000338088132","nature":"Route à 1 chaussée","nom_collaboratif_gauche":null,"nom_collaboratif_droite":null,"importance":"6","fictif":false,"position_par_rapport_au_sol":"0","etat_de_l_objet":"En service","date_creation":"2014-09-11T16:31:09.805Z","date_modification":"2025-03-21T07:23:14.909Z","date_d_apparition":null,"date_de_confirmation":null,"sources":null,"identifiants_sources":null,"methode_d_acquisition_planimetrique":"Fichier numérique non métrique","precision_planimetrique":5,"methode_d_acquisition_altimetrique":"Z corrigé","precision_altimetrique":2.5,"nombre_de_voies":null,"largeur_de_chaussee":null,"itineraire_vert":false,"prive":false,"sens_de_circulation":"Double sens","reserve_aux_bus":null,"urbain":true,"vitesse_moyenne_vl":0,"acces_vehicule_leger":"Physiquement impossible","acces_pieton":null,"periode_de_fermeture":null,"nature_de_la_restriction":"Piste cyclable","restriction_de_hauteur":null,"restriction_de_poids_total":null,"restriction_de_poids_par_essieu":null,"restriction_de_largeur":null,"restriction_de_longueur":null,"matieres_dangereuses_interdites":false,"borne_debut_gauche":null,"borne_debut_droite":null,"borne_fin_gauche":null,"borne_fin_droite":null,"insee_commune_gauche":"75116","insee_commune_droite":"75116","alias_gauche":null,"alias_droit":null,"date_de_mise_en_service":null,"liens_vers_route_nommee":null,"liens_vers_itineraire_autre":null,"cpx_numero":null,"cpx_numero_route_europeenne":null,"cpx_classement_administratif":null,"cpx_gestionnaire":null,"cpx_toponyme_route_nommee":null,"cpx_toponyme_itineraire_cyclable":null,"cpx_toponyme_voie_verte":null,"cpx_nature_itineraire_autre":null,"cpx_toponyme_itineraire_autre":null,"delestage":null,"source_voie_ban_gauche":null,"source_voie_ban_droite":null,"nom_voie_ban_gauche":null,"nom_voie_ban_droite":null,"lieux_dits_ban_gauche":null,"lieux_dits_ban_droite":null,"identifiant_voie_ban_gauche":null,"identifiant_voie_ban_droite":null,"sens_amenagement_cyclable_gauche":null,"sens_amenagement_cyclable_droit":null,"amenagement_cyclable_gauche":null,"amenagement_cyclable_droit":null,"aire_de_retournement_dfci":null,"gabarit_dfci":null,"impasse_dfci":null,"nature_detaillee_dfci":null,"ouvrage_d_art_limitant_dfci":null,"pente_maximale_dfci":null,"piste_dfci":null,"piste_dfci_debroussaillee":null,"piste_dfci_fosses":null,"sens_de_circulation_dfci":null,"tout_terrain_dfci":null,"vitesse_moyenne_dfci":null,"zone_de_croisement_dfci":null,"categorie_dfci":null,"vitesse_collaborative":null,"id_ban_odonyme_droite":null,"id_ban_odonyme_gauche":null}},{"type":"Feature","id":"troncon_de_route.15889031","geometry":{"type":"LineString","coordinates":[[2.26701854,48.83375509,30.9],[2.26705088,48.8335871,31.2]]},"geometry_name":"geometrie","properties":{"cleabs":"TRONROUT0000000343048021","nature":"Route à 1 chaussée","nom_collaboratif_gauche":"BD GALLIENI","nom_collaboratif_droite":"BD GALLIENI","importance":"3","fictif":false,"position_par_rapport_au_sol":"0","etat_de_l_objet":"En service","date_creation":"2015-01-19T11:20:59.945Z","date_modification":"2023-09-24T08:24:57.760Z","date_d_apparition":null,"date_de_confirmation":null,"sources":null,"identifiants_sources":null,"methode_d_acquisition_planimetrique":"BDTopo","precision_planimetrique":2.5,"methode_d_acquisition_altimetrique":"BDTopo","precision_altimetrique":1.5,"nombre_de_voies":3,"largeur_de_chaussee":8,"itineraire_vert":false,"prive":false,"sens_de_circulation":"Double sens","reserve_aux_bus":null,"urbain":true,"vitesse_moyenne_vl":25,"acces_vehicule_leger":"Libre","acces_pieton":null,"periode_de_fermeture":null,"nature_de_la_restriction":null,"restriction_de_hauteur":null,"restriction_de_poids_total":null,"restriction_de_poids_par_essieu":null,"restriction_de_largeur":null,"restriction_de_longueur":null,"matieres_dangereuses_interdites":false,"borne_debut_gauche":null,"borne_debut_droite":null,"borne_fin_gauche":null,"borne_fin_droite":null,"insee_commune_gauche":"92040","insee_commune_droite":"92040","alias_gauche":null,"alias_droit":null,"date_de_mise_en_service":null,"liens_vers_route_nommee":"ROUTNOMM0000000000552076","liens_vers_itineraire_autre":null,"cpx_numero":"D69","cpx_numero_route_europeenne":null,"cpx_classement_administratif":"Départementale","cpx_gestionnaire":"Hauts-de-Seine","cpx_toponyme_route_nommee":null,"cpx_toponyme_itineraire_cyclable":null,"cpx_toponyme_voie_verte":null,"cpx_nature_itineraire_autre":null,"cpx_toponyme_itineraire_autre":null,"delestage":null,"source_voie_ban_gauche":"commune","source_voie_ban_droite":"commune","nom_voie_ban_gauche":"Boulevard Gallieni","nom_voie_ban_droite":"Boulevard Gallieni","lieux_dits_ban_gauche":"","lieux_dits_ban_droite":"","identifiant_voie_ban_gauche":"92040_4115","identifiant_voie_ban_droite":"92040_4115","sens_amenagement_cyclable_gauche":null,"sens_amenagement_cyclable_droit":null,"amenagement_cyclable_gauche":null,"amenagement_cyclable_droit":null,"aire_de_retournement_dfci":null,"gabarit_dfci":null,"impasse_dfci":null,"nature_detaillee_dfci":null,"ouvrage_d_art_limitant_dfci":null,"pente_maximale_dfci":null,"piste_dfci":null,"piste_dfci_debroussaillee":null,"piste_dfci_fosses":null,"sens_de_circulation_dfci":null,"tout_terrain_dfci":null,"vitesse_moyenne_dfci":null,"zone_de_croisement_dfci":null,"categorie_dfci":null,"vitesse_collaborative":null,"id_ban_odonyme_droite":"d7ed679a-6aca-4832-a582-228de075fa95","id_ban_odonyme_gauche":"d7ed679a-6aca-4832-a582-228de075fa95"}},{"type":"Feature","id":"troncon_de_route.16497384","geometry":{"type":"LineString","coordinates":[[2.26730221,48.83499347,43.8],[2.26713227,48.83496814,43.5],[2.26696224,48.83494912,43.4],[2.2667418,48.83493068,43.2],[2.26639877,48.83490969,43.2],[2.26614006,48.8349,43.8],[2.26589896,48.83489673,43.1],[2.26566186,48.83490067,42.6],[2.26533195,48.83491573,42.4],[2.26504969,48.83493288,42.4],[2.26396702,48.83499997,42.7]]},"geometry_name":"geometrie","properties":{"cleabs":"TRONROUT0000000357502530","nature":"Type autoroutier","nom_collaboratif_gauche":null,"nom_collaboratif_droite":null,"importance":"1","fictif":false,"position_par_rapport_au_sol":"1","etat_de_l_objet":"En service","date_creation":"2016-05-25T10:08:51.282Z","date_modification":"2025-10-31T20:07:08.035Z","date_d_apparition":null,"date_de_confirmation":null,"sources":null,"identifiants_sources":null,"methode_d_acquisition_planimetrique":"Orthophotographie","precision_planimetrique":3,"methode_d_acquisition_altimetrique":"Z corrigé","precision_altimetrique":2.5,"nombre_de_voies":4,"largeur_de_chaussee":14,"itineraire_vert":true,"prive":false,"sens_de_circulation":"Sens direct","reserve_aux_bus":null,"urbain":true,"vitesse_moyenne_vl":95,"acces_vehicule_leger":"Libre","acces_pieton":null,"periode_de_fermeture":null,"nature_de_la_restriction":null,"restriction_de_hauteur":null,"restriction_de_poids_total":null,"restriction_de_poids_par_essieu":null,"restriction_de_largeur":null,"restriction_de_longueur":null,"matieres_dangereuses_interdites":false,"borne_debut_gauche":null,"borne_debut_droite":null,"borne_fin_gauche":null,"borne_fin_droite":null,"insee_commune_gauche":"75115","insee_commune_droite":"75115","alias_gauche":null,"alias_droit":null,"date_de_mise_en_service":null,"liens_vers_route_nommee":"ROUTNOMM0000000257416243","liens_vers_itineraire_autre":null,"cpx_numero":null,"cpx_numero_route_europeenne":null,"cpx_classement_administratif":"Route nommée","cpx_gestionnaire":null,"cpx_toponyme_route_nommee":"Boulevard Périphérique Intérieur","cpx_toponyme_itineraire_cyclable":null,"cpx_toponyme_voie_verte":null,"cpx_nature_itineraire_autre":null,"cpx_toponyme_itineraire_autre":null,"delestage":null,"source_voie_ban_gauche":null,"source_voie_ban_droite":null,"nom_voie_ban_gauche":null,"nom_voie_ban_droite":null,"lieux_dits_ban_gauche":null,"lieux_dits_ban_droite":null,"identifiant_voie_ban_gauche":null,"identifiant_voie_ban_droite":null,"sens_amenagement_cyclable_gauche":null,"sens_amenagement_cyclable_droit":null,"amenagement_cyclable_gauche":null,"amenagement_cyclable_droit":null,"aire_de_retournement_dfci":null,"gabarit_dfci":null,"impasse_dfci":null,"nature_detaillee_dfci":null,"ouvrage_d_art_limitant_dfci":null,"pente_maximale_dfci":null,"piste_dfci":null,"piste_dfci_debroussaillee":null,"piste_dfci_fosses":null,"sens_de_circulation_dfci":null,"tout_terrain_dfci":null,"vitesse_moyenne_dfci":null,"zone_de_croisement_dfci":null,"categorie_dfci":null,"vitesse_collaborative":null,"id_ban_odonyme_droite":null,"id_ban_odonyme_gauche":null}},{"type":"Feature","id":"troncon_de_route.16497410","geometry":{"type":"LineString","coordinates":[[2.26218913,48.8312449,33],[2.26238509,48.83145207,32.9],[2.26505044,48.83410726,31.7],[2.26517669,48.83423575,31.7],[2.26523041,48.83429004,31.7]]},"geometry_name":"geometrie","properties":{"cleabs":"TRONROUT0000000357502557","nature":"Route à 1 chaussée","nom_collaboratif_gauche":null,"nom_collaboratif_droite":null,"importance":"6","fictif":false,"position_par_rapport_au_sol":"0","etat_de_l_objet":"En service","date_creation":"2016-05-25T10:08:51.282Z","date_modification":"2025-03-21T07:23:14.909Z","date_d_apparition":null,"date_de_confirmation":null,"sources":null,"identifiants_sources":null,"methode_d_acquisition_planimetrique":"Orthophotographie","precision_planimetrique":3,"methode_d_acquisition_altimetrique":"Z corrigé","precision_altimetrique":2.5,"nombre_de_voies":null,"largeur_de_chaussee":null,"itineraire_vert":false,"prive":false,"sens_de_circulation":"Double sens","reserve_aux_bus":null,"urbain":true,"vitesse_moyenne_vl":0,"acces_vehicule_leger":"Physiquement impossible","acces_pieton":null,"periode_de_fermeture":null,"nature_de_la_restriction":"Piste cyclable","restriction_de_hauteur":null,"restriction_de_poids_total":null,"restriction_de_poids_par_essieu":null,"restriction_de_largeur":null,"restriction_de_longueur":null,"matieres_dangereuses_interdites":false,"borne_debut_gauche":null,"borne_debut_droite":null,"borne_fin_gauche":null,"borne_fin_droite":null,"insee_commune_gauche":null,"insee_commune_droite":null,"alias_gauche":null,"alias_droit":null,"date_de_mise_en_service":null,"liens_vers_route_nommee":null,"liens_vers_itineraire_autre":null,"cpx_numero":null,"cpx_numero_route_europeenne":null,"cpx_classement_administratif":null,"cpx_gestionnaire":null,"cpx_toponyme_route_nommee":null,"cpx_toponyme_itineraire_cyclable":null,"cpx_toponyme_voie_verte":null,"cpx_nature_itineraire_autre":null,"cpx_toponyme_itineraire_autre":null,"delestage":null,"source_voie_ban_gauche":null,"source_voie_ban_droite":null,"nom_voie_ban_gauche":null,"nom_voie_ban_droite":null,"lieux_dits_ban_gauche":null,"lieux_dits_ban_droite":null,"identifiant_voie_ban_gauche":null,"identifiant_voie_ban_droite":null,"sens_amenagement_cyclable_gauche":null,"sens_amenagement_cyclable_droit":null,"amenagement_cyclable_gauche":null,"amenagement_cyclable_droit":null,"aire_de_retournement_dfci":null,"gabarit_dfci":null,"impasse_dfci":null,"nature_detaillee_dfci":null,"ouvrage_d_art_limitant_dfci":null,"pente_maximale_dfci":null,"piste_dfci":null,"piste_dfci_debroussaillee":null,"piste_dfci_fosses":null,"sens_de_circulation_dfci":null,"tout_terrain_dfci":null,"vitesse_moyenne_dfci":null,"zone_de_croisement_dfci":null,"categorie_dfci":null,"vitesse_collaborative":null,"id_ban_odonyme_droite":null,"id_ban_odonyme_gauche":null}},{"type":"Feature","id":"troncon_de_route.16678610","geometry":{"type":"LineString","coordinates":[[2.26715823,48.83360665,30.8],[2.26720044,48.8336078,30.8],[2.26725102,48.83359552,30.7],[2.26729358,48.8335724,30.6],[2.26731966,48.83355817,30.6],[2.26764933,48.83326879,30.3]]},"geometry_name":"geometrie","properties":{"cleabs":"TRONROUT0000002000214311","nature":"Route à 1 chaussée","nom_collaboratif_gauche":"R BARA","nom_collaboratif_droite":"R BARA","importance":"5","fictif":false,"position_par_rapport_au_sol":"0","etat_de_l_objet":"En service","date_creation":"2016-10-21T09:02:02.548Z","date_modification":"2026-01-10T11:59:10.830Z","date_d_apparition":null,"date_de_confirmation":null,"sources":null,"identifiants_sources":null,"methode_d_acquisition_planimetrique":"BDTopo","precision_planimetrique":2.5,"methode_d_acquisition_altimetrique":"BDTopo","precision_altimetrique":1.5,"nombre_de_voies":2,"largeur_de_chaussee":4,"itineraire_vert":false,"prive":false,"sens_de_circulation":"Double sens","reserve_aux_bus":null,"urbain":true,"vitesse_moyenne_vl":20,"acces_vehicule_leger":"Libre","acces_pieton":null,"periode_de_fermeture":null,"nature_de_la_restriction":null,"restriction_de_hauteur":null,"restriction_de_poids_total":null,"restriction_de_poids_par_essieu":null,"restriction_de_largeur":null,"restriction_de_longueur":null,"matieres_dangereuses_interdites":false,"borne_debut_gauche":"21","borne_debut_droite":"14","borne_fin_gauche":"21B","borne_fin_droite":"14","insee_commune_gauche":"92040","insee_commune_droite":"92040","alias_gauche":null,"alias_droit":null,"date_de_mise_en_service":null,"liens_vers_route_nommee":null,"liens_vers_itineraire_autre":null,"cpx_numero":null,"cpx_numero_route_europeenne":null,"cpx_classement_administratif":null,"cpx_gestionnaire":null,"cpx_toponyme_route_nommee":null,"cpx_toponyme_itineraire_cyclable":null,"cpx_toponyme_voie_verte":null,"cpx_nature_itineraire_autre":null,"cpx_toponyme_itineraire_autre":null,"delestage":null,"source_voie_ban_gauche":"commune","source_voie_ban_droite":"commune","nom_voie_ban_gauche":"Rue Bara","nom_voie_ban_droite":"Rue Bara","lieux_dits_ban_gauche":null,"lieux_dits_ban_droite":null,"identifiant_voie_ban_gauche":"92040_0610","identifiant_voie_ban_droite":"92040_0610","sens_amenagement_cyclable_gauche":null,"sens_amenagement_cyclable_droit":null,"amenagement_cyclable_gauche":null,"amenagement_cyclable_droit":null,"aire_de_retournement_dfci":null,"gabarit_dfci":null,"impasse_dfci":null,"nature_detaillee_dfci":null,"ouvrage_d_art_limitant_dfci":null,"pente_maximale_dfci":null,"piste_dfci":null,"piste_dfci_debroussaillee":null,"piste_dfci_fosses":null,"sens_de_circulation_dfci":null,"tout_terrain_dfci":null,"vitesse_moyenne_dfci":null,"zone_de_croisement_dfci":null,"categorie_dfci":null,"vitesse_collaborative":null,"id_ban_odonyme_droite":"c4ae2620-dfbc-4d52-9722-89fec5783c65","id_ban_odonyme_gauche":"c4ae2620-dfbc-4d52-9722-89fec5783c65"}},{"type":"Feature","id":"troncon_de_route.16678611","geometry":{"type":"LineString","coordinates":[[2.26764933,48.83326879,30.3],[2.26773053,48.83330706,30.2],[2.26873015,48.83245697,29.7]]},"geometry_name":"geometrie","properties":{"cleabs":"TRONROUT0000002000214312","nature":"Route à 1 chaussée","nom_collaboratif_gauche":null,"nom_collaboratif_droite":null,"importance":"6","fictif":false,"position_par_rapport_au_sol":"0","etat_de_l_objet":"En service","date_creation":"2016-10-21T09:02:02.548Z","date_modification":"2025-03-21T07:23:14.909Z","date_d_apparition":null,"date_de_confirmation":null,"sources":null,"identifiants_sources":null,"methode_d_acquisition_planimetrique":"Orthophotographie","precision_planimetrique":3,"methode_d_acquisition_altimetrique":"Z corrigé","precision_altimetrique":2.5,"nombre_de_voies":null,"largeur_de_chaussee":null,"itineraire_vert":false,"prive":false,"sens_de_circulation":"Double sens","reserve_aux_bus":null,"urbain":true,"vitesse_moyenne_vl":0,"acces_vehicule_leger":"Physiquement impossible","acces_pieton":null,"periode_de_fermeture":null,"nature_de_la_restriction":"Piste cyclable","restriction_de_hauteur":null,"restriction_de_poids_total":null,"restriction_de_poids_par_essieu":null,"restriction_de_largeur":null,"restriction_de_longueur":null,"matieres_dangereuses_interdites":false,"borne_debut_gauche":null,"borne_debut_droite":null,"borne_fin_gauche":null,"borne_fin_droite":null,"insee_commune_gauche":"92040","insee_commune_droite":"92040","alias_gauche":null,"alias_droit":null,"date_de_mise_en_service":null,"liens_vers_route_nommee":null,"liens_vers_itineraire_autre":null,"cpx_numero":null,"cpx_numero_route_europeenne":null,"cpx_classement_administratif":null,"cpx_gestionnaire":null,"cpx_toponyme_route_nommee":null,"cpx_toponyme_itineraire_cyclable":null,"cpx_toponyme_voie_verte":null,"cpx_nature_itineraire_autre":null,"cpx_toponyme_itineraire_autre":null,"delestage":null,"source_voie_ban_gauche":null,"source_voie_ban_droite":null,"nom_voie_ban_gauche":null,"nom_voie_ban_droite":null,"lieux_dits_ban_gauche":null,"lieux_dits_ban_droite":null,"identifiant_voie_ban_gauche":null,"identifiant_voie_ban_droite":null,"sens_amenagement_cyclable_gauche":null,"sens_amenagement_cyclable_droit":null,"amenagement_cyclable_gauche":null,"amenagement_cyclable_droit":null,"aire_de_retournement_dfci":null,"gabarit_dfci":null,"impasse_dfci":null,"nature_detaillee_dfci":null,"ouvrage_d_art_limitant_dfci":null,"pente_maximale_dfci":null,"piste_dfci":null,"piste_dfci_debroussaillee":null,"piste_dfci_fosses":null,"sens_de_circulation_dfci":null,"tout_terrain_dfci":null,"vitesse_moyenne_dfci":null,"zone_de_croisement_dfci":null,"categorie_dfci":null,"vitesse_collaborative":null,"id_ban_odonyme_droite":null,"id_ban_odonyme_gauche":null}},{"type":"Feature","id":"troncon_de_route.17590949","geometry":{"type":"LineString","coordinates":[[2.26106935,48.833839,30.7],[2.26104221,48.83392697,31.3]]},"geometry_name":"geometrie","properties":{"cleabs":"TRONROUT0000002203436982","nature":"Route à 1 chaussée","nom_collaboratif_gauche":"AV LE JOUR SE LEVE","nom_collaboratif_droite":"AV LE JOUR SE LEVE","importance":"4","fictif":false,"position_par_rapport_au_sol":"0","etat_de_l_objet":"En service","date_creation":"2019-07-16T13:57:18.572Z","date_modification":"2023-09-24T08:24:57.760Z","date_d_apparition":null,"date_de_confirmation":null,"sources":null,"identifiants_sources":null,"methode_d_acquisition_planimetrique":"BDTopo","precision_planimetrique":2.5,"methode_d_acquisition_altimetrique":"BDTopo","precision_altimetrique":1.5,"nombre_de_voies":2,"largeur_de_chaussee":5.5,"itineraire_vert":false,"prive":false,"sens_de_circulation":"Sens inverse","reserve_aux_bus":null,"urbain":true,"vitesse_moyenne_vl":10,"acces_vehicule_leger":"Libre","acces_pieton":null,"periode_de_fermeture":null,"nature_de_la_restriction":null,"restriction_de_hauteur":null,"restriction_de_poids_total":null,"restriction_de_poids_par_essieu":null,"restriction_de_largeur":null,"restriction_de_longueur":null,"matieres_dangereuses_interdites":false,"borne_debut_gauche":null,"borne_debut_droite":null,"borne_fin_gauche":null,"borne_fin_droite":null,"insee_commune_gauche":"92012","insee_commune_droite":"92012","alias_gauche":null,"alias_droit":null,"date_de_mise_en_service":null,"liens_vers_route_nommee":null,"liens_vers_itineraire_autre":null,"cpx_numero":null,"cpx_numero_route_europeenne":null,"cpx_classement_administratif":null,"cpx_gestionnaire":null,"cpx_toponyme_route_nommee":null,"cpx_toponyme_itineraire_cyclable":null,"cpx_toponyme_voie_verte":null,"cpx_nature_itineraire_autre":null,"cpx_toponyme_itineraire_autre":null,"delestage":null,"source_voie_ban_gauche":"commune","source_voie_ban_droite":"commune","nom_voie_ban_gauche":"Avenue Le Jour se Lève","nom_voie_ban_droite":"Avenue Le Jour se Lève","lieux_dits_ban_gauche":"","lieux_dits_ban_droite":"","identifiant_voie_ban_gauche":"92012_4770","identifiant_voie_ban_droite":"92012_4770","sens_amenagement_cyclable_gauche":null,"sens_amenagement_cyclable_droit":null,"amenagement_cyclable_gauche":null,"amenagement_cyclable_droit":null,"aire_de_retournement_dfci":null,"gabarit_dfci":null,"impasse_dfci":null,"nature_detaillee_dfci":null,"ouvrage_d_art_limitant_dfci":null,"pente_maximale_dfci":null,"piste_dfci":null,"piste_dfci_debroussaillee":null,"piste_dfci_fosses":null,"sens_de_circulation_dfci":null,"tout_terrain_dfci":null,"vitesse_moyenne_dfci":null,"zone_de_croisement_dfci":null,"categorie_dfci":null,"vitesse_collaborative":null,"id_ban_odonyme_droite":"1a829cad-3b55-4650-a51c-6872d98af18e","id_ban_odonyme_gauche":"1a829cad-3b55-4650-a51c-6872d98af18e"}},{"type":"Feature","id":"troncon_de_route.11584766","geometry":{"type":"LineString","coordinates":[[2.26361866,48.83246338,24],[2.26258275,48.8314434,24.4],[2.26242531,48.83130572,24.4],[2.26235456,48.83120275,24.5],[2.26233694,48.83110012,25]]},"geometry_name":"geometrie","properties":{"cleabs":"TRONROUT0000000105310395","nature":"Route à 1 chaussée","nom_collaboratif_gauche":null,"nom_collaboratif_droite":null,"importance":"5","fictif":false,"position_par_rapport_au_sol":"-1","etat_de_l_objet":"En service","date_creation":"2007-11-13T06:07:28.121Z","date_modification":"2023-09-21T08:16:01.974Z","date_d_apparition":null,"date_de_confirmation":null,"sources":null,"identifiants_sources":null,"methode_d_acquisition_planimetrique":"Plan non métrique papier","precision_planimetrique":5,"methode_d_acquisition_altimetrique":"Z corrigé","precision_altimetrique":2.5,"nombre_de_voies":2,"largeur_de_chaussee":4,"itineraire_vert":false,"prive":false,"sens_de_circulation":"Double sens","reserve_aux_bus":null,"urbain":true,"vitesse_moyenne_vl":0,"acces_vehicule_leger":"Restreint aux ayants droit","acces_pieton":null,"periode_de_fermeture":null,"nature_de_la_restriction":null,"restriction_de_hauteur":null,"restriction_de_poids_total":null,"restriction_de_poids_par_essieu":null,"restriction_de_largeur":null,"restriction_de_longueur":null,"matieres_dangereuses_interdites":false,"borne_debut_gauche":null,"borne_debut_droite":null,"borne_fin_gauche":null,"borne_fin_droite":null,"insee_commune_gauche":"92040","insee_commune_droite":"92040","alias_gauche":null,"alias_droit":null,"date_de_mise_en_service":null,"liens_vers_route_nommee":null,"liens_vers_itineraire_autre":null,"cpx_numero":null,"cpx_numero_route_europeenne":null,"cpx_classement_administratif":null,"cpx_gestionnaire":null,"cpx_toponyme_route_nommee":null,"cpx_toponyme_itineraire_cyclable":null,"cpx_toponyme_voie_verte":null,"cpx_nature_itineraire_autre":null,"cpx_toponyme_itineraire_autre":null,"delestage":null,"source_voie_ban_gauche":null,"source_voie_ban_droite":null,"nom_voie_ban_gauche":null,"nom_voie_ban_droite":null,"lieux_dits_ban_gauche":null,"lieux_dits_ban_droite":null,"identifiant_voie_ban_gauche":null,"identifiant_voie_ban_droite":null,"sens_amenagement_cyclable_gauche":null,"sens_amenagement_cyclable_droit":null,"amenagement_cyclable_gauche":null,"amenagement_cyclable_droit":null,"aire_de_retournement_dfci":null,"gabarit_dfci":null,"impasse_dfci":null,"nature_detaillee_dfci":null,"ouvrage_d_art_limitant_dfci":null,"pente_maximale_dfci":null,"piste_dfci":null,"piste_dfci_debroussaillee":null,"piste_dfci_fosses":null,"sens_de_circulation_dfci":null,"tout_terrain_dfci":null,"vitesse_moyenne_dfci":null,"zone_de_croisement_dfci":null,"categorie_dfci":null,"vitesse_collaborative":null,"id_ban_odonyme_droite":null,"id_ban_odonyme_gauche":null}},{"type":"Feature","id":"troncon_de_route.13073069","geometry":{"type":"LineString","coordinates":[[2.26705088,48.8335871,31.2],[2.2670748,48.83324189,31.8],[2.26716738,48.83218029,31]]},"geometry_name":"geometrie","properties":{"cleabs":"TRONROUT0000000214651176","nature":"Route à 1 chaussée","nom_collaboratif_gauche":"BD GALLIENI","nom_collaboratif_droite":"BD GALLIENI","importance":"3","fictif":false,"position_par_rapport_au_sol":"0","etat_de_l_objet":"En service","date_creation":"2008-12-16T19:27:43.009Z","date_modification":"2025-12-21T12:37:51.052Z","date_d_apparition":null,"date_de_confirmation":null,"sources":null,"identifiants_sources":null,"methode_d_acquisition_planimetrique":"BDTopo","precision_planimetrique":2.5,"methode_d_acquisition_altimetrique":"BDTopo","precision_altimetrique":1.5,"nombre_de_voies":3,"largeur_de_chaussee":9,"itineraire_vert":false,"prive":false,"sens_de_circulation":"Double sens","reserve_aux_bus":null,"urbain":true,"vitesse_moyenne_vl":30,"acces_vehicule_leger":"Libre","acces_pieton":null,"periode_de_fermeture":null,"nature_de_la_restriction":null,"restriction_de_hauteur":null,"restriction_de_poids_total":null,"restriction_de_poids_par_essieu":null,"restriction_de_largeur":null,"restriction_de_longueur":null,"matieres_dangereuses_interdites":false,"borne_debut_gauche":"3","borne_debut_droite":"10","borne_fin_gauche":"17","borne_fin_droite":"30","insee_commune_gauche":"92040","insee_commune_droite":"92040","alias_gauche":null,"alias_droit":null,"date_de_mise_en_service":null,"liens_vers_route_nommee":"ROUTNOMM0000000000552076","liens_vers_itineraire_autre":null,"cpx_numero":"D69","cpx_numero_route_europeenne":null,"cpx_classement_administratif":"Départementale","cpx_gestionnaire":"Hauts-de-Seine","cpx_toponyme_route_nommee":null,"cpx_toponyme_itineraire_cyclable":null,"cpx_toponyme_voie_verte":null,"cpx_nature_itineraire_autre":null,"cpx_toponyme_itineraire_autre":null,"delestage":null,"source_voie_ban_gauche":"commune","source_voie_ban_droite":"commune","nom_voie_ban_gauche":"Boulevard Gallieni","nom_voie_ban_droite":"Boulevard Gallieni","lieux_dits_ban_gauche":null,"lieux_dits_ban_droite":null,"identifiant_voie_ban_gauche":"92040_4115","identifiant_voie_ban_droite":"92040_4115","sens_amenagement_cyclable_gauche":null,"sens_amenagement_cyclable_droit":null,"amenagement_cyclable_gauche":null,"amenagement_cyclable_droit":null,"aire_de_retournement_dfci":null,"gabarit_dfci":null,"impasse_dfci":null,"nature_detaillee_dfci":null,"ouvrage_d_art_limitant_dfci":null,"pente_maximale_dfci":null,"piste_dfci":null,"piste_dfci_debroussaillee":null,"piste_dfci_fosses":null,"sens_de_circulation_dfci":null,"tout_terrain_dfci":null,"vitesse_moyenne_dfci":null,"zone_de_croisement_dfci":null,"categorie_dfci":null,"vitesse_collaborative":null,"id_ban_odonyme_droite":"d7ed679a-6aca-4832-a582-228de075fa95","id_ban_odonyme_gauche":"d7ed679a-6aca-4832-a582-228de075fa95"}},{"type":"Feature","id":"troncon_de_route.13788720","geometry":{"type":"LineString","coordinates":[[2.2629155,48.8367176,35],[2.2623096,48.83611308,34.8],[2.26182591,48.83563433,34.6],[2.26178146,48.83559808,34.6],[2.26175586,48.83557814,34.6],[2.26171792,48.83556351,34.6],[2.2616608,48.83555686,34.6],[2.26161312,48.83555657,34.6],[2.26156265,48.83556076,34.6]]},"geometry_name":"geometrie","properties":{"cleabs":"TRONROUT0000000230137187","nature":"Route à 1 chaussée","nom_collaboratif_gauche":"R DU GENERAL MALLETERRE","nom_collaboratif_droite":"R DU GENERAL MALLETERRE","importance":"5","fictif":false,"position_par_rapport_au_sol":"0","etat_de_l_objet":"En service","date_creation":"2010-03-30T13:03:10.373Z","date_modification":"2026-02-01T10:20:17.274Z","date_d_apparition":null,"date_de_confirmation":null,"sources":null,"identifiants_sources":null,"methode_d_acquisition_planimetrique":"BDTopo","precision_planimetrique":2.5,"methode_d_acquisition_altimetrique":"BDTopo","precision_altimetrique":1.5,"nombre_de_voies":2,"largeur_de_chaussee":4,"itineraire_vert":false,"prive":false,"sens_de_circulation":"Sens direct","reserve_aux_bus":null,"urbain":true,"vitesse_moyenne_vl":10,"acces_vehicule_leger":"Libre","acces_pieton":null,"periode_de_fermeture":null,"nature_de_la_restriction":null,"restriction_de_hauteur":null,"restriction_de_poids_total":null,"restriction_de_poids_par_essieu":null,"restriction_de_largeur":null,"restriction_de_longueur":null,"matieres_dangereuses_interdites":false,"borne_debut_gauche":"11","borne_debut_droite":"12","borne_fin_gauche":"21","borne_fin_droite":"22","insee_commune_gauche":"75116","insee_commune_droite":"75116","alias_gauche":null,"alias_droit":null,"date_de_mise_en_service":null,"liens_vers_route_nommee":null,"liens_vers_itineraire_autre":null,"cpx_numero":null,"cpx_numero_route_europeenne":null,"cpx_classement_administratif":null,"cpx_gestionnaire":null,"cpx_toponyme_route_nommee":null,"cpx_toponyme_itineraire_cyclable":null,"cpx_toponyme_voie_verte":null,"cpx_nature_itineraire_autre":null,"cpx_toponyme_itineraire_autre":null,"delestage":null,"source_voie_ban_gauche":"commune","source_voie_ban_droite":"commune","nom_voie_ban_gauche":"Rue du Général Malleterre","nom_voie_ban_droite":"Rue du Général Malleterre","lieux_dits_ban_gauche":null,"lieux_dits_ban_droite":null,"identifiant_voie_ban_gauche":"75116_4067","identifiant_voie_ban_droite":"75116_4067","sens_amenagement_cyclable_gauche":null,"sens_amenagement_cyclable_droit":null,"amenagement_cyclable_gauche":null,"amenagement_cyclable_droit":null,"aire_de_retournement_dfci":null,"gabarit_dfci":null,"impasse_dfci":null,"nature_detaillee_dfci":null,"ouvrage_d_art_limitant_dfci":null,"pente_maximale_dfci":null,"piste_dfci":null,"piste_dfci_debroussaillee":null,"piste_dfci_fosses":null,"sens_de_circulation_dfci":null,"tout_terrain_dfci":null,"vitesse_moyenne_dfci":null,"zone_de_croisement_dfci":null,"categorie_dfci":null,"vitesse_collaborative":null,"id_ban_odonyme_droite":null,"id_ban_odonyme_gauche":null}},{"type":"Feature","id":"troncon_de_route.13788721","geometry":{"type":"LineString","coordinates":[[2.2636987,48.83653805,31.8],[2.26372763,48.83651575,31.8],[2.26374994,48.83647901,31.8],[2.26376411,48.83644043,31.8],[2.26376731,48.83640717,31.8],[2.26375687,48.83637473,31.8]]},"geometry_name":"geometrie","properties":{"cleabs":"TRONROUT0000000230137191","nature":"Route à 1 chaussée","nom_collaboratif_gauche":"R DU GENERAL NIOX","nom_collaboratif_droite":"R DU GENERAL NIOX","importance":"3","fictif":false,"position_par_rapport_au_sol":"0","etat_de_l_objet":"En service","date_creation":"2010-03-30T13:03:10.373Z","date_modification":"2023-09-24T12:18:54.287Z","date_d_apparition":null,"date_de_confirmation":null,"sources":null,"identifiants_sources":null,"methode_d_acquisition_planimetrique":"BDTopo","precision_planimetrique":2.5,"methode_d_acquisition_altimetrique":"BDTopo","precision_altimetrique":1.5,"nombre_de_voies":1,"largeur_de_chaussee":3,"itineraire_vert":false,"prive":false,"sens_de_circulation":"Sens direct","reserve_aux_bus":null,"urbain":true,"vitesse_moyenne_vl":10,"acces_vehicule_leger":"Libre","acces_pieton":null,"periode_de_fermeture":null,"nature_de_la_restriction":null,"restriction_de_hauteur":null,"restriction_de_poids_total":null,"restriction_de_poids_par_essieu":null,"restriction_de_largeur":null,"restriction_de_longueur":null,"matieres_dangereuses_interdites":false,"borne_debut_gauche":null,"borne_debut_droite":null,"borne_fin_gauche":null,"borne_fin_droite":null,"insee_commune_gauche":"75116","insee_commune_droite":"75116","alias_gauche":null,"alias_droit":null,"date_de_mise_en_service":null,"liens_vers_route_nommee":null,"liens_vers_itineraire_autre":null,"cpx_numero":null,"cpx_numero_route_europeenne":null,"cpx_classement_administratif":null,"cpx_gestionnaire":null,"cpx_toponyme_route_nommee":null,"cpx_toponyme_itineraire_cyclable":null,"cpx_toponyme_voie_verte":null,"cpx_nature_itineraire_autre":null,"cpx_toponyme_itineraire_autre":null,"delestage":null,"source_voie_ban_gauche":"commune","source_voie_ban_droite":"commune","nom_voie_ban_gauche":"Rue du Général Niox","nom_voie_ban_droite":"Rue du Général Niox","lieux_dits_ban_gauche":"","lieux_dits_ban_droite":"","identifiant_voie_ban_gauche":"75116_4077","identifiant_voie_ban_droite":"75116_4077","sens_amenagement_cyclable_gauche":null,"sens_amenagement_cyclable_droit":null,"amenagement_cyclable_gauche":null,"amenagement_cyclable_droit":null,"aire_de_retournement_dfci":null,"gabarit_dfci":null,"impasse_dfci":null,"nature_detaillee_dfci":null,"ouvrage_d_art_limitant_dfci":null,"pente_maximale_dfci":null,"piste_dfci":null,"piste_dfci_debroussaillee":null,"piste_dfci_fosses":null,"sens_de_circulation_dfci":null,"tout_terrain_dfci":null,"vitesse_moyenne_dfci":null,"zone_de_croisement_dfci":null,"categorie_dfci":null,"vitesse_collaborative":null,"id_ban_odonyme_droite":null,"id_ban_odonyme_gauche":null}},{"type":"Feature","id":"troncon_de_route.13958795","geometry":{"type":"LineString","coordinates":[[2.26125682,48.8337799,31.1],[2.26152523,48.83406666,30.6]]},"geometry_name":"geometrie","properties":{"cleabs":"TRONROUT0000000244024371","nature":"Route à 2 chaussées","nom_collaboratif_gauche":"QU POINT DU JOUR","nom_collaboratif_droite":"QU POINT DU JOUR","importance":"2","fictif":false,"position_par_rapport_au_sol":"0","etat_de_l_objet":"En service","date_creation":"2010-09-27T08:55:37.819Z","date_modification":"2024-06-20T07:32:50.286Z","date_d_apparition":null,"date_de_confirmation":null,"sources":null,"identifiants_sources":null,"methode_d_acquisition_planimetrique":"BDTopo","precision_planimetrique":2.5,"methode_d_acquisition_altimetrique":"BDTopo","precision_altimetrique":1.5,"nombre_de_voies":1,"largeur_de_chaussee":3,"itineraire_vert":true,"prive":false,"sens_de_circulation":"Sens direct","reserve_aux_bus":null,"urbain":true,"vitesse_moyenne_vl":35,"acces_vehicule_leger":"Libre","acces_pieton":null,"periode_de_fermeture":null,"nature_de_la_restriction":null,"restriction_de_hauteur":null,"restriction_de_poids_total":null,"restriction_de_poids_par_essieu":null,"restriction_de_largeur":null,"restriction_de_longueur":null,"matieres_dangereuses_interdites":false,"borne_debut_gauche":null,"borne_debut_droite":null,"borne_fin_gauche":null,"borne_fin_droite":null,"insee_commune_gauche":"92012","insee_commune_droite":"92012","alias_gauche":null,"alias_droit":null,"date_de_mise_en_service":null,"liens_vers_route_nommee":"ROUTNOMM0000000000552073","liens_vers_itineraire_autre":null,"cpx_numero":"D1","cpx_numero_route_europeenne":null,"cpx_classement_administratif":"Départementale","cpx_gestionnaire":"Hauts-de-Seine","cpx_toponyme_route_nommee":null,"cpx_toponyme_itineraire_cyclable":null,"cpx_toponyme_voie_verte":null,"cpx_nature_itineraire_autre":null,"cpx_toponyme_itineraire_autre":null,"delestage":null,"source_voie_ban_gauche":"commune","source_voie_ban_droite":"commune","nom_voie_ban_gauche":"Quai du Point du Jour","nom_voie_ban_droite":"Quai du Point du Jour","lieux_dits_ban_gauche":null,"lieux_dits_ban_droite":null,"identifiant_voie_ban_gauche":"92012_7231","identifiant_voie_ban_droite":"92012_7231","sens_amenagement_cyclable_gauche":null,"sens_amenagement_cyclable_droit":"Sens direct","amenagement_cyclable_gauche":null,"amenagement_cyclable_droit":"Bande cyclable","aire_de_retournement_dfci":null,"gabarit_dfci":null,"impasse_dfci":null,"nature_detaillee_dfci":null,"ouvrage_d_art_limitant_dfci":null,"pente_maximale_dfci":null,"piste_dfci":null,"piste_dfci_debroussaillee":null,"piste_dfci_fosses":null,"sens_de_circulation_dfci":null,"tout_terrain_dfci":null,"vitesse_moyenne_dfci":null,"zone_de_croisement_dfci":null,"categorie_dfci":null,"vitesse_collaborative":null,"id_ban_odonyme_droite":"f69b6cd8-c8f5-4316-b2ac-7d6bf4998eec","id_ban_odonyme_gauche":"f69b6cd8-c8f5-4316-b2ac-7d6bf4998eec"}},{"type":"Feature","id":"troncon_de_route.14595693","geometry":{"type":"LineString","coordinates":[[2.26196096,48.83466024,31],[2.26190289,48.83472014,31.1],[2.26198791,48.83477732,31.1],[2.26264462,48.83544781,31.3],[2.2630635,48.83588569,31.4],[2.26362675,48.83642339,31.5],[2.26363606,48.83643964,31.6],[2.26363822,48.83647922,31.7],[2.26364208,48.83649544,31.8],[2.2636987,48.83653805,31.8]]},"geometry_name":"geometrie","properties":{"cleabs":"TRONROUT0000000295178267","nature":"Route à 1 chaussée","nom_collaboratif_gauche":null,"nom_collaboratif_droite":null,"importance":"6","fictif":false,"position_par_rapport_au_sol":"0","etat_de_l_objet":"En service","date_creation":"2012-02-06T11:47:11.023Z","date_modification":"2025-03-21T07:23:14.909Z","date_d_apparition":null,"date_de_confirmation":null,"sources":null,"identifiants_sources":null,"methode_d_acquisition_planimetrique":"Fichier numérique non métrique","precision_planimetrique":5,"methode_d_acquisition_altimetrique":"Z corrigé","precision_altimetrique":2.5,"nombre_de_voies":null,"largeur_de_chaussee":null,"itineraire_vert":false,"prive":false,"sens_de_circulation":"Double sens","reserve_aux_bus":null,"urbain":true,"vitesse_moyenne_vl":0,"acces_vehicule_leger":"Physiquement impossible","acces_pieton":null,"periode_de_fermeture":null,"nature_de_la_restriction":"Piste cyclable","restriction_de_hauteur":null,"restriction_de_poids_total":null,"restriction_de_poids_par_essieu":null,"restriction_de_largeur":null,"restriction_de_longueur":null,"matieres_dangereuses_interdites":false,"borne_debut_gauche":null,"borne_debut_droite":null,"borne_fin_gauche":null,"borne_fin_droite":null,"insee_commune_gauche":"75116","insee_commune_droite":"75116","alias_gauche":null,"alias_droit":null,"date_de_mise_en_service":null,"liens_vers_route_nommee":null,"liens_vers_itineraire_autre":null,"cpx_numero":null,"cpx_numero_route_europeenne":null,"cpx_classement_administratif":null,"cpx_gestionnaire":null,"cpx_toponyme_route_nommee":null,"cpx_toponyme_itineraire_cyclable":null,"cpx_toponyme_voie_verte":null,"cpx_nature_itineraire_autre":null,"cpx_toponyme_itineraire_autre":null,"delestage":null,"source_voie_ban_gauche":null,"source_voie_ban_droite":null,"nom_voie_ban_gauche":null,"nom_voie_ban_droite":null,"lieux_dits_ban_gauche":null,"lieux_dits_ban_droite":null,"identifiant_voie_ban_gauche":null,"identifiant_voie_ban_droite":null,"sens_amenagement_cyclable_gauche":null,"sens_amenagement_cyclable_droit":null,"amenagement_cyclable_gauche":null,"amenagement_cyclable_droit":null,"aire_de_retournement_dfci":null,"gabarit_dfci":null,"impasse_dfci":null,"nature_detaillee_dfci":null,"ouvrage_d_art_limitant_dfci":null,"pente_maximale_dfci":null,"piste_dfci":null,"piste_dfci_debroussaillee":null,"piste_dfci_fosses":null,"sens_de_circulation_dfci":null,"tout_terrain_dfci":null,"vitesse_moyenne_dfci":null,"zone_de_croisement_dfci":null,"categorie_dfci":null,"vitesse_collaborative":null,"id_ban_odonyme_droite":null,"id_ban_odonyme_gauche":null}},{"type":"Feature","id":"troncon_de_route.15743575","geometry":{"type":"LineString","coordinates":[[2.26376413,48.83663199,31.8],[2.26373368,48.83656975,31.8],[2.2636987,48.83653805,31.8]]},"geometry_name":"geometrie","properties":{"cleabs":"TRONROUT0000000338088133","nature":"Route à 1 chaussée","nom_collaboratif_gauche":null,"nom_collaboratif_droite":null,"importance":"6","fictif":false,"position_par_rapport_au_sol":"0","etat_de_l_objet":"En service","date_creation":"2014-09-11T16:31:09.805Z","date_modification":"2025-03-21T07:23:14.909Z","date_d_apparition":null,"date_de_confirmation":null,"sources":null,"identifiants_sources":null,"methode_d_acquisition_planimetrique":"Fichier numérique non métrique","precision_planimetrique":5,"methode_d_acquisition_altimetrique":"Z corrigé","precision_altimetrique":2.5,"nombre_de_voies":null,"largeur_de_chaussee":null,"itineraire_vert":false,"prive":false,"sens_de_circulation":"Double sens","reserve_aux_bus":null,"urbain":true,"vitesse_moyenne_vl":0,"acces_vehicule_leger":"Physiquement impossible","acces_pieton":null,"periode_de_fermeture":null,"nature_de_la_restriction":"Piste cyclable","restriction_de_hauteur":null,"restriction_de_poids_total":null,"restriction_de_poids_par_essieu":null,"restriction_de_largeur":null,"restriction_de_longueur":null,"matieres_dangereuses_interdites":false,"borne_debut_gauche":null,"borne_debut_droite":null,"borne_fin_gauche":null,"borne_fin_droite":null,"insee_commune_gauche":"75116","insee_commune_droite":"75116","alias_gauche":null,"alias_droit":null,"date_de_mise_en_service":null,"liens_vers_route_nommee":null,"liens_vers_itineraire_autre":null,"cpx_numero":null,"cpx_numero_route_europeenne":null,"cpx_classement_administratif":null,"cpx_gestionnaire":null,"cpx_toponyme_route_nommee":null,"cpx_toponyme_itineraire_cyclable":null,"cpx_toponyme_voie_verte":null,"cpx_nature_itineraire_autre":null,"cpx_toponyme_itineraire_autre":null,"delestage":null,"source_voie_ban_gauche":null,"source_voie_ban_droite":null,"nom_voie_ban_gauche":null,"nom_voie_ban_droite":null,"lieux_dits_ban_gauche":null,"lieux_dits_ban_droite":null,"identifiant_voie_ban_gauche":null,"identifiant_voie_ban_droite":null,"sens_amenagement_cyclable_gauche":null,"sens_amenagement_cyclable_droit":null,"amenagement_cyclable_gauche":null,"amenagement_cyclable_droit":null,"aire_de_retournement_dfci":null,"gabarit_dfci":null,"impasse_dfci":null,"nature_detaillee_dfci":null,"ouvrage_d_art_limitant_dfci":null,"pente_maximale_dfci":null,"piste_dfci":null,"piste_dfci_debroussaillee":null,"piste_dfci_fosses":null,"sens_de_circulation_dfci":null,"tout_terrain_dfci":null,"vitesse_moyenne_dfci":null,"zone_de_croisement_dfci":null,"categorie_dfci":null,"vitesse_collaborative":null,"id_ban_odonyme_droite":null,"id_ban_odonyme_gauche":null}},{"type":"Feature","id":"troncon_de_route.16020539","geometry":{"type":"LineString","coordinates":[[2.26701854,48.83375509,30.9],[2.26711656,48.83376018,30.8],[2.26714932,48.83375589,30.8],[2.26716599,48.83373261,30.8],[2.26715823,48.83360665,30.8]]},"geometry_name":"geometrie","properties":{"cleabs":"TRONROUT0000000349432740","nature":"Route à 1 chaussée","nom_collaboratif_gauche":null,"nom_collaboratif_droite":null,"importance":"6","fictif":false,"position_par_rapport_au_sol":"0","etat_de_l_objet":"En service","date_creation":"2015-04-09T09:38:08.761Z","date_modification":"2025-03-21T07:23:14.909Z","date_d_apparition":null,"date_de_confirmation":null,"sources":null,"identifiants_sources":null,"methode_d_acquisition_planimetrique":"Image satellite","precision_planimetrique":10,"methode_d_acquisition_altimetrique":"Z corrigé","precision_altimetrique":2.5,"nombre_de_voies":null,"largeur_de_chaussee":null,"itineraire_vert":false,"prive":false,"sens_de_circulation":"Double sens","reserve_aux_bus":null,"urbain":true,"vitesse_moyenne_vl":0,"acces_vehicule_leger":"Physiquement impossible","acces_pieton":null,"periode_de_fermeture":null,"nature_de_la_restriction":"Piste cyclable","restriction_de_hauteur":null,"restriction_de_poids_total":null,"restriction_de_poids_par_essieu":null,"restriction_de_largeur":null,"restriction_de_longueur":null,"matieres_dangereuses_interdites":false,"borne_debut_gauche":null,"borne_debut_droite":null,"borne_fin_gauche":null,"borne_fin_droite":null,"insee_commune_gauche":"92040","insee_commune_droite":"92040","alias_gauche":null,"alias_droit":null,"date_de_mise_en_service":null,"liens_vers_route_nommee":null,"liens_vers_itineraire_autre":null,"cpx_numero":null,"cpx_numero_route_europeenne":null,"cpx_classement_administratif":null,"cpx_gestionnaire":null,"cpx_toponyme_route_nommee":null,"cpx_toponyme_itineraire_cyclable":null,"cpx_toponyme_voie_verte":null,"cpx_nature_itineraire_autre":null,"cpx_toponyme_itineraire_autre":null,"delestage":null,"source_voie_ban_gauche":null,"source_voie_ban_droite":null,"nom_voie_ban_gauche":null,"nom_voie_ban_droite":null,"lieux_dits_ban_gauche":null,"lieux_dits_ban_droite":null,"identifiant_voie_ban_gauche":null,"identifiant_voie_ban_droite":null,"sens_amenagement_cyclable_gauche":null,"sens_amenagement_cyclable_droit":null,"amenagement_cyclable_gauche":null,"amenagement_cyclable_droit":null,"aire_de_retournement_dfci":null,"gabarit_dfci":null,"impasse_dfci":null,"nature_detaillee_dfci":null,"ouvrage_d_art_limitant_dfci":null,"pente_maximale_dfci":null,"piste_dfci":null,"piste_dfci_debroussaillee":null,"piste_dfci_fosses":null,"sens_de_circulation_dfci":null,"tout_terrain_dfci":null,"vitesse_moyenne_dfci":null,"zone_de_croisement_dfci":null,"categorie_dfci":null,"vitesse_collaborative":null,"id_ban_odonyme_droite":null,"id_ban_odonyme_gauche":null}},{"type":"Feature","id":"troncon_de_route.16497385","geometry":{"type":"LineString","coordinates":[[2.26117675,48.83500795,38],[2.2638042,48.83485597,42.7]]},"geometry_name":"geometrie","properties":{"cleabs":"TRONROUT0000000357502531","nature":"Type autoroutier","nom_collaboratif_gauche":null,"nom_collaboratif_droite":null,"importance":"1","fictif":false,"position_par_rapport_au_sol":"1","etat_de_l_objet":"En service","date_creation":"2016-05-25T10:08:51.282Z","date_modification":"2025-10-31T20:07:08.035Z","date_d_apparition":null,"date_de_confirmation":null,"sources":null,"identifiants_sources":null,"methode_d_acquisition_planimetrique":"Orthophotographie","precision_planimetrique":3,"methode_d_acquisition_altimetrique":"Z corrigé","precision_altimetrique":2.5,"nombre_de_voies":4,"largeur_de_chaussee":14,"itineraire_vert":true,"prive":false,"sens_de_circulation":"Sens direct","reserve_aux_bus":null,"urbain":true,"vitesse_moyenne_vl":95,"acces_vehicule_leger":"Libre","acces_pieton":null,"periode_de_fermeture":null,"nature_de_la_restriction":null,"restriction_de_hauteur":null,"restriction_de_poids_total":null,"restriction_de_poids_par_essieu":null,"restriction_de_largeur":null,"restriction_de_longueur":null,"matieres_dangereuses_interdites":false,"borne_debut_gauche":null,"borne_debut_droite":null,"borne_fin_gauche":null,"borne_fin_droite":null,"insee_commune_gauche":"75116","insee_commune_droite":"75116","alias_gauche":null,"alias_droit":null,"date_de_mise_en_service":null,"liens_vers_route_nommee":"ROUTNOMM0000000000208366","liens_vers_itineraire_autre":null,"cpx_numero":null,"cpx_numero_route_europeenne":null,"cpx_classement_administratif":"Route nommée","cpx_gestionnaire":null,"cpx_toponyme_route_nommee":"Boulevard Périphérique Extérieur","cpx_toponyme_itineraire_cyclable":null,"cpx_toponyme_voie_verte":null,"cpx_nature_itineraire_autre":null,"cpx_toponyme_itineraire_autre":null,"delestage":null,"source_voie_ban_gauche":null,"source_voie_ban_droite":null,"nom_voie_ban_gauche":null,"nom_voie_ban_droite":null,"lieux_dits_ban_gauche":null,"lieux_dits_ban_droite":null,"identifiant_voie_ban_gauche":null,"identifiant_voie_ban_droite":null,"sens_amenagement_cyclable_gauche":null,"sens_amenagement_cyclable_droit":null,"amenagement_cyclable_gauche":null,"amenagement_cyclable_droit":null,"aire_de_retournement_dfci":null,"gabarit_dfci":null,"impasse_dfci":null,"nature_detaillee_dfci":null,"ouvrage_d_art_limitant_dfci":null,"pente_maximale_dfci":null,"piste_dfci":null,"piste_dfci_debroussaillee":null,"piste_dfci_fosses":null,"sens_de_circulation_dfci":null,"tout_terrain_dfci":null,"vitesse_moyenne_dfci":null,"zone_de_croisement_dfci":null,"categorie_dfci":null,"vitesse_collaborative":null,"id_ban_odonyme_droite":null,"id_ban_odonyme_gauche":null}},{"type":"Feature","id":"troncon_de_route.16505994","geometry":{"type":"LineString","coordinates":[[2.26359271,48.83661475,31.6],[2.26366472,48.83662868,31.6],[2.26372466,48.83662905,31.7],[2.26376413,48.83663199,31.8]]},"geometry_name":"geometrie","properties":{"cleabs":"TRONROUT0000000357552944","nature":"Route à 1 chaussée","nom_collaboratif_gauche":"R DU GENERAL NIOX","nom_collaboratif_droite":"R DU GENERAL NIOX","importance":"3","fictif":false,"position_par_rapport_au_sol":"0","etat_de_l_objet":"En service","date_creation":"2016-05-30T12:39:02.947Z","date_modification":"2025-12-21T09:39:25.509Z","date_d_apparition":null,"date_de_confirmation":null,"sources":null,"identifiants_sources":null,"methode_d_acquisition_planimetrique":"BDTopo","precision_planimetrique":2.5,"methode_d_acquisition_altimetrique":"BDTopo","precision_altimetrique":1.5,"nombre_de_voies":1,"largeur_de_chaussee":3,"itineraire_vert":false,"prive":false,"sens_de_circulation":"Sens direct","reserve_aux_bus":null,"urbain":true,"vitesse_moyenne_vl":35,"acces_vehicule_leger":"Libre","acces_pieton":null,"periode_de_fermeture":null,"nature_de_la_restriction":null,"restriction_de_hauteur":null,"restriction_de_poids_total":null,"restriction_de_poids_par_essieu":null,"restriction_de_largeur":null,"restriction_de_longueur":null,"matieres_dangereuses_interdites":false,"borne_debut_gauche":"2","borne_debut_droite":null,"borne_fin_gauche":"2","borne_fin_droite":null,"insee_commune_gauche":"75116","insee_commune_droite":"75116","alias_gauche":null,"alias_droit":null,"date_de_mise_en_service":null,"liens_vers_route_nommee":null,"liens_vers_itineraire_autre":null,"cpx_numero":null,"cpx_numero_route_europeenne":null,"cpx_classement_administratif":null,"cpx_gestionnaire":null,"cpx_toponyme_route_nommee":null,"cpx_toponyme_itineraire_cyclable":null,"cpx_toponyme_voie_verte":null,"cpx_nature_itineraire_autre":null,"cpx_toponyme_itineraire_autre":null,"delestage":null,"source_voie_ban_gauche":"commune","source_voie_ban_droite":"commune","nom_voie_ban_gauche":"Rue du Général Niox","nom_voie_ban_droite":"Rue du Général Niox","lieux_dits_ban_gauche":null,"lieux_dits_ban_droite":null,"identifiant_voie_ban_gauche":"75116_4077","identifiant_voie_ban_droite":"75116_4077","sens_amenagement_cyclable_gauche":"Sens inverse","sens_amenagement_cyclable_droit":null,"amenagement_cyclable_gauche":"Bande cyclable","amenagement_cyclable_droit":null,"aire_de_retournement_dfci":null,"gabarit_dfci":null,"impasse_dfci":null,"nature_detaillee_dfci":null,"ouvrage_d_art_limitant_dfci":null,"pente_maximale_dfci":null,"piste_dfci":null,"piste_dfci_debroussaillee":null,"piste_dfci_fosses":null,"sens_de_circulation_dfci":null,"tout_terrain_dfci":null,"vitesse_moyenne_dfci":null,"zone_de_croisement_dfci":null,"categorie_dfci":null,"vitesse_collaborative":null,"id_ban_odonyme_droite":null,"id_ban_odonyme_gauche":null}},{"type":"Feature","id":"troncon_de_route.16678609","geometry":{"type":"LineString","coordinates":[[2.26753939,48.83178504,30.3],[2.26759171,48.83174579,30.2],[2.26816888,48.8320686,30],[2.26878254,48.83241232,29.7],[2.26873015,48.83245697,29.7]]},"geometry_name":"geometrie","properties":{"cleabs":"TRONROUT0000002000214310","nature":"Route à 1 chaussée","nom_collaboratif_gauche":null,"nom_collaboratif_droite":null,"importance":"6","fictif":false,"position_par_rapport_au_sol":"0","etat_de_l_objet":"En service","date_creation":"2016-10-21T09:02:02.548Z","date_modification":"2025-03-21T07:23:14.909Z","date_d_apparition":null,"date_de_confirmation":null,"sources":null,"identifiants_sources":null,"methode_d_acquisition_planimetrique":"Orthophotographie","precision_planimetrique":3,"methode_d_acquisition_altimetrique":"Z corrigé","precision_altimetrique":2.5,"nombre_de_voies":null,"largeur_de_chaussee":null,"itineraire_vert":false,"prive":false,"sens_de_circulation":"Double sens","reserve_aux_bus":null,"urbain":true,"vitesse_moyenne_vl":0,"acces_vehicule_leger":"Physiquement impossible","acces_pieton":null,"periode_de_fermeture":null,"nature_de_la_restriction":"Piste cyclable","restriction_de_hauteur":null,"restriction_de_poids_total":null,"restriction_de_poids_par_essieu":null,"restriction_de_largeur":null,"restriction_de_longueur":null,"matieres_dangereuses_interdites":false,"borne_debut_gauche":null,"borne_debut_droite":null,"borne_fin_gauche":null,"borne_fin_droite":null,"insee_commune_gauche":"92040","insee_commune_droite":"92040","alias_gauche":null,"alias_droit":null,"date_de_mise_en_service":null,"liens_vers_route_nommee":null,"liens_vers_itineraire_autre":null,"cpx_numero":null,"cpx_numero_route_europeenne":null,"cpx_classement_administratif":null,"cpx_gestionnaire":null,"cpx_toponyme_route_nommee":null,"cpx_toponyme_itineraire_cyclable":null,"cpx_toponyme_voie_verte":null,"cpx_nature_itineraire_autre":null,"cpx_toponyme_itineraire_autre":null,"delestage":null,"source_voie_ban_gauche":null,"source_voie_ban_droite":null,"nom_voie_ban_gauche":null,"nom_voie_ban_droite":null,"lieux_dits_ban_gauche":null,"lieux_dits_ban_droite":null,"identifiant_voie_ban_gauche":null,"identifiant_voie_ban_droite":null,"sens_amenagement_cyclable_gauche":null,"sens_amenagement_cyclable_droit":null,"amenagement_cyclable_gauche":null,"amenagement_cyclable_droit":null,"aire_de_retournement_dfci":null,"gabarit_dfci":null,"impasse_dfci":null,"nature_detaillee_dfci":null,"ouvrage_d_art_limitant_dfci":null,"pente_maximale_dfci":null,"piste_dfci":null,"piste_dfci_debroussaillee":null,"piste_dfci_fosses":null,"sens_de_circulation_dfci":null,"tout_terrain_dfci":null,"vitesse_moyenne_dfci":null,"zone_de_croisement_dfci":null,"categorie_dfci":null,"vitesse_collaborative":null,"id_ban_odonyme_droite":null,"id_ban_odonyme_gauche":null}},{"type":"Feature","id":"troncon_de_route.17590948","geometry":{"type":"LineString","coordinates":[[2.26123051,48.83400278,31],[2.26111501,48.83388515,30.9],[2.26106935,48.833839,30.7]]},"geometry_name":"geometrie","properties":{"cleabs":"TRONROUT0000002203436981","nature":"Route à 2 chaussées","nom_collaboratif_gauche":"QU POINT DU JOUR","nom_collaboratif_droite":"QU POINT DU JOUR","importance":"2","fictif":false,"position_par_rapport_au_sol":"0","etat_de_l_objet":"En service","date_creation":"2019-07-16T13:57:18.572Z","date_modification":"2023-09-24T08:24:57.760Z","date_d_apparition":null,"date_de_confirmation":null,"sources":null,"identifiants_sources":null,"methode_d_acquisition_planimetrique":"BDTopo","precision_planimetrique":2.5,"methode_d_acquisition_altimetrique":"BDTopo","precision_altimetrique":1.5,"nombre_de_voies":1,"largeur_de_chaussee":3,"itineraire_vert":true,"prive":false,"sens_de_circulation":"Sens direct","reserve_aux_bus":null,"urbain":true,"vitesse_moyenne_vl":25,"acces_vehicule_leger":"Libre","acces_pieton":null,"periode_de_fermeture":null,"nature_de_la_restriction":null,"restriction_de_hauteur":null,"restriction_de_poids_total":null,"restriction_de_poids_par_essieu":null,"restriction_de_largeur":null,"restriction_de_longueur":null,"matieres_dangereuses_interdites":false,"borne_debut_gauche":null,"borne_debut_droite":null,"borne_fin_gauche":null,"borne_fin_droite":null,"insee_commune_gauche":"92012","insee_commune_droite":"92012","alias_gauche":null,"alias_droit":null,"date_de_mise_en_service":null,"liens_vers_route_nommee":"ROUTNOMM0000000000552073","liens_vers_itineraire_autre":null,"cpx_numero":"D1","cpx_numero_route_europeenne":null,"cpx_classement_administratif":"Départementale","cpx_gestionnaire":"Hauts-de-Seine","cpx_toponyme_route_nommee":null,"cpx_toponyme_itineraire_cyclable":null,"cpx_toponyme_voie_verte":null,"cpx_nature_itineraire_autre":null,"cpx_toponyme_itineraire_autre":null,"delestage":null,"source_voie_ban_gauche":"commune","source_voie_ban_droite":"commune","nom_voie_ban_gauche":"Quai du Point du Jour","nom_voie_ban_droite":"Quai du Point du Jour","lieux_dits_ban_gauche":"","lieux_dits_ban_droite":"","identifiant_voie_ban_gauche":"92012_7231","identifiant_voie_ban_droite":"92012_7231","sens_amenagement_cyclable_gauche":null,"sens_amenagement_cyclable_droit":null,"amenagement_cyclable_gauche":null,"amenagement_cyclable_droit":null,"aire_de_retournement_dfci":null,"gabarit_dfci":null,"impasse_dfci":null,"nature_detaillee_dfci":null,"ouvrage_d_art_limitant_dfci":null,"pente_maximale_dfci":null,"piste_dfci":null,"piste_dfci_debroussaillee":null,"piste_dfci_fosses":null,"sens_de_circulation_dfci":null,"tout_terrain_dfci":null,"vitesse_moyenne_dfci":null,"zone_de_croisement_dfci":null,"categorie_dfci":null,"vitesse_collaborative":null,"id_ban_odonyme_droite":"f69b6cd8-c8f5-4316-b2ac-7d6bf4998eec","id_ban_odonyme_gauche":"f69b6cd8-c8f5-4316-b2ac-7d6bf4998eec"}},{"type":"Feature","id":"troncon_de_route.18453493","geometry":{"type":"LineString","coordinates":[[2.26847184,48.83746762,37.3],[2.26836878,48.83733568,36],[2.26829113,48.83723807,35],[2.26818125,48.83710699,33.8],[2.26804306,48.83695415,33.8],[2.26792234,48.8368194,33.9]]},"geometry_name":"geometrie","properties":{"cleabs":"TRONROUT0000002276050885","nature":"Route à 2 chaussées","nom_collaboratif_gauche":"QU D'ISSY-LES-MOULINEAUX","nom_collaboratif_droite":"QU D'ISSY-LES-MOULINEAUX","importance":"2","fictif":false,"position_par_rapport_au_sol":"0","etat_de_l_objet":"En service","date_creation":"2022-02-09T15:33:12.118Z","date_modification":"2025-02-18T08:23:51.993Z","date_d_apparition":null,"date_de_confirmation":null,"sources":null,"identifiants_sources":null,"methode_d_acquisition_planimetrique":"BDTopo","precision_planimetrique":2.5,"methode_d_acquisition_altimetrique":"BDTopo","precision_altimetrique":1.5,"nombre_de_voies":1,"largeur_de_chaussee":3.5,"itineraire_vert":false,"prive":false,"sens_de_circulation":"Sens direct","reserve_aux_bus":null,"urbain":true,"vitesse_moyenne_vl":45,"acces_vehicule_leger":"Libre","acces_pieton":null,"periode_de_fermeture":null,"nature_de_la_restriction":null,"restriction_de_hauteur":null,"restriction_de_poids_total":null,"restriction_de_poids_par_essieu":null,"restriction_de_largeur":null,"restriction_de_longueur":null,"matieres_dangereuses_interdites":false,"borne_debut_gauche":null,"borne_debut_droite":null,"borne_fin_gauche":null,"borne_fin_droite":null,"insee_commune_gauche":"75115","insee_commune_droite":"75115","alias_gauche":null,"alias_droit":null,"date_de_mise_en_service":null,"liens_vers_route_nommee":null,"liens_vers_itineraire_autre":null,"cpx_numero":null,"cpx_numero_route_europeenne":null,"cpx_classement_administratif":null,"cpx_gestionnaire":null,"cpx_toponyme_route_nommee":null,"cpx_toponyme_itineraire_cyclable":null,"cpx_toponyme_voie_verte":null,"cpx_nature_itineraire_autre":null,"cpx_toponyme_itineraire_autre":null,"delestage":null,"source_voie_ban_gauche":"commune","source_voie_ban_droite":"commune","nom_voie_ban_gauche":"Quai d'Issy-Les-Moulineaux","nom_voie_ban_droite":"Quai d'Issy-Les-Moulineaux","lieux_dits_ban_gauche":null,"lieux_dits_ban_droite":null,"identifiant_voie_ban_gauche":"75115_4750","identifiant_voie_ban_droite":"75115_4750","sens_amenagement_cyclable_gauche":"Double sens","sens_amenagement_cyclable_droit":null,"amenagement_cyclable_gauche":"Piste cyclable","amenagement_cyclable_droit":null,"aire_de_retournement_dfci":null,"gabarit_dfci":null,"impasse_dfci":null,"nature_detaillee_dfci":null,"ouvrage_d_art_limitant_dfci":null,"pente_maximale_dfci":null,"piste_dfci":null,"piste_dfci_debroussaillee":null,"piste_dfci_fosses":null,"sens_de_circulation_dfci":null,"tout_terrain_dfci":null,"vitesse_moyenne_dfci":null,"zone_de_croisement_dfci":null,"categorie_dfci":null,"vitesse_collaborative":null,"id_ban_odonyme_droite":null,"id_ban_odonyme_gauche":null}},{"type":"Feature","id":"troncon_de_route.18453496","geometry":{"type":"LineString","coordinates":[[2.26609663,48.83498518,-1000],[2.2660984,48.83505264,-1000],[2.26647159,48.83544706,-1000],[2.2665684,48.83553849,-1000]]},"geometry_name":"geometrie","properties":{"cleabs":"TRONROUT0000002276050888","nature":"Route à 1 chaussée","nom_collaboratif_gauche":null,"nom_collaboratif_droite":null,"importance":"6","fictif":false,"position_par_rapport_au_sol":"0","etat_de_l_objet":"En service","date_creation":"2022-02-09T15:33:12.118Z","date_modification":"2025-03-21T07:23:14.909Z","date_d_apparition":null,"date_de_confirmation":null,"sources":null,"identifiants_sources":null,"methode_d_acquisition_planimetrique":"Orthophotographie","precision_planimetrique":3,"methode_d_acquisition_altimetrique":"Pas de Z","precision_altimetrique":9999,"nombre_de_voies":null,"largeur_de_chaussee":null,"itineraire_vert":false,"prive":false,"sens_de_circulation":"Double sens","reserve_aux_bus":null,"urbain":true,"vitesse_moyenne_vl":0,"acces_vehicule_leger":"Physiquement impossible","acces_pieton":"Libre","periode_de_fermeture":null,"nature_de_la_restriction":"Piste cyclable","restriction_de_hauteur":null,"restriction_de_poids_total":null,"restriction_de_poids_par_essieu":null,"restriction_de_largeur":null,"restriction_de_longueur":null,"matieres_dangereuses_interdites":null,"borne_debut_gauche":null,"borne_debut_droite":null,"borne_fin_gauche":null,"borne_fin_droite":null,"insee_commune_gauche":"75115","insee_commune_droite":"75115","alias_gauche":null,"alias_droit":null,"date_de_mise_en_service":null,"liens_vers_route_nommee":null,"liens_vers_itineraire_autre":null,"cpx_numero":null,"cpx_numero_route_europeenne":null,"cpx_classement_administratif":null,"cpx_gestionnaire":null,"cpx_toponyme_route_nommee":null,"cpx_toponyme_itineraire_cyclable":null,"cpx_toponyme_voie_verte":null,"cpx_nature_itineraire_autre":null,"cpx_toponyme_itineraire_autre":null,"delestage":null,"source_voie_ban_gauche":null,"source_voie_ban_droite":null,"nom_voie_ban_gauche":null,"nom_voie_ban_droite":null,"lieux_dits_ban_gauche":null,"lieux_dits_ban_droite":null,"identifiant_voie_ban_gauche":null,"identifiant_voie_ban_droite":null,"sens_amenagement_cyclable_gauche":null,"sens_amenagement_cyclable_droit":null,"amenagement_cyclable_gauche":null,"amenagement_cyclable_droit":null,"aire_de_retournement_dfci":null,"gabarit_dfci":null,"impasse_dfci":null,"nature_detaillee_dfci":null,"ouvrage_d_art_limitant_dfci":null,"pente_maximale_dfci":null,"piste_dfci":null,"piste_dfci_debroussaillee":null,"piste_dfci_fosses":null,"sens_de_circulation_dfci":null,"tout_terrain_dfci":null,"vitesse_moyenne_dfci":null,"zone_de_croisement_dfci":null,"categorie_dfci":null,"vitesse_collaborative":null,"id_ban_odonyme_droite":null,"id_ban_odonyme_gauche":null}},{"type":"Feature","id":"troncon_de_route.18453497","geometry":{"type":"LineString","coordinates":[[2.2665684,48.83553849,-1000],[2.26695742,48.83587365,-1000]]},"geometry_name":"geometrie","properties":{"cleabs":"TRONROUT0000002276050889","nature":"Route à 1 chaussée","nom_collaboratif_gauche":null,"nom_collaboratif_droite":null,"importance":"6","fictif":false,"position_par_rapport_au_sol":"0","etat_de_l_objet":"En service","date_creation":"2022-02-09T15:33:12.118Z","date_modification":"2025-03-21T07:23:14.909Z","date_d_apparition":null,"date_de_confirmation":null,"sources":null,"identifiants_sources":null,"methode_d_acquisition_planimetrique":"Orthophotographie","precision_planimetrique":3,"methode_d_acquisition_altimetrique":"Pas de Z","precision_altimetrique":9999,"nombre_de_voies":null,"largeur_de_chaussee":null,"itineraire_vert":false,"prive":false,"sens_de_circulation":"Double sens","reserve_aux_bus":null,"urbain":true,"vitesse_moyenne_vl":0,"acces_vehicule_leger":"Physiquement impossible","acces_pieton":"Libre","periode_de_fermeture":null,"nature_de_la_restriction":"Piste cyclable","restriction_de_hauteur":null,"restriction_de_poids_total":null,"restriction_de_poids_par_essieu":null,"restriction_de_largeur":null,"restriction_de_longueur":null,"matieres_dangereuses_interdites":null,"borne_debut_gauche":null,"borne_debut_droite":null,"borne_fin_gauche":null,"borne_fin_droite":null,"insee_commune_gauche":"75115","insee_commune_droite":"75115","alias_gauche":null,"alias_droit":null,"date_de_mise_en_service":null,"liens_vers_route_nommee":null,"liens_vers_itineraire_autre":null,"cpx_numero":null,"cpx_numero_route_europeenne":null,"cpx_classement_administratif":null,"cpx_gestionnaire":null,"cpx_toponyme_route_nommee":null,"cpx_toponyme_itineraire_cyclable":null,"cpx_toponyme_voie_verte":null,"cpx_nature_itineraire_autre":null,"cpx_toponyme_itineraire_autre":null,"delestage":null,"source_voie_ban_gauche":null,"source_voie_ban_droite":null,"nom_voie_ban_gauche":null,"nom_voie_ban_droite":null,"lieux_dits_ban_gauche":null,"lieux_dits_ban_droite":null,"identifiant_voie_ban_gauche":null,"identifiant_voie_ban_droite":null,"sens_amenagement_cyclable_gauche":null,"sens_amenagement_cyclable_droit":null,"amenagement_cyclable_gauche":null,"amenagement_cyclable_droit":null,"aire_de_retournement_dfci":null,"gabarit_dfci":null,"impasse_dfci":null,"nature_detaillee_dfci":null,"ouvrage_d_art_limitant_dfci":null,"pente_maximale_dfci":null,"piste_dfci":null,"piste_dfci_debroussaillee":null,"piste_dfci_fosses":null,"sens_de_circulation_dfci":null,"tout_terrain_dfci":null,"vitesse_moyenne_dfci":null,"zone_de_croisement_dfci":null,"categorie_dfci":null,"vitesse_collaborative":null,"id_ban_odonyme_droite":null,"id_ban_odonyme_gauche":null}},{"type":"Feature","id":"troncon_de_route.20026931","geometry":{"type":"LineString","coordinates":[[2.26902309,48.83565964,39.2],[2.26886531,48.83554446,41],[2.26868859,48.83541926,42.9],[2.26857235,48.8353538,41.9],[2.26847088,48.83530281,42.5],[2.26839774,48.83527269,42.4]]},"geometry_name":"geometrie","properties":{"cleabs":"TRONROUT0000002499354466","nature":"Bretelle","nom_collaboratif_gauche":null,"nom_collaboratif_droite":null,"importance":"2","fictif":false,"position_par_rapport_au_sol":"2","etat_de_l_objet":"En service","date_creation":"2026-03-18T11:55:09.383Z","date_modification":null,"date_d_apparition":null,"date_de_confirmation":null,"sources":null,"identifiants_sources":null,"methode_d_acquisition_planimetrique":"BDTopo","precision_planimetrique":2.5,"methode_d_acquisition_altimetrique":"BDTopo","precision_altimetrique":1.5,"nombre_de_voies":1,"largeur_de_chaussee":3,"itineraire_vert":true,"prive":false,"sens_de_circulation":"Sens direct","reserve_aux_bus":null,"urbain":true,"vitesse_moyenne_vl":55,"acces_vehicule_leger":"Libre","acces_pieton":null,"periode_de_fermeture":null,"nature_de_la_restriction":null,"restriction_de_hauteur":null,"restriction_de_poids_total":null,"restriction_de_poids_par_essieu":null,"restriction_de_largeur":null,"restriction_de_longueur":null,"matieres_dangereuses_interdites":false,"borne_debut_gauche":null,"borne_debut_droite":null,"borne_fin_gauche":null,"borne_fin_droite":null,"insee_commune_gauche":"75115","insee_commune_droite":"75115","alias_gauche":null,"alias_droit":null,"date_de_mise_en_service":null,"liens_vers_route_nommee":null,"liens_vers_itineraire_autre":null,"cpx_numero":null,"cpx_numero_route_europeenne":null,"cpx_classement_administratif":null,"cpx_gestionnaire":null,"cpx_toponyme_route_nommee":null,"cpx_toponyme_itineraire_cyclable":null,"cpx_toponyme_voie_verte":null,"cpx_nature_itineraire_autre":null,"cpx_toponyme_itineraire_autre":null,"delestage":null,"source_voie_ban_gauche":null,"source_voie_ban_droite":null,"nom_voie_ban_gauche":null,"nom_voie_ban_droite":null,"lieux_dits_ban_gauche":null,"lieux_dits_ban_droite":null,"identifiant_voie_ban_gauche":null,"identifiant_voie_ban_droite":null,"sens_amenagement_cyclable_gauche":null,"sens_amenagement_cyclable_droit":null,"amenagement_cyclable_gauche":null,"amenagement_cyclable_droit":null,"aire_de_retournement_dfci":null,"gabarit_dfci":null,"impasse_dfci":null,"nature_detaillee_dfci":null,"ouvrage_d_art_limitant_dfci":null,"pente_maximale_dfci":null,"piste_dfci":null,"piste_dfci_debroussaillee":null,"piste_dfci_fosses":null,"sens_de_circulation_dfci":null,"tout_terrain_dfci":null,"vitesse_moyenne_dfci":null,"zone_de_croisement_dfci":null,"categorie_dfci":null,"vitesse_collaborative":null,"id_ban_odonyme_droite":null,"id_ban_odonyme_gauche":null}},{"type":"Feature","id":"troncon_de_route.21284","geometry":{"type":"LineString","coordinates":[[2.26857035,48.83607868,37.1],[2.26871517,48.83604989,36],[2.26886266,48.83602471,35.6],[2.26903302,48.83602035,35.4],[2.26928622,48.83603539,34.5],[2.26952575,48.83605304,34.3],[2.26975029,48.8360715,34.4],[2.26982092,48.83608722,34.7],[2.26987238,48.83610912,34.9],[2.26991004,48.83614443,35.1],[2.26992443,48.83618679,35.2],[2.2699197,48.83623263,35.8],[2.26979537,48.83674361,38.1],[2.26971224,48.8370372,38.6],[2.26968988,48.83707754,38.6],[2.26964175,48.83710872,38.5],[2.26955137,48.83714144,38.5],[2.26918258,48.83720844,37.8]]},"geometry_name":"geometrie","properties":{"cleabs":"TRONROUT0000000000202219","nature":"Route à 1 chaussée","nom_collaboratif_gauche":null,"nom_collaboratif_droite":null,"importance":"5","fictif":false,"position_par_rapport_au_sol":"0","etat_de_l_objet":"En service","date_creation":"2006-05-22T11:18:11.781Z","date_modification":"2023-09-21T08:16:01.974Z","date_d_apparition":null,"date_de_confirmation":null,"sources":null,"identifiants_sources":null,"methode_d_acquisition_planimetrique":"BDTopo","precision_planimetrique":2.5,"methode_d_acquisition_altimetrique":"BDTopo","precision_altimetrique":1.5,"nombre_de_voies":2,"largeur_de_chaussee":5,"itineraire_vert":false,"prive":false,"sens_de_circulation":"Double sens","reserve_aux_bus":null,"urbain":true,"vitesse_moyenne_vl":0,"acces_vehicule_leger":"Restreint aux ayants droit","acces_pieton":null,"periode_de_fermeture":null,"nature_de_la_restriction":null,"restriction_de_hauteur":null,"restriction_de_poids_total":null,"restriction_de_poids_par_essieu":null,"restriction_de_largeur":null,"restriction_de_longueur":null,"matieres_dangereuses_interdites":false,"borne_debut_gauche":null,"borne_debut_droite":null,"borne_fin_gauche":null,"borne_fin_droite":null,"insee_commune_gauche":"75115","insee_commune_droite":"75115","alias_gauche":null,"alias_droit":null,"date_de_mise_en_service":null,"liens_vers_route_nommee":null,"liens_vers_itineraire_autre":null,"cpx_numero":null,"cpx_numero_route_europeenne":null,"cpx_classement_administratif":null,"cpx_gestionnaire":null,"cpx_toponyme_route_nommee":null,"cpx_toponyme_itineraire_cyclable":null,"cpx_toponyme_voie_verte":null,"cpx_nature_itineraire_autre":null,"cpx_toponyme_itineraire_autre":null,"delestage":null,"source_voie_ban_gauche":null,"source_voie_ban_droite":null,"nom_voie_ban_gauche":null,"nom_voie_ban_droite":null,"lieux_dits_ban_gauche":null,"lieux_dits_ban_droite":null,"identifiant_voie_ban_gauche":null,"identifiant_voie_ban_droite":null,"sens_amenagement_cyclable_gauche":null,"sens_amenagement_cyclable_droit":null,"amenagement_cyclable_gauche":null,"amenagement_cyclable_droit":null,"aire_de_retournement_dfci":null,"gabarit_dfci":null,"impasse_dfci":null,"nature_detaillee_dfci":null,"ouvrage_d_art_limitant_dfci":null,"pente_maximale_dfci":null,"piste_dfci":null,"piste_dfci_debroussaillee":null,"piste_dfci_fosses":null,"sens_de_circulation_dfci":null,"tout_terrain_dfci":null,"vitesse_moyenne_dfci":null,"zone_de_croisement_dfci":null,"categorie_dfci":null,"vitesse_collaborative":null,"id_ban_odonyme_droite":null,"id_ban_odonyme_gauche":null}},{"type":"Feature","id":"troncon_de_route.21289","geometry":{"type":"LineString","coordinates":[[2.26918258,48.83720844,37.8],[2.26857035,48.83607868,37.1]]},"geometry_name":"geometrie","properties":{"cleabs":"TRONROUT0000000000202226","nature":"Route à 1 chaussée","nom_collaboratif_gauche":null,"nom_collaboratif_droite":null,"importance":"5","fictif":false,"position_par_rapport_au_sol":"0","etat_de_l_objet":"En service","date_creation":"2006-05-22T11:18:11.781Z","date_modification":"2023-09-21T08:16:01.974Z","date_d_apparition":null,"date_de_confirmation":null,"sources":null,"identifiants_sources":null,"methode_d_acquisition_planimetrique":"BDTopo","precision_planimetrique":2.5,"methode_d_acquisition_altimetrique":"BDTopo","precision_altimetrique":1.5,"nombre_de_voies":2,"largeur_de_chaussee":5,"itineraire_vert":false,"prive":false,"sens_de_circulation":"Double sens","reserve_aux_bus":null,"urbain":true,"vitesse_moyenne_vl":0,"acces_vehicule_leger":"Restreint aux ayants droit","acces_pieton":null,"periode_de_fermeture":null,"nature_de_la_restriction":null,"restriction_de_hauteur":null,"restriction_de_poids_total":null,"restriction_de_poids_par_essieu":null,"restriction_de_largeur":null,"restriction_de_longueur":null,"matieres_dangereuses_interdites":false,"borne_debut_gauche":null,"borne_debut_droite":null,"borne_fin_gauche":null,"borne_fin_droite":null,"insee_commune_gauche":"75115","insee_commune_droite":"75115","alias_gauche":null,"alias_droit":null,"date_de_mise_en_service":null,"liens_vers_route_nommee":null,"liens_vers_itineraire_autre":null,"cpx_numero":null,"cpx_numero_route_europeenne":null,"cpx_classement_administratif":null,"cpx_gestionnaire":null,"cpx_toponyme_route_nommee":null,"cpx_toponyme_itineraire_cyclable":null,"cpx_toponyme_voie_verte":null,"cpx_nature_itineraire_autre":null,"cpx_toponyme_itineraire_autre":null,"delestage":null,"source_voie_ban_gauche":null,"source_voie_ban_droite":null,"nom_voie_ban_gauche":null,"nom_voie_ban_droite":null,"lieux_dits_ban_gauche":null,"lieux_dits_ban_droite":null,"identifiant_voie_ban_gauche":null,"identifiant_voie_ban_droite":null,"sens_amenagement_cyclable_gauche":null,"sens_amenagement_cyclable_droit":null,"amenagement_cyclable_gauche":null,"amenagement_cyclable_droit":null,"aire_de_retournement_dfci":null,"gabarit_dfci":null,"impasse_dfci":null,"nature_detaillee_dfci":null,"ouvrage_d_art_limitant_dfci":null,"pente_maximale_dfci":null,"piste_dfci":null,"piste_dfci_debroussaillee":null,"piste_dfci_fosses":null,"sens_de_circulation_dfci":null,"tout_terrain_dfci":null,"vitesse_moyenne_dfci":null,"zone_de_croisement_dfci":null,"categorie_dfci":null,"vitesse_collaborative":null,"id_ban_odonyme_droite":null,"id_ban_odonyme_gauche":null}},{"type":"Feature","id":"troncon_de_route.21293","geometry":{"type":"LineString","coordinates":[[2.26977486,48.8385971,41.5],[2.26960816,48.83843689,41.9],[2.26945229,48.83828125,41.5],[2.26925359,48.83807138,41],[2.26908063,48.83787156,40],[2.26892149,48.83765833,39],[2.26862073,48.83724548,35.1],[2.26841564,48.83700589,34.3],[2.26828692,48.83685851,33.7],[2.26791553,48.83652796,33.1]]},"geometry_name":"geometrie","properties":{"cleabs":"TRONROUT0000000000202229","nature":"Route à 2 chaussées","nom_collaboratif_gauche":"QU D'ISSY-LES-MOULINEAUX","nom_collaboratif_droite":"QU D'ISSY-LES-MOULINEAUX","importance":"2","fictif":false,"position_par_rapport_au_sol":"0","etat_de_l_objet":"En service","date_creation":"2006-05-22T11:18:11.781Z","date_modification":"2026-02-14T13:33:23.885Z","date_d_apparition":null,"date_de_confirmation":null,"sources":null,"identifiants_sources":null,"methode_d_acquisition_planimetrique":"BDTopo","precision_planimetrique":2.5,"methode_d_acquisition_altimetrique":"BDTopo","precision_altimetrique":1.5,"nombre_de_voies":2,"largeur_de_chaussee":5,"itineraire_vert":false,"prive":false,"sens_de_circulation":"Sens inverse","reserve_aux_bus":null,"urbain":true,"vitesse_moyenne_vl":45,"acces_vehicule_leger":"Libre","acces_pieton":null,"periode_de_fermeture":null,"nature_de_la_restriction":null,"restriction_de_hauteur":null,"restriction_de_poids_total":null,"restriction_de_poids_par_essieu":null,"restriction_de_largeur":null,"restriction_de_longueur":null,"matieres_dangereuses_interdites":false,"borne_debut_gauche":"1","borne_debut_droite":null,"borne_fin_gauche":"35","borne_fin_droite":null,"insee_commune_gauche":"75115","insee_commune_droite":"75115","alias_gauche":null,"alias_droit":null,"date_de_mise_en_service":null,"liens_vers_route_nommee":null,"liens_vers_itineraire_autre":null,"cpx_numero":null,"cpx_numero_route_europeenne":null,"cpx_classement_administratif":null,"cpx_gestionnaire":null,"cpx_toponyme_route_nommee":null,"cpx_toponyme_itineraire_cyclable":null,"cpx_toponyme_voie_verte":null,"cpx_nature_itineraire_autre":null,"cpx_toponyme_itineraire_autre":null,"delestage":null,"source_voie_ban_gauche":"commune","source_voie_ban_droite":"commune","nom_voie_ban_gauche":"Quai d'Issy-Les-Moulineaux","nom_voie_ban_droite":"Quai d'Issy-Les-Moulineaux","lieux_dits_ban_gauche":null,"lieux_dits_ban_droite":null,"identifiant_voie_ban_gauche":"75115_4750","identifiant_voie_ban_droite":"75115_4750","sens_amenagement_cyclable_gauche":null,"sens_amenagement_cyclable_droit":null,"amenagement_cyclable_gauche":null,"amenagement_cyclable_droit":null,"aire_de_retournement_dfci":null,"gabarit_dfci":null,"impasse_dfci":null,"nature_detaillee_dfci":null,"ouvrage_d_art_limitant_dfci":null,"pente_maximale_dfci":null,"piste_dfci":null,"piste_dfci_debroussaillee":null,"piste_dfci_fosses":null,"sens_de_circulation_dfci":null,"tout_terrain_dfci":null,"vitesse_moyenne_dfci":null,"zone_de_croisement_dfci":null,"categorie_dfci":null,"vitesse_collaborative":null,"id_ban_odonyme_droite":null,"id_ban_odonyme_gauche":null}},{"type":"Feature","id":"troncon_de_route.21295","geometry":{"type":"LineString","coordinates":[[2.26792234,48.8368194,33.9],[2.2677127,48.83661306,33.3],[2.26763553,48.83657841,33.1]]},"geometry_name":"geometrie","properties":{"cleabs":"TRONROUT0000000000202231","nature":"Route à 2 chaussées","nom_collaboratif_gauche":"QU D'ISSY-LES-MOULINEAUX","nom_collaboratif_droite":"QU D'ISSY-LES-MOULINEAUX","importance":"2","fictif":false,"position_par_rapport_au_sol":"0","etat_de_l_objet":"En service","date_creation":"2006-05-22T11:18:11.781Z","date_modification":"2024-12-14T03:37:38.607Z","date_d_apparition":null,"date_de_confirmation":null,"sources":null,"identifiants_sources":null,"methode_d_acquisition_planimetrique":"BDTopo","precision_planimetrique":2.5,"methode_d_acquisition_altimetrique":"BDTopo","precision_altimetrique":1.5,"nombre_de_voies":1,"largeur_de_chaussee":3.5,"itineraire_vert":false,"prive":false,"sens_de_circulation":"Sens direct","reserve_aux_bus":null,"urbain":true,"vitesse_moyenne_vl":45,"acces_vehicule_leger":"Libre","acces_pieton":null,"periode_de_fermeture":null,"nature_de_la_restriction":null,"restriction_de_hauteur":null,"restriction_de_poids_total":null,"restriction_de_poids_par_essieu":null,"restriction_de_largeur":null,"restriction_de_longueur":null,"matieres_dangereuses_interdites":false,"borne_debut_gauche":null,"borne_debut_droite":null,"borne_fin_gauche":null,"borne_fin_droite":null,"insee_commune_gauche":"75115","insee_commune_droite":"75115","alias_gauche":null,"alias_droit":null,"date_de_mise_en_service":null,"liens_vers_route_nommee":null,"liens_vers_itineraire_autre":null,"cpx_numero":null,"cpx_numero_route_europeenne":null,"cpx_classement_administratif":null,"cpx_gestionnaire":null,"cpx_toponyme_route_nommee":null,"cpx_toponyme_itineraire_cyclable":null,"cpx_toponyme_voie_verte":null,"cpx_nature_itineraire_autre":null,"cpx_toponyme_itineraire_autre":null,"delestage":null,"source_voie_ban_gauche":"commune","source_voie_ban_droite":"commune","nom_voie_ban_gauche":"Quai d'Issy-Les-Moulineaux","nom_voie_ban_droite":"Quai d'Issy-Les-Moulineaux","lieux_dits_ban_gauche":null,"lieux_dits_ban_droite":null,"identifiant_voie_ban_gauche":"75115_4750","identifiant_voie_ban_droite":"75115_4750","sens_amenagement_cyclable_gauche":null,"sens_amenagement_cyclable_droit":null,"amenagement_cyclable_gauche":null,"amenagement_cyclable_droit":null,"aire_de_retournement_dfci":null,"gabarit_dfci":null,"impasse_dfci":null,"nature_detaillee_dfci":null,"ouvrage_d_art_limitant_dfci":null,"pente_maximale_dfci":null,"piste_dfci":null,"piste_dfci_debroussaillee":null,"piste_dfci_fosses":null,"sens_de_circulation_dfci":null,"tout_terrain_dfci":null,"vitesse_moyenne_dfci":null,"zone_de_croisement_dfci":null,"categorie_dfci":null,"vitesse_collaborative":null,"id_ban_odonyme_droite":null,"id_ban_odonyme_gauche":null}},{"type":"Feature","id":"troncon_de_route.21296","geometry":{"type":"LineString","coordinates":[[2.26722739,48.83576108,32.3],[2.26791553,48.83652796,33.1]]},"geometry_name":"geometrie","properties":{"cleabs":"TRONROUT0000000000202232","nature":"Route à 2 chaussées","nom_collaboratif_gauche":"QU D'ISSY-LES-MOULINEAUX","nom_collaboratif_droite":"QU D'ISSY-LES-MOULINEAUX","importance":"2","fictif":false,"position_par_rapport_au_sol":"0","etat_de_l_objet":"En service","date_creation":"2006-05-22T11:18:11.781Z","date_modification":"2026-02-01T09:17:13.498Z","date_d_apparition":null,"date_de_confirmation":null,"sources":null,"identifiants_sources":null,"methode_d_acquisition_planimetrique":"BDTopo","precision_planimetrique":2.5,"methode_d_acquisition_altimetrique":"BDTopo","precision_altimetrique":1.5,"nombre_de_voies":2,"largeur_de_chaussee":7,"itineraire_vert":false,"prive":false,"sens_de_circulation":"Sens direct","reserve_aux_bus":null,"urbain":true,"vitesse_moyenne_vl":45,"acces_vehicule_leger":"Libre","acces_pieton":null,"periode_de_fermeture":null,"nature_de_la_restriction":null,"restriction_de_hauteur":null,"restriction_de_poids_total":null,"restriction_de_poids_par_essieu":null,"restriction_de_largeur":null,"restriction_de_longueur":null,"matieres_dangereuses_interdites":false,"borne_debut_gauche":null,"borne_debut_droite":"47","borne_fin_gauche":null,"borne_fin_droite":"31P","insee_commune_gauche":"75115","insee_commune_droite":"75115","alias_gauche":null,"alias_droit":null,"date_de_mise_en_service":null,"liens_vers_route_nommee":null,"liens_vers_itineraire_autre":null,"cpx_numero":null,"cpx_numero_route_europeenne":null,"cpx_classement_administratif":null,"cpx_gestionnaire":null,"cpx_toponyme_route_nommee":null,"cpx_toponyme_itineraire_cyclable":null,"cpx_toponyme_voie_verte":null,"cpx_nature_itineraire_autre":null,"cpx_toponyme_itineraire_autre":null,"delestage":null,"source_voie_ban_gauche":"commune","source_voie_ban_droite":"commune","nom_voie_ban_gauche":"Quai d'Issy-Les-Moulineaux","nom_voie_ban_droite":"Quai d'Issy-Les-Moulineaux","lieux_dits_ban_gauche":null,"lieux_dits_ban_droite":null,"identifiant_voie_ban_gauche":"75115_4750","identifiant_voie_ban_droite":"75115_4750","sens_amenagement_cyclable_gauche":null,"sens_amenagement_cyclable_droit":null,"amenagement_cyclable_gauche":null,"amenagement_cyclable_droit":null,"aire_de_retournement_dfci":null,"gabarit_dfci":null,"impasse_dfci":null,"nature_detaillee_dfci":null,"ouvrage_d_art_limitant_dfci":null,"pente_maximale_dfci":null,"piste_dfci":null,"piste_dfci_debroussaillee":null,"piste_dfci_fosses":null,"sens_de_circulation_dfci":null,"tout_terrain_dfci":null,"vitesse_moyenne_dfci":null,"zone_de_croisement_dfci":null,"categorie_dfci":null,"vitesse_collaborative":null,"id_ban_odonyme_droite":null,"id_ban_odonyme_gauche":null}},{"type":"Feature","id":"troncon_de_route.21297","geometry":{"type":"LineString","coordinates":[[2.26685326,48.83591708,31.9],[2.26763553,48.83657841,33.1]]},"geometry_name":"geometrie","properties":{"cleabs":"TRONROUT0000000000202233","nature":"Route à 2 chaussées","nom_collaboratif_gauche":"QU D'ISSY-LES-MOULINEAUX","nom_collaboratif_droite":"QU D'ISSY-LES-MOULINEAUX","importance":"2","fictif":false,"position_par_rapport_au_sol":"0","etat_de_l_objet":"En service","date_creation":"2006-05-22T11:18:11.781Z","date_modification":"2026-01-31T16:21:20.349Z","date_d_apparition":null,"date_de_confirmation":null,"sources":null,"identifiants_sources":null,"methode_d_acquisition_planimetrique":"BDTopo","precision_planimetrique":2.5,"methode_d_acquisition_altimetrique":"BDTopo","precision_altimetrique":1.5,"nombre_de_voies":4,"largeur_de_chaussee":12,"itineraire_vert":false,"prive":false,"sens_de_circulation":"Sens inverse","reserve_aux_bus":null,"urbain":true,"vitesse_moyenne_vl":45,"acces_vehicule_leger":"Libre","acces_pieton":null,"periode_de_fermeture":null,"nature_de_la_restriction":null,"restriction_de_hauteur":null,"restriction_de_poids_total":null,"restriction_de_poids_par_essieu":null,"restriction_de_largeur":null,"restriction_de_longueur":null,"matieres_dangereuses_interdites":false,"borne_debut_gauche":"22","borne_debut_droite":null,"borne_fin_gauche":"22","borne_fin_droite":null,"insee_commune_gauche":"75115","insee_commune_droite":"75115","alias_gauche":null,"alias_droit":null,"date_de_mise_en_service":null,"liens_vers_route_nommee":null,"liens_vers_itineraire_autre":null,"cpx_numero":null,"cpx_numero_route_europeenne":null,"cpx_classement_administratif":null,"cpx_gestionnaire":null,"cpx_toponyme_route_nommee":null,"cpx_toponyme_itineraire_cyclable":null,"cpx_toponyme_voie_verte":null,"cpx_nature_itineraire_autre":null,"cpx_toponyme_itineraire_autre":null,"delestage":null,"source_voie_ban_gauche":"commune","source_voie_ban_droite":"commune","nom_voie_ban_gauche":"Quai d'Issy-Les-Moulineaux","nom_voie_ban_droite":"Quai d'Issy-Les-Moulineaux","lieux_dits_ban_gauche":null,"lieux_dits_ban_droite":null,"identifiant_voie_ban_gauche":"75115_4750","identifiant_voie_ban_droite":"75115_4750","sens_amenagement_cyclable_gauche":null,"sens_amenagement_cyclable_droit":null,"amenagement_cyclable_gauche":null,"amenagement_cyclable_droit":null,"aire_de_retournement_dfci":null,"gabarit_dfci":null,"impasse_dfci":null,"nature_detaillee_dfci":null,"ouvrage_d_art_limitant_dfci":null,"pente_maximale_dfci":null,"piste_dfci":null,"piste_dfci_debroussaillee":null,"piste_dfci_fosses":null,"sens_de_circulation_dfci":null,"tout_terrain_dfci":null,"vitesse_moyenne_dfci":null,"zone_de_croisement_dfci":null,"categorie_dfci":null,"vitesse_collaborative":null,"id_ban_odonyme_droite":null,"id_ban_odonyme_gauche":null}},{"type":"Feature","id":"troncon_de_route.21298","geometry":{"type":"LineString","coordinates":[[2.26695742,48.83587365,32],[2.26722739,48.83576108,32.3]]},"geometry_name":"geometrie","properties":{"cleabs":"TRONROUT0000000000202234","nature":"Route à 1 chaussée","nom_collaboratif_gauche":null,"nom_collaboratif_droite":null,"importance":"5","fictif":false,"position_par_rapport_au_sol":"0","etat_de_l_objet":"En service","date_creation":"2006-05-22T11:18:11.781Z","date_modification":"2023-09-21T08:16:01.974Z","date_d_apparition":null,"date_de_confirmation":null,"sources":null,"identifiants_sources":null,"methode_d_acquisition_planimetrique":"Calculé","precision_planimetrique":20,"methode_d_acquisition_altimetrique":"Z corrigé","precision_altimetrique":2.5,"nombre_de_voies":4,"largeur_de_chaussee":14,"itineraire_vert":false,"prive":false,"sens_de_circulation":"Double sens","reserve_aux_bus":null,"urbain":true,"vitesse_moyenne_vl":0,"acces_vehicule_leger":"Restreint aux ayants droit","acces_pieton":"Libre","periode_de_fermeture":null,"nature_de_la_restriction":null,"restriction_de_hauteur":null,"restriction_de_poids_total":null,"restriction_de_poids_par_essieu":null,"restriction_de_largeur":null,"restriction_de_longueur":null,"matieres_dangereuses_interdites":false,"borne_debut_gauche":null,"borne_debut_droite":null,"borne_fin_gauche":null,"borne_fin_droite":null,"insee_commune_gauche":"75115","insee_commune_droite":"75115","alias_gauche":null,"alias_droit":null,"date_de_mise_en_service":null,"liens_vers_route_nommee":null,"liens_vers_itineraire_autre":null,"cpx_numero":null,"cpx_numero_route_europeenne":null,"cpx_classement_administratif":null,"cpx_gestionnaire":null,"cpx_toponyme_route_nommee":null,"cpx_toponyme_itineraire_cyclable":null,"cpx_toponyme_voie_verte":null,"cpx_nature_itineraire_autre":null,"cpx_toponyme_itineraire_autre":null,"delestage":null,"source_voie_ban_gauche":null,"source_voie_ban_droite":null,"nom_voie_ban_gauche":null,"nom_voie_ban_droite":null,"lieux_dits_ban_gauche":null,"lieux_dits_ban_droite":null,"identifiant_voie_ban_gauche":null,"identifiant_voie_ban_droite":null,"sens_amenagement_cyclable_gauche":null,"sens_amenagement_cyclable_droit":null,"amenagement_cyclable_gauche":null,"amenagement_cyclable_droit":null,"aire_de_retournement_dfci":null,"gabarit_dfci":null,"impasse_dfci":null,"nature_detaillee_dfci":null,"ouvrage_d_art_limitant_dfci":null,"pente_maximale_dfci":null,"piste_dfci":null,"piste_dfci_debroussaillee":null,"piste_dfci_fosses":null,"sens_de_circulation_dfci":null,"tout_terrain_dfci":null,"vitesse_moyenne_dfci":null,"zone_de_croisement_dfci":null,"categorie_dfci":null,"vitesse_collaborative":null,"id_ban_odonyme_droite":null,"id_ban_odonyme_gauche":null}},{"type":"Feature","id":"troncon_de_route.21980","geometry":{"type":"LineString","coordinates":[[2.26868897,48.83539229,32.3],[2.26887785,48.83542762,33.2],[2.26903673,48.83546456,34],[2.26919,48.83551317,34.7],[2.26929848,48.8355498,35.5]]},"geometry_name":"geometrie","properties":{"cleabs":"TRONROUT0000000000203088","nature":"Route à 1 chaussée","nom_collaboratif_gauche":"QUAI D'ISSY","nom_collaboratif_droite":"QUAI D'ISSY","importance":"2","fictif":false,"position_par_rapport_au_sol":"0","etat_de_l_objet":"En service","date_creation":"2006-05-22T11:18:11.781Z","date_modification":"2024-02-13T17:10:46.878Z","date_d_apparition":null,"date_de_confirmation":null,"sources":null,"identifiants_sources":null,"methode_d_acquisition_planimetrique":"BDTopo","precision_planimetrique":2.5,"methode_d_acquisition_altimetrique":"BDTopo","precision_altimetrique":1.5,"nombre_de_voies":2,"largeur_de_chaussee":7,"itineraire_vert":true,"prive":false,"sens_de_circulation":"Sens inverse","reserve_aux_bus":null,"urbain":true,"vitesse_moyenne_vl":35,"acces_vehicule_leger":"Libre","acces_pieton":null,"periode_de_fermeture":null,"nature_de_la_restriction":null,"restriction_de_hauteur":null,"restriction_de_poids_total":null,"restriction_de_poids_par_essieu":null,"restriction_de_largeur":null,"restriction_de_longueur":null,"matieres_dangereuses_interdites":false,"borne_debut_gauche":null,"borne_debut_droite":null,"borne_fin_gauche":null,"borne_fin_droite":null,"insee_commune_gauche":"75115","insee_commune_droite":"75115","alias_gauche":null,"alias_droit":null,"date_de_mise_en_service":null,"liens_vers_route_nommee":null,"liens_vers_itineraire_autre":null,"cpx_numero":null,"cpx_numero_route_europeenne":null,"cpx_classement_administratif":null,"cpx_gestionnaire":null,"cpx_toponyme_route_nommee":null,"cpx_toponyme_itineraire_cyclable":null,"cpx_toponyme_voie_verte":null,"cpx_nature_itineraire_autre":null,"cpx_toponyme_itineraire_autre":null,"delestage":null,"source_voie_ban_gauche":null,"source_voie_ban_droite":null,"nom_voie_ban_gauche":null,"nom_voie_ban_droite":null,"lieux_dits_ban_gauche":null,"lieux_dits_ban_droite":null,"identifiant_voie_ban_gauche":null,"identifiant_voie_ban_droite":null,"sens_amenagement_cyclable_gauche":null,"sens_amenagement_cyclable_droit":null,"amenagement_cyclable_gauche":null,"amenagement_cyclable_droit":null,"aire_de_retournement_dfci":null,"gabarit_dfci":null,"impasse_dfci":null,"nature_detaillee_dfci":null,"ouvrage_d_art_limitant_dfci":null,"pente_maximale_dfci":null,"piste_dfci":null,"piste_dfci_debroussaillee":null,"piste_dfci_fosses":null,"sens_de_circulation_dfci":null,"tout_terrain_dfci":null,"vitesse_moyenne_dfci":null,"zone_de_croisement_dfci":null,"categorie_dfci":null,"vitesse_collaborative":null,"id_ban_odonyme_droite":null,"id_ban_odonyme_gauche":null}},{"type":"Feature","id":"troncon_de_route.21982","geometry":{"type":"LineString","coordinates":[[2.26966065,48.83546837,35.9],[2.26922803,48.83542436,34.4],[2.26890704,48.83538642,33.1],[2.26873829,48.8353728,32.5],[2.26856257,48.83537083,32]]},"geometry_name":"geometrie","properties":{"cleabs":"TRONROUT0000000000203090","nature":"Bretelle","nom_collaboratif_gauche":null,"nom_collaboratif_droite":null,"importance":"2","fictif":false,"position_par_rapport_au_sol":"0","etat_de_l_objet":"En service","date_creation":"2006-05-22T11:18:11.781Z","date_modification":"2026-03-06T16:55:20.568Z","date_d_apparition":null,"date_de_confirmation":null,"sources":null,"identifiants_sources":null,"methode_d_acquisition_planimetrique":"BDTopo","precision_planimetrique":2.5,"methode_d_acquisition_altimetrique":"BDTopo","precision_altimetrique":1.5,"nombre_de_voies":1,"largeur_de_chaussee":3,"itineraire_vert":true,"prive":false,"sens_de_circulation":"Sens direct","reserve_aux_bus":null,"urbain":true,"vitesse_moyenne_vl":45,"acces_vehicule_leger":"Libre","acces_pieton":null,"periode_de_fermeture":null,"nature_de_la_restriction":null,"restriction_de_hauteur":null,"restriction_de_poids_total":null,"restriction_de_poids_par_essieu":null,"restriction_de_largeur":null,"restriction_de_longueur":null,"matieres_dangereuses_interdites":false,"borne_debut_gauche":null,"borne_debut_droite":null,"borne_fin_gauche":null,"borne_fin_droite":null,"insee_commune_gauche":"75115","insee_commune_droite":"75115","alias_gauche":null,"alias_droit":null,"date_de_mise_en_service":null,"liens_vers_route_nommee":null,"liens_vers_itineraire_autre":null,"cpx_numero":null,"cpx_numero_route_europeenne":null,"cpx_classement_administratif":null,"cpx_gestionnaire":null,"cpx_toponyme_route_nommee":null,"cpx_toponyme_itineraire_cyclable":null,"cpx_toponyme_voie_verte":null,"cpx_nature_itineraire_autre":null,"cpx_toponyme_itineraire_autre":null,"delestage":null,"source_voie_ban_gauche":null,"source_voie_ban_droite":null,"nom_voie_ban_gauche":null,"nom_voie_ban_droite":null,"lieux_dits_ban_gauche":null,"lieux_dits_ban_droite":null,"identifiant_voie_ban_gauche":null,"identifiant_voie_ban_droite":null,"sens_amenagement_cyclable_gauche":null,"sens_amenagement_cyclable_droit":null,"amenagement_cyclable_gauche":null,"amenagement_cyclable_droit":null,"aire_de_retournement_dfci":null,"gabarit_dfci":null,"impasse_dfci":null,"nature_detaillee_dfci":null,"ouvrage_d_art_limitant_dfci":null,"pente_maximale_dfci":null,"piste_dfci":null,"piste_dfci_debroussaillee":null,"piste_dfci_fosses":null,"sens_de_circulation_dfci":null,"tout_terrain_dfci":null,"vitesse_moyenne_dfci":null,"zone_de_croisement_dfci":null,"categorie_dfci":null,"vitesse_collaborative":null,"id_ban_odonyme_droite":null,"id_ban_odonyme_gauche":null}},{"type":"Feature","id":"troncon_de_route.21983","geometry":{"type":"LineString","coordinates":[[2.26777405,48.83476702,40.7],[2.26805431,48.83479481,36.8],[2.26821069,48.83481556,34.7],[2.26840376,48.83484372,34],[2.26887561,48.83490686,32.4],[2.26918969,48.83495195,31.3],[2.26937598,48.83497737,30.6],[2.26947394,48.83498697,30.3],[2.2697284,48.83500831,32.3]]},"geometry_name":"geometrie","properties":{"cleabs":"TRONROUT0000000000203091","nature":"Bretelle","nom_collaboratif_gauche":null,"nom_collaboratif_droite":null,"importance":"2","fictif":false,"position_par_rapport_au_sol":"1","etat_de_l_objet":"En service","date_creation":"2006-05-22T11:18:11.781Z","date_modification":"2026-03-06T16:55:20.568Z","date_d_apparition":null,"date_de_confirmation":null,"sources":null,"identifiants_sources":null,"methode_d_acquisition_planimetrique":"Photogrammétrie","precision_planimetrique":2.5,"methode_d_acquisition_altimetrique":"Photogrammétrie","precision_altimetrique":1.5,"nombre_de_voies":2,"largeur_de_chaussee":5,"itineraire_vert":true,"prive":false,"sens_de_circulation":"Sens direct","reserve_aux_bus":null,"urbain":true,"vitesse_moyenne_vl":45,"acces_vehicule_leger":"Libre","acces_pieton":null,"periode_de_fermeture":null,"nature_de_la_restriction":null,"restriction_de_hauteur":null,"restriction_de_poids_total":null,"restriction_de_poids_par_essieu":null,"restriction_de_largeur":null,"restriction_de_longueur":null,"matieres_dangereuses_interdites":false,"borne_debut_gauche":null,"borne_debut_droite":null,"borne_fin_gauche":null,"borne_fin_droite":null,"insee_commune_gauche":"75115","insee_commune_droite":"75115","alias_gauche":null,"alias_droit":null,"date_de_mise_en_service":null,"liens_vers_route_nommee":null,"liens_vers_itineraire_autre":null,"cpx_numero":null,"cpx_numero_route_europeenne":null,"cpx_classement_administratif":null,"cpx_gestionnaire":null,"cpx_toponyme_route_nommee":null,"cpx_toponyme_itineraire_cyclable":null,"cpx_toponyme_voie_verte":null,"cpx_nature_itineraire_autre":null,"cpx_toponyme_itineraire_autre":null,"delestage":null,"source_voie_ban_gauche":null,"source_voie_ban_droite":null,"nom_voie_ban_gauche":null,"nom_voie_ban_droite":null,"lieux_dits_ban_gauche":null,"lieux_dits_ban_droite":null,"identifiant_voie_ban_gauche":null,"identifiant_voie_ban_droite":null,"sens_amenagement_cyclable_gauche":null,"sens_amenagement_cyclable_droit":null,"amenagement_cyclable_gauche":null,"amenagement_cyclable_droit":null,"aire_de_retournement_dfci":null,"gabarit_dfci":null,"impasse_dfci":null,"nature_detaillee_dfci":null,"ouvrage_d_art_limitant_dfci":null,"pente_maximale_dfci":null,"piste_dfci":null,"piste_dfci_debroussaillee":null,"piste_dfci_fosses":null,"sens_de_circulation_dfci":null,"tout_terrain_dfci":null,"vitesse_moyenne_dfci":null,"zone_de_croisement_dfci":null,"categorie_dfci":null,"vitesse_collaborative":null,"id_ban_odonyme_droite":null,"id_ban_odonyme_gauche":null}},{"type":"Feature","id":"troncon_de_route.21984","geometry":{"type":"LineString","coordinates":[[2.26616002,48.83474004,43.8],[2.26636698,48.8347485,43.2],[2.26659153,48.83476607,43.2],[2.26677526,48.83477979,43.2],[2.26702696,48.83480381,43.8],[2.2673194,48.83483708,42.8],[2.26751922,48.83486889,43.3],[2.26775716,48.83490272,43.8],[2.26786045,48.83492044,43.8],[2.26950141,48.83516521,42.4],[2.26972447,48.83519176,41],[2.26986867,48.83520703,40.2],[2.27006597,48.83522442,40.2],[2.27024971,48.83523723,40.2],[2.27041717,48.83524545,40.2],[2.27061874,48.83525028,40.2],[2.27101931,48.83524822,38.5]]},"geometry_name":"geometrie","properties":{"cleabs":"TRONROUT0000000000203092","nature":"Type autoroutier","nom_collaboratif_gauche":null,"nom_collaboratif_droite":null,"importance":"1","fictif":false,"position_par_rapport_au_sol":"2","etat_de_l_objet":"En service","date_creation":"2006-05-22T11:18:11.781Z","date_modification":"2025-10-31T20:07:08.035Z","date_d_apparition":null,"date_de_confirmation":null,"sources":null,"identifiants_sources":null,"methode_d_acquisition_planimetrique":"Orthophotographie","precision_planimetrique":3,"methode_d_acquisition_altimetrique":"Z corrigé","precision_altimetrique":2.5,"nombre_de_voies":4,"largeur_de_chaussee":14,"itineraire_vert":true,"prive":false,"sens_de_circulation":"Sens direct","reserve_aux_bus":null,"urbain":true,"vitesse_moyenne_vl":95,"acces_vehicule_leger":"Libre","acces_pieton":null,"periode_de_fermeture":null,"nature_de_la_restriction":null,"restriction_de_hauteur":null,"restriction_de_poids_total":null,"restriction_de_poids_par_essieu":null,"restriction_de_largeur":null,"restriction_de_longueur":null,"matieres_dangereuses_interdites":false,"borne_debut_gauche":null,"borne_debut_droite":null,"borne_fin_gauche":null,"borne_fin_droite":null,"insee_commune_gauche":"75115","insee_commune_droite":"75115","alias_gauche":null,"alias_droit":null,"date_de_mise_en_service":null,"liens_vers_route_nommee":"ROUTNOMM0000000000208366","liens_vers_itineraire_autre":null,"cpx_numero":null,"cpx_numero_route_europeenne":null,"cpx_classement_administratif":"Route nommée","cpx_gestionnaire":null,"cpx_toponyme_route_nommee":"Boulevard Périphérique Extérieur","cpx_toponyme_itineraire_cyclable":null,"cpx_toponyme_voie_verte":null,"cpx_nature_itineraire_autre":null,"cpx_toponyme_itineraire_autre":null,"delestage":null,"source_voie_ban_gauche":null,"source_voie_ban_droite":null,"nom_voie_ban_gauche":null,"nom_voie_ban_droite":null,"lieux_dits_ban_gauche":null,"lieux_dits_ban_droite":null,"identifiant_voie_ban_gauche":null,"identifiant_voie_ban_droite":null,"sens_amenagement_cyclable_gauche":null,"sens_amenagement_cyclable_droit":null,"amenagement_cyclable_gauche":null,"amenagement_cyclable_droit":null,"aire_de_retournement_dfci":null,"gabarit_dfci":null,"impasse_dfci":null,"nature_detaillee_dfci":null,"ouvrage_d_art_limitant_dfci":null,"pente_maximale_dfci":null,"piste_dfci":null,"piste_dfci_debroussaillee":null,"piste_dfci_fosses":null,"sens_de_circulation_dfci":null,"tout_terrain_dfci":null,"vitesse_moyenne_dfci":null,"zone_de_croisement_dfci":null,"categorie_dfci":null,"vitesse_collaborative":null,"id_ban_odonyme_droite":null,"id_ban_odonyme_gauche":null}},{"type":"Feature","id":"troncon_de_route.21985","geometry":{"type":"LineString","coordinates":[[2.27104172,48.83539945,38.5],[2.27063705,48.83540238,40.2],[2.2703742,48.83539538,40.2],[2.27017407,48.83538517,40.2],[2.26996584,48.83537041,40.2],[2.26982569,48.83535786,40.2],[2.26961486,48.83533319,41.5],[2.26946254,48.83531427,42.4],[2.26789226,48.83508072,43.7],[2.26753879,48.8350273,43.6],[2.26730221,48.83499347,43.8]]},"geometry_name":"geometrie","properties":{"cleabs":"TRONROUT0000000000203093","nature":"Type autoroutier","nom_collaboratif_gauche":null,"nom_collaboratif_droite":null,"importance":"1","fictif":false,"position_par_rapport_au_sol":"2","etat_de_l_objet":"En service","date_creation":"2006-05-22T11:18:11.781Z","date_modification":"2025-10-31T20:07:08.035Z","date_d_apparition":null,"date_de_confirmation":null,"sources":null,"identifiants_sources":null,"methode_d_acquisition_planimetrique":"Orthophotographie","precision_planimetrique":3,"methode_d_acquisition_altimetrique":"Z corrigé","precision_altimetrique":2.5,"nombre_de_voies":4,"largeur_de_chaussee":14,"itineraire_vert":true,"prive":false,"sens_de_circulation":"Sens direct","reserve_aux_bus":null,"urbain":true,"vitesse_moyenne_vl":95,"acces_vehicule_leger":"Libre","acces_pieton":null,"periode_de_fermeture":null,"nature_de_la_restriction":null,"restriction_de_hauteur":null,"restriction_de_poids_total":null,"restriction_de_poids_par_essieu":null,"restriction_de_largeur":null,"restriction_de_longueur":null,"matieres_dangereuses_interdites":false,"borne_debut_gauche":null,"borne_debut_droite":null,"borne_fin_gauche":null,"borne_fin_droite":null,"insee_commune_gauche":"75115","insee_commune_droite":"75115","alias_gauche":null,"alias_droit":null,"date_de_mise_en_service":null,"liens_vers_route_nommee":"ROUTNOMM0000000257416243","liens_vers_itineraire_autre":null,"cpx_numero":null,"cpx_numero_route_europeenne":null,"cpx_classement_administratif":"Route nommée","cpx_gestionnaire":null,"cpx_toponyme_route_nommee":"Boulevard Périphérique Intérieur","cpx_toponyme_itineraire_cyclable":null,"cpx_toponyme_voie_verte":null,"cpx_nature_itineraire_autre":null,"cpx_toponyme_itineraire_autre":null,"delestage":null,"source_voie_ban_gauche":null,"source_voie_ban_droite":null,"nom_voie_ban_gauche":null,"nom_voie_ban_droite":null,"lieux_dits_ban_gauche":null,"lieux_dits_ban_droite":null,"identifiant_voie_ban_gauche":null,"identifiant_voie_ban_droite":null,"sens_amenagement_cyclable_gauche":null,"sens_amenagement_cyclable_droit":null,"amenagement_cyclable_gauche":null,"amenagement_cyclable_droit":null,"aire_de_retournement_dfci":null,"gabarit_dfci":null,"impasse_dfci":null,"nature_detaillee_dfci":null,"ouvrage_d_art_limitant_dfci":null,"pente_maximale_dfci":null,"piste_dfci":null,"piste_dfci_debroussaillee":null,"piste_dfci_fosses":null,"sens_de_circulation_dfci":null,"tout_terrain_dfci":null,"vitesse_moyenne_dfci":null,"zone_de_croisement_dfci":null,"categorie_dfci":null,"vitesse_collaborative":null,"id_ban_odonyme_droite":null,"id_ban_odonyme_gauche":null}},{"type":"Feature","id":"troncon_de_route.21986","geometry":{"type":"LineString","coordinates":[[2.26646002,48.83452693,31.4],[2.26657689,48.83454743,31.2],[2.26682868,48.83456516,31],[2.26694576,48.83457128,31]]},"geometry_name":"geometrie","properties":{"cleabs":"TRONROUT0000000000203094","nature":"Route à 1 chaussée","nom_collaboratif_gauche":"QUAI D'ISSY","nom_collaboratif_droite":"QUAI D'ISSY","importance":"2","fictif":false,"position_par_rapport_au_sol":"0","etat_de_l_objet":"En service","date_creation":"2006-05-22T11:18:11.781Z","date_modification":"2024-02-13T17:10:41.134Z","date_d_apparition":null,"date_de_confirmation":null,"sources":null,"identifiants_sources":null,"methode_d_acquisition_planimetrique":"BDTopo","precision_planimetrique":2.5,"methode_d_acquisition_altimetrique":"BDTopo","precision_altimetrique":1.5,"nombre_de_voies":2,"largeur_de_chaussee":5,"itineraire_vert":true,"prive":false,"sens_de_circulation":"Sens direct","reserve_aux_bus":null,"urbain":true,"vitesse_moyenne_vl":30,"acces_vehicule_leger":"Libre","acces_pieton":null,"periode_de_fermeture":null,"nature_de_la_restriction":null,"restriction_de_hauteur":null,"restriction_de_poids_total":null,"restriction_de_poids_par_essieu":null,"restriction_de_largeur":null,"restriction_de_longueur":null,"matieres_dangereuses_interdites":false,"borne_debut_gauche":null,"borne_debut_droite":null,"borne_fin_gauche":null,"borne_fin_droite":null,"insee_commune_gauche":"75115","insee_commune_droite":"75115","alias_gauche":null,"alias_droit":null,"date_de_mise_en_service":null,"liens_vers_route_nommee":null,"liens_vers_itineraire_autre":null,"cpx_numero":null,"cpx_numero_route_europeenne":null,"cpx_classement_administratif":null,"cpx_gestionnaire":null,"cpx_toponyme_route_nommee":null,"cpx_toponyme_itineraire_cyclable":null,"cpx_toponyme_voie_verte":null,"cpx_nature_itineraire_autre":null,"cpx_toponyme_itineraire_autre":null,"delestage":null,"source_voie_ban_gauche":null,"source_voie_ban_droite":null,"nom_voie_ban_gauche":null,"nom_voie_ban_droite":null,"lieux_dits_ban_gauche":null,"lieux_dits_ban_droite":null,"identifiant_voie_ban_gauche":null,"identifiant_voie_ban_droite":null,"sens_amenagement_cyclable_gauche":null,"sens_amenagement_cyclable_droit":null,"amenagement_cyclable_gauche":null,"amenagement_cyclable_droit":null,"aire_de_retournement_dfci":null,"gabarit_dfci":null,"impasse_dfci":null,"nature_detaillee_dfci":null,"ouvrage_d_art_limitant_dfci":null,"pente_maximale_dfci":null,"piste_dfci":null,"piste_dfci_debroussaillee":null,"piste_dfci_fosses":null,"sens_de_circulation_dfci":null,"tout_terrain_dfci":null,"vitesse_moyenne_dfci":null,"zone_de_croisement_dfci":null,"categorie_dfci":null,"vitesse_collaborative":null,"id_ban_odonyme_droite":null,"id_ban_odonyme_gauche":null}},{"type":"Feature","id":"troncon_de_route.21987","geometry":{"type":"LineString","coordinates":[[2.2699571,48.83492426,31.4],[2.26973256,48.8349058,31.5],[2.26952169,48.83488473,31.5],[2.26935989,48.83486216,31.5],[2.26897381,48.83480224,31.6],[2.26830352,48.8347055,31.7],[2.26780453,48.8346341,31.6],[2.26747542,48.83459251,31.4]]},"geometry_name":"geometrie","properties":{"cleabs":"TRONROUT0000000000203095","nature":"Route à 1 chaussée","nom_collaboratif_gauche":"Voie Ad/15","nom_collaboratif_droite":"Voie Ad/15","importance":"2","fictif":false,"position_par_rapport_au_sol":"0","etat_de_l_objet":"En service","date_creation":"2006-05-22T11:18:11.781Z","date_modification":"2025-09-26T13:40:46.143Z","date_d_apparition":null,"date_de_confirmation":null,"sources":null,"identifiants_sources":null,"methode_d_acquisition_planimetrique":"BDTopo","precision_planimetrique":2.5,"methode_d_acquisition_altimetrique":"BDTopo","precision_altimetrique":1.5,"nombre_de_voies":3,"largeur_de_chaussee":9,"itineraire_vert":true,"prive":false,"sens_de_circulation":"Sens inverse","reserve_aux_bus":null,"urbain":true,"vitesse_moyenne_vl":35,"acces_vehicule_leger":"Libre","acces_pieton":null,"periode_de_fermeture":null,"nature_de_la_restriction":null,"restriction_de_hauteur":null,"restriction_de_poids_total":null,"restriction_de_poids_par_essieu":null,"restriction_de_largeur":null,"restriction_de_longueur":null,"matieres_dangereuses_interdites":false,"borne_debut_gauche":null,"borne_debut_droite":null,"borne_fin_gauche":null,"borne_fin_droite":null,"insee_commune_gauche":"75115","insee_commune_droite":"75115","alias_gauche":null,"alias_droit":null,"date_de_mise_en_service":null,"liens_vers_route_nommee":null,"liens_vers_itineraire_autre":null,"cpx_numero":null,"cpx_numero_route_europeenne":null,"cpx_classement_administratif":null,"cpx_gestionnaire":null,"cpx_toponyme_route_nommee":null,"cpx_toponyme_itineraire_cyclable":null,"cpx_toponyme_voie_verte":null,"cpx_nature_itineraire_autre":null,"cpx_toponyme_itineraire_autre":null,"delestage":null,"source_voie_ban_gauche":null,"source_voie_ban_droite":null,"nom_voie_ban_gauche":null,"nom_voie_ban_droite":null,"lieux_dits_ban_gauche":null,"lieux_dits_ban_droite":null,"identifiant_voie_ban_gauche":null,"identifiant_voie_ban_droite":null,"sens_amenagement_cyclable_gauche":null,"sens_amenagement_cyclable_droit":null,"amenagement_cyclable_gauche":null,"amenagement_cyclable_droit":null,"aire_de_retournement_dfci":null,"gabarit_dfci":null,"impasse_dfci":null,"nature_detaillee_dfci":null,"ouvrage_d_art_limitant_dfci":null,"pente_maximale_dfci":null,"piste_dfci":null,"piste_dfci_debroussaillee":null,"piste_dfci_fosses":null,"sens_de_circulation_dfci":null,"tout_terrain_dfci":null,"vitesse_moyenne_dfci":null,"zone_de_croisement_dfci":null,"categorie_dfci":null,"vitesse_collaborative":null,"id_ban_odonyme_droite":null,"id_ban_odonyme_gauche":null}},{"type":"Feature","id":"troncon_de_route.21988","geometry":{"type":"LineString","coordinates":[[2.26616002,48.83474004,43.8],[2.2665936,48.83471572,43.3],[2.26681436,48.83471167,43],[2.2669969,48.83471279,43.4],[2.26721889,48.83471865,43.9],[2.2674652,48.83473814,43.7],[2.26764073,48.83475361,44.2],[2.26777405,48.83476702,40.7]]},"geometry_name":"geometrie","properties":{"cleabs":"TRONROUT0000000000203096","nature":"Bretelle","nom_collaboratif_gauche":null,"nom_collaboratif_droite":null,"importance":"2","fictif":false,"position_par_rapport_au_sol":"2","etat_de_l_objet":"En service","date_creation":"2006-05-22T11:18:11.781Z","date_modification":"2023-09-21T08:16:01.974Z","date_d_apparition":null,"date_de_confirmation":null,"sources":null,"identifiants_sources":null,"methode_d_acquisition_planimetrique":"BDTopo","precision_planimetrique":2.5,"methode_d_acquisition_altimetrique":"BDTopo","precision_altimetrique":1.5,"nombre_de_voies":2,"largeur_de_chaussee":7,"itineraire_vert":true,"prive":false,"sens_de_circulation":"Sens direct","reserve_aux_bus":null,"urbain":true,"vitesse_moyenne_vl":45,"acces_vehicule_leger":"Libre","acces_pieton":null,"periode_de_fermeture":null,"nature_de_la_restriction":null,"restriction_de_hauteur":null,"restriction_de_poids_total":null,"restriction_de_poids_par_essieu":null,"restriction_de_largeur":null,"restriction_de_longueur":null,"matieres_dangereuses_interdites":false,"borne_debut_gauche":null,"borne_debut_droite":null,"borne_fin_gauche":null,"borne_fin_droite":null,"insee_commune_gauche":"75115","insee_commune_droite":"75115","alias_gauche":null,"alias_droit":null,"date_de_mise_en_service":null,"liens_vers_route_nommee":null,"liens_vers_itineraire_autre":null,"cpx_numero":null,"cpx_numero_route_europeenne":null,"cpx_classement_administratif":null,"cpx_gestionnaire":null,"cpx_toponyme_route_nommee":null,"cpx_toponyme_itineraire_cyclable":null,"cpx_toponyme_voie_verte":null,"cpx_nature_itineraire_autre":null,"cpx_toponyme_itineraire_autre":null,"delestage":null,"source_voie_ban_gauche":null,"source_voie_ban_droite":null,"nom_voie_ban_gauche":null,"nom_voie_ban_droite":null,"lieux_dits_ban_gauche":null,"lieux_dits_ban_droite":null,"identifiant_voie_ban_gauche":null,"identifiant_voie_ban_droite":null,"sens_amenagement_cyclable_gauche":null,"sens_amenagement_cyclable_droit":null,"amenagement_cyclable_gauche":null,"amenagement_cyclable_droit":null,"aire_de_retournement_dfci":null,"gabarit_dfci":null,"impasse_dfci":null,"nature_detaillee_dfci":null,"ouvrage_d_art_limitant_dfci":null,"pente_maximale_dfci":null,"piste_dfci":null,"piste_dfci_debroussaillee":null,"piste_dfci_fosses":null,"sens_de_circulation_dfci":null,"tout_terrain_dfci":null,"vitesse_moyenne_dfci":null,"zone_de_croisement_dfci":null,"categorie_dfci":null,"vitesse_collaborative":null,"id_ban_odonyme_droite":null,"id_ban_odonyme_gauche":null}},{"type":"Feature","id":"troncon_de_route.21989","geometry":{"type":"LineString","coordinates":[[2.26688361,48.83540642,30.5],[2.26703149,48.83535336,31.1],[2.26713545,48.83532342,31.1],[2.26727348,48.83529279,31.1],[2.26745762,48.83527772,31.1],[2.26755167,48.8352747,31.1],[2.26766058,48.83527987,31.1],[2.26793422,48.83529413,31.1]]},"geometry_name":"geometrie","properties":{"cleabs":"TRONROUT0000000000203097","nature":"Route à 1 chaussée","nom_collaboratif_gauche":"QUAI D'ISSY","nom_collaboratif_droite":"QUAI D'ISSY","importance":"2","fictif":false,"position_par_rapport_au_sol":"0","etat_de_l_objet":"En service","date_creation":"2006-05-22T11:18:11.781Z","date_modification":"2024-02-13T17:10:46.878Z","date_d_apparition":null,"date_de_confirmation":null,"sources":null,"identifiants_sources":null,"methode_d_acquisition_planimetrique":"Photogrammétrie","precision_planimetrique":2.5,"methode_d_acquisition_altimetrique":"Photogrammétrie","precision_altimetrique":1.5,"nombre_de_voies":4,"largeur_de_chaussee":12,"itineraire_vert":true,"prive":false,"sens_de_circulation":"Sens inverse","reserve_aux_bus":null,"urbain":true,"vitesse_moyenne_vl":45,"acces_vehicule_leger":"Libre","acces_pieton":null,"periode_de_fermeture":null,"nature_de_la_restriction":null,"restriction_de_hauteur":null,"restriction_de_poids_total":null,"restriction_de_poids_par_essieu":null,"restriction_de_largeur":null,"restriction_de_longueur":null,"matieres_dangereuses_interdites":false,"borne_debut_gauche":null,"borne_debut_droite":null,"borne_fin_gauche":null,"borne_fin_droite":null,"insee_commune_gauche":"75115","insee_commune_droite":"75115","alias_gauche":null,"alias_droit":null,"date_de_mise_en_service":null,"liens_vers_route_nommee":null,"liens_vers_itineraire_autre":null,"cpx_numero":null,"cpx_numero_route_europeenne":null,"cpx_classement_administratif":null,"cpx_gestionnaire":null,"cpx_toponyme_route_nommee":null,"cpx_toponyme_itineraire_cyclable":null,"cpx_toponyme_voie_verte":null,"cpx_nature_itineraire_autre":null,"cpx_toponyme_itineraire_autre":null,"delestage":null,"source_voie_ban_gauche":null,"source_voie_ban_droite":null,"nom_voie_ban_gauche":null,"nom_voie_ban_droite":null,"lieux_dits_ban_gauche":null,"lieux_dits_ban_droite":null,"identifiant_voie_ban_gauche":null,"identifiant_voie_ban_droite":null,"sens_amenagement_cyclable_gauche":null,"sens_amenagement_cyclable_droit":null,"amenagement_cyclable_gauche":null,"amenagement_cyclable_droit":null,"aire_de_retournement_dfci":null,"gabarit_dfci":null,"impasse_dfci":null,"nature_detaillee_dfci":null,"ouvrage_d_art_limitant_dfci":null,"pente_maximale_dfci":null,"piste_dfci":null,"piste_dfci_debroussaillee":null,"piste_dfci_fosses":null,"sens_de_circulation_dfci":null,"tout_terrain_dfci":null,"vitesse_moyenne_dfci":null,"zone_de_croisement_dfci":null,"categorie_dfci":null,"vitesse_collaborative":null,"id_ban_odonyme_droite":null,"id_ban_odonyme_gauche":null}},{"type":"Feature","id":"troncon_de_route.21990","geometry":{"type":"LineString","coordinates":[[2.26688361,48.83540642,30.5],[2.26710256,48.83562811,32],[2.26722739,48.83576108,32.3]]},"geometry_name":"geometrie","properties":{"cleabs":"TRONROUT0000000000203098","nature":"Route à 2 chaussées","nom_collaboratif_gauche":"QU D'ISSY-LES-MOULINEAUX","nom_collaboratif_droite":"QU D'ISSY-LES-MOULINEAUX","importance":"2","fictif":false,"position_par_rapport_au_sol":"0","etat_de_l_objet":"En service","date_creation":"2006-05-22T11:18:11.781Z","date_modification":"2025-12-20T11:20:51.566Z","date_d_apparition":null,"date_de_confirmation":null,"sources":null,"identifiants_sources":null,"methode_d_acquisition_planimetrique":"BDTopo","precision_planimetrique":2.5,"methode_d_acquisition_altimetrique":"BDTopo","precision_altimetrique":1.5,"nombre_de_voies":4,"largeur_de_chaussee":12,"itineraire_vert":false,"prive":false,"sens_de_circulation":"Sens direct","reserve_aux_bus":null,"urbain":true,"vitesse_moyenne_vl":45,"acces_vehicule_leger":"Libre","acces_pieton":null,"periode_de_fermeture":null,"nature_de_la_restriction":null,"restriction_de_hauteur":null,"restriction_de_poids_total":null,"restriction_de_poids_par_essieu":null,"restriction_de_largeur":null,"restriction_de_longueur":null,"matieres_dangereuses_interdites":false,"borne_debut_gauche":null,"borne_debut_droite":"49","borne_fin_gauche":null,"borne_fin_droite":"49","insee_commune_gauche":"75115","insee_commune_droite":"75115","alias_gauche":null,"alias_droit":null,"date_de_mise_en_service":null,"liens_vers_route_nommee":null,"liens_vers_itineraire_autre":null,"cpx_numero":null,"cpx_numero_route_europeenne":null,"cpx_classement_administratif":null,"cpx_gestionnaire":null,"cpx_toponyme_route_nommee":null,"cpx_toponyme_itineraire_cyclable":null,"cpx_toponyme_voie_verte":null,"cpx_nature_itineraire_autre":null,"cpx_toponyme_itineraire_autre":null,"delestage":null,"source_voie_ban_gauche":"commune","source_voie_ban_droite":"commune","nom_voie_ban_gauche":"Quai d'Issy-Les-Moulineaux","nom_voie_ban_droite":"Quai d'Issy-Les-Moulineaux","lieux_dits_ban_gauche":null,"lieux_dits_ban_droite":null,"identifiant_voie_ban_gauche":"75115_4750","identifiant_voie_ban_droite":"75115_4750","sens_amenagement_cyclable_gauche":null,"sens_amenagement_cyclable_droit":null,"amenagement_cyclable_gauche":null,"amenagement_cyclable_droit":null,"aire_de_retournement_dfci":null,"gabarit_dfci":null,"impasse_dfci":null,"nature_detaillee_dfci":null,"ouvrage_d_art_limitant_dfci":null,"pente_maximale_dfci":null,"piste_dfci":null,"piste_dfci_debroussaillee":null,"piste_dfci_fosses":null,"sens_de_circulation_dfci":null,"tout_terrain_dfci":null,"vitesse_moyenne_dfci":null,"zone_de_croisement_dfci":null,"categorie_dfci":null,"vitesse_collaborative":null,"id_ban_odonyme_droite":null,"id_ban_odonyme_gauche":null}},{"type":"Feature","id":"troncon_de_route.21991","geometry":{"type":"LineString","coordinates":[[2.26570304,48.83487844,31.7],[2.26586578,48.83502783,31.7],[2.2664615,48.8355837,31.1]]},"geometry_name":"geometrie","properties":{"cleabs":"TRONROUT0000000000203099","nature":"Route à 2 chaussées","nom_collaboratif_gauche":"QU D'ISSY-LES-MOULINEAUX","nom_collaboratif_droite":"QU D'ISSY-LES-MOULINEAUX","importance":"2","fictif":false,"position_par_rapport_au_sol":"0","etat_de_l_objet":"En service","date_creation":"2006-05-22T11:18:11.781Z","date_modification":"2026-02-14T13:20:11.603Z","date_d_apparition":null,"date_de_confirmation":null,"sources":null,"identifiants_sources":null,"methode_d_acquisition_planimetrique":"BDTopo","precision_planimetrique":2.5,"methode_d_acquisition_altimetrique":"BDTopo","precision_altimetrique":1.5,"nombre_de_voies":3,"largeur_de_chaussee":10.5,"itineraire_vert":true,"prive":false,"sens_de_circulation":"Sens inverse","reserve_aux_bus":null,"urbain":true,"vitesse_moyenne_vl":45,"acces_vehicule_leger":"Libre","acces_pieton":null,"periode_de_fermeture":null,"nature_de_la_restriction":null,"restriction_de_hauteur":null,"restriction_de_poids_total":null,"restriction_de_poids_par_essieu":null,"restriction_de_largeur":null,"restriction_de_longueur":null,"matieres_dangereuses_interdites":false,"borne_debut_gauche":"40","borne_debut_droite":null,"borne_fin_gauche":"40","borne_fin_droite":null,"insee_commune_gauche":"75115","insee_commune_droite":"75115","alias_gauche":null,"alias_droit":null,"date_de_mise_en_service":null,"liens_vers_route_nommee":null,"liens_vers_itineraire_autre":null,"cpx_numero":null,"cpx_numero_route_europeenne":null,"cpx_classement_administratif":null,"cpx_gestionnaire":null,"cpx_toponyme_route_nommee":null,"cpx_toponyme_itineraire_cyclable":null,"cpx_toponyme_voie_verte":null,"cpx_nature_itineraire_autre":null,"cpx_toponyme_itineraire_autre":null,"delestage":null,"source_voie_ban_gauche":"commune","source_voie_ban_droite":"commune","nom_voie_ban_gauche":"Quai d'Issy-Les-Moulineaux","nom_voie_ban_droite":"Quai d'Issy-Les-Moulineaux","lieux_dits_ban_gauche":null,"lieux_dits_ban_droite":null,"identifiant_voie_ban_gauche":"75115_4750","identifiant_voie_ban_droite":"75115_4750","sens_amenagement_cyclable_gauche":null,"sens_amenagement_cyclable_droit":null,"amenagement_cyclable_gauche":null,"amenagement_cyclable_droit":null,"aire_de_retournement_dfci":null,"gabarit_dfci":null,"impasse_dfci":null,"nature_detaillee_dfci":null,"ouvrage_d_art_limitant_dfci":null,"pente_maximale_dfci":null,"piste_dfci":null,"piste_dfci_debroussaillee":null,"piste_dfci_fosses":null,"sens_de_circulation_dfci":null,"tout_terrain_dfci":null,"vitesse_moyenne_dfci":null,"zone_de_croisement_dfci":null,"categorie_dfci":null,"vitesse_collaborative":null,"id_ban_odonyme_droite":null,"id_ban_odonyme_gauche":null}},{"type":"Feature","id":"troncon_de_route.21992","geometry":{"type":"LineString","coordinates":[[2.26835085,48.83560427,34.7],[2.26835876,48.8356232,34.8],[2.26845645,48.83584595,36.3],[2.26857035,48.83607868,37.1]]},"geometry_name":"geometrie","properties":{"cleabs":"TRONROUT0000000000203102","nature":"Route à 1 chaussée","nom_collaboratif_gauche":null,"nom_collaboratif_droite":null,"importance":"5","fictif":false,"position_par_rapport_au_sol":"0","etat_de_l_objet":"En service","date_creation":"2006-05-22T11:18:11.781Z","date_modification":"2024-09-18T14:21:57.030Z","date_d_apparition":null,"date_de_confirmation":null,"sources":null,"identifiants_sources":null,"methode_d_acquisition_planimetrique":"BDTopo","precision_planimetrique":2.5,"methode_d_acquisition_altimetrique":"BDTopo","precision_altimetrique":1.5,"nombre_de_voies":2,"largeur_de_chaussee":5,"itineraire_vert":false,"prive":false,"sens_de_circulation":"Double sens","reserve_aux_bus":null,"urbain":true,"vitesse_moyenne_vl":0,"acces_vehicule_leger":"Restreint aux ayants droit","acces_pieton":null,"periode_de_fermeture":null,"nature_de_la_restriction":null,"restriction_de_hauteur":null,"restriction_de_poids_total":null,"restriction_de_poids_par_essieu":null,"restriction_de_largeur":null,"restriction_de_longueur":null,"matieres_dangereuses_interdites":false,"borne_debut_gauche":null,"borne_debut_droite":null,"borne_fin_gauche":null,"borne_fin_droite":null,"insee_commune_gauche":"75115","insee_commune_droite":"75115","alias_gauche":null,"alias_droit":null,"date_de_mise_en_service":null,"liens_vers_route_nommee":null,"liens_vers_itineraire_autre":null,"cpx_numero":null,"cpx_numero_route_europeenne":null,"cpx_classement_administratif":null,"cpx_gestionnaire":null,"cpx_toponyme_route_nommee":null,"cpx_toponyme_itineraire_cyclable":null,"cpx_toponyme_voie_verte":null,"cpx_nature_itineraire_autre":null,"cpx_toponyme_itineraire_autre":null,"delestage":null,"source_voie_ban_gauche":null,"source_voie_ban_droite":null,"nom_voie_ban_gauche":null,"nom_voie_ban_droite":null,"lieux_dits_ban_gauche":null,"lieux_dits_ban_droite":null,"identifiant_voie_ban_gauche":null,"identifiant_voie_ban_droite":null,"sens_amenagement_cyclable_gauche":null,"sens_amenagement_cyclable_droit":null,"amenagement_cyclable_gauche":null,"amenagement_cyclable_droit":null,"aire_de_retournement_dfci":null,"gabarit_dfci":null,"impasse_dfci":null,"nature_detaillee_dfci":null,"ouvrage_d_art_limitant_dfci":null,"pente_maximale_dfci":null,"piste_dfci":null,"piste_dfci_debroussaillee":null,"piste_dfci_fosses":null,"sens_de_circulation_dfci":null,"tout_terrain_dfci":null,"vitesse_moyenne_dfci":null,"zone_de_croisement_dfci":null,"categorie_dfci":null,"vitesse_collaborative":null,"id_ban_odonyme_droite":null,"id_ban_odonyme_gauche":null}},{"type":"Feature","id":"troncon_de_route.21993","geometry":{"type":"LineString","coordinates":[[2.2664615,48.8355837,31.1],[2.26685326,48.83591708,31.9]]},"geometry_name":"geometrie","properties":{"cleabs":"TRONROUT0000000000203103","nature":"Route à 2 chaussées","nom_collaboratif_gauche":"QU D'ISSY-LES-MOULINEAUX","nom_collaboratif_droite":"QU D'ISSY-LES-MOULINEAUX","importance":"2","fictif":false,"position_par_rapport_au_sol":"0","etat_de_l_objet":"En service","date_creation":"2006-05-22T11:18:11.781Z","date_modification":"2026-01-10T18:33:50.591Z","date_d_apparition":null,"date_de_confirmation":null,"sources":null,"identifiants_sources":null,"methode_d_acquisition_planimetrique":"BDTopo","precision_planimetrique":2.5,"methode_d_acquisition_altimetrique":"BDTopo","precision_altimetrique":1.5,"nombre_de_voies":4,"largeur_de_chaussee":12,"itineraire_vert":false,"prive":false,"sens_de_circulation":"Sens inverse","reserve_aux_bus":null,"urbain":true,"vitesse_moyenne_vl":45,"acces_vehicule_leger":"Libre","acces_pieton":null,"periode_de_fermeture":null,"nature_de_la_restriction":null,"restriction_de_hauteur":null,"restriction_de_poids_total":null,"restriction_de_poids_par_essieu":null,"restriction_de_largeur":null,"restriction_de_longueur":null,"matieres_dangereuses_interdites":false,"borne_debut_gauche":"26","borne_debut_droite":null,"borne_fin_gauche":"26","borne_fin_droite":null,"insee_commune_gauche":"75115","insee_commune_droite":"75115","alias_gauche":null,"alias_droit":null,"date_de_mise_en_service":null,"liens_vers_route_nommee":null,"liens_vers_itineraire_autre":null,"cpx_numero":null,"cpx_numero_route_europeenne":null,"cpx_classement_administratif":null,"cpx_gestionnaire":null,"cpx_toponyme_route_nommee":null,"cpx_toponyme_itineraire_cyclable":null,"cpx_toponyme_voie_verte":null,"cpx_nature_itineraire_autre":null,"cpx_toponyme_itineraire_autre":null,"delestage":null,"source_voie_ban_gauche":"commune","source_voie_ban_droite":"commune","nom_voie_ban_gauche":"Quai d'Issy-Les-Moulineaux","nom_voie_ban_droite":"Quai d'Issy-Les-Moulineaux","lieux_dits_ban_gauche":null,"lieux_dits_ban_droite":null,"identifiant_voie_ban_gauche":"75115_4750","identifiant_voie_ban_droite":"75115_4750","sens_amenagement_cyclable_gauche":null,"sens_amenagement_cyclable_droit":null,"amenagement_cyclable_gauche":null,"amenagement_cyclable_droit":null,"aire_de_retournement_dfci":null,"gabarit_dfci":null,"impasse_dfci":null,"nature_detaillee_dfci":null,"ouvrage_d_art_limitant_dfci":null,"pente_maximale_dfci":null,"piste_dfci":null,"piste_dfci_debroussaillee":null,"piste_dfci_fosses":null,"sens_de_circulation_dfci":null,"tout_terrain_dfci":null,"vitesse_moyenne_dfci":null,"zone_de_croisement_dfci":null,"categorie_dfci":null,"vitesse_collaborative":null,"id_ban_odonyme_droite":null,"id_ban_odonyme_gauche":null}},{"type":"Feature","id":"troncon_de_route.21994","geometry":{"type":"LineString","coordinates":[[2.26839774,48.83527269,42.4],[2.26824311,48.83522407,42.9],[2.26813863,48.83519375,41.9],[2.26794575,48.8351521,42.8],[2.26779902,48.83512332,42.6],[2.26764684,48.83509451,42.6],[2.26750416,48.83506845,42.6],[2.26738208,48.83502993,43.3],[2.26730221,48.83499347,43.8]]},"geometry_name":"geometrie","properties":{"cleabs":"TRONROUT0000000000203104","nature":"Bretelle","nom_collaboratif_gauche":null,"nom_collaboratif_droite":null,"importance":"2","fictif":false,"position_par_rapport_au_sol":"2","etat_de_l_objet":"En service","date_creation":"2006-05-22T11:18:11.781Z","date_modification":"2026-03-20T10:50:47.957Z","date_d_apparition":null,"date_de_confirmation":null,"sources":null,"identifiants_sources":null,"methode_d_acquisition_planimetrique":"BDTopo","precision_planimetrique":2.5,"methode_d_acquisition_altimetrique":"BDTopo","precision_altimetrique":1.5,"nombre_de_voies":1,"largeur_de_chaussee":3,"itineraire_vert":true,"prive":false,"sens_de_circulation":"Sens direct","reserve_aux_bus":null,"urbain":true,"vitesse_moyenne_vl":55,"acces_vehicule_leger":"Libre","acces_pieton":null,"periode_de_fermeture":null,"nature_de_la_restriction":null,"restriction_de_hauteur":null,"restriction_de_poids_total":null,"restriction_de_poids_par_essieu":null,"restriction_de_largeur":null,"restriction_de_longueur":null,"matieres_dangereuses_interdites":false,"borne_debut_gauche":null,"borne_debut_droite":null,"borne_fin_gauche":null,"borne_fin_droite":null,"insee_commune_gauche":"75115","insee_commune_droite":"75115","alias_gauche":null,"alias_droit":null,"date_de_mise_en_service":null,"liens_vers_route_nommee":null,"liens_vers_itineraire_autre":null,"cpx_numero":null,"cpx_numero_route_europeenne":null,"cpx_classement_administratif":null,"cpx_gestionnaire":null,"cpx_toponyme_route_nommee":null,"cpx_toponyme_itineraire_cyclable":null,"cpx_toponyme_voie_verte":null,"cpx_nature_itineraire_autre":null,"cpx_toponyme_itineraire_autre":null,"delestage":null,"source_voie_ban_gauche":null,"source_voie_ban_droite":null,"nom_voie_ban_gauche":null,"nom_voie_ban_droite":null,"lieux_dits_ban_gauche":null,"lieux_dits_ban_droite":null,"identifiant_voie_ban_gauche":null,"identifiant_voie_ban_droite":null,"sens_amenagement_cyclable_gauche":null,"sens_amenagement_cyclable_droit":null,"amenagement_cyclable_gauche":null,"amenagement_cyclable_droit":null,"aire_de_retournement_dfci":null,"gabarit_dfci":null,"impasse_dfci":null,"nature_detaillee_dfci":null,"ouvrage_d_art_limitant_dfci":null,"pente_maximale_dfci":null,"piste_dfci":null,"piste_dfci_debroussaillee":null,"piste_dfci_fosses":null,"sens_de_circulation_dfci":null,"tout_terrain_dfci":null,"vitesse_moyenne_dfci":null,"zone_de_croisement_dfci":null,"categorie_dfci":null,"vitesse_collaborative":null,"id_ban_odonyme_droite":null,"id_ban_odonyme_gauche":null}},{"type":"Feature","id":"troncon_de_route.21995","geometry":{"type":"LineString","coordinates":[[2.26856257,48.83537083,32],[2.26868897,48.83539229,32.3]]},"geometry_name":"geometrie","properties":{"cleabs":"TRONROUT0000000000203106","nature":"Route à 1 chaussée","nom_collaboratif_gauche":"QUAI D'ISSY","nom_collaboratif_droite":"QUAI D'ISSY","importance":"2","fictif":false,"position_par_rapport_au_sol":"0","etat_de_l_objet":"En service","date_creation":"2006-05-22T11:18:11.781Z","date_modification":"2024-09-21T06:34:42.538Z","date_d_apparition":null,"date_de_confirmation":null,"sources":null,"identifiants_sources":null,"methode_d_acquisition_planimetrique":"BDTopo","precision_planimetrique":2.5,"methode_d_acquisition_altimetrique":"BDTopo","precision_altimetrique":1.5,"nombre_de_voies":2,"largeur_de_chaussee":7,"itineraire_vert":true,"prive":false,"sens_de_circulation":"Sens inverse","reserve_aux_bus":null,"urbain":true,"vitesse_moyenne_vl":35,"acces_vehicule_leger":"Libre","acces_pieton":null,"periode_de_fermeture":null,"nature_de_la_restriction":null,"restriction_de_hauteur":null,"restriction_de_poids_total":null,"restriction_de_poids_par_essieu":null,"restriction_de_largeur":null,"restriction_de_longueur":null,"matieres_dangereuses_interdites":false,"borne_debut_gauche":null,"borne_debut_droite":null,"borne_fin_gauche":null,"borne_fin_droite":null,"insee_commune_gauche":"75115","insee_commune_droite":"75115","alias_gauche":null,"alias_droit":null,"date_de_mise_en_service":null,"liens_vers_route_nommee":null,"liens_vers_itineraire_autre":null,"cpx_numero":null,"cpx_numero_route_europeenne":null,"cpx_classement_administratif":null,"cpx_gestionnaire":null,"cpx_toponyme_route_nommee":null,"cpx_toponyme_itineraire_cyclable":null,"cpx_toponyme_voie_verte":null,"cpx_nature_itineraire_autre":null,"cpx_toponyme_itineraire_autre":null,"delestage":null,"source_voie_ban_gauche":null,"source_voie_ban_droite":null,"nom_voie_ban_gauche":null,"nom_voie_ban_droite":null,"lieux_dits_ban_gauche":null,"lieux_dits_ban_droite":null,"identifiant_voie_ban_gauche":null,"identifiant_voie_ban_droite":null,"sens_amenagement_cyclable_gauche":null,"sens_amenagement_cyclable_droit":null,"amenagement_cyclable_gauche":null,"amenagement_cyclable_droit":null,"aire_de_retournement_dfci":null,"gabarit_dfci":null,"impasse_dfci":null,"nature_detaillee_dfci":null,"ouvrage_d_art_limitant_dfci":null,"pente_maximale_dfci":null,"piste_dfci":null,"piste_dfci_debroussaillee":null,"piste_dfci_fosses":null,"sens_de_circulation_dfci":null,"tout_terrain_dfci":null,"vitesse_moyenne_dfci":null,"zone_de_croisement_dfci":null,"categorie_dfci":null,"vitesse_collaborative":null,"id_ban_odonyme_droite":null,"id_ban_odonyme_gauche":null}},{"type":"Feature","id":"troncon_de_route.21996","geometry":{"type":"LineString","coordinates":[[2.26646002,48.83452693,31.4],[2.2658769,48.83452875,32]]},"geometry_name":"geometrie","properties":{"cleabs":"TRONROUT0000000000203107","nature":"Route à 1 chaussée","nom_collaboratif_gauche":null,"nom_collaboratif_droite":null,"importance":"2","fictif":false,"position_par_rapport_au_sol":"0","etat_de_l_objet":"En service","date_creation":"2006-05-22T11:18:11.781Z","date_modification":"2025-09-19T09:36:09.262Z","date_d_apparition":null,"date_de_confirmation":null,"sources":null,"identifiants_sources":null,"methode_d_acquisition_planimetrique":"BDTopo","precision_planimetrique":2.5,"methode_d_acquisition_altimetrique":"BDTopo","precision_altimetrique":1.5,"nombre_de_voies":3,"largeur_de_chaussee":9,"itineraire_vert":true,"prive":false,"sens_de_circulation":"Sens inverse","reserve_aux_bus":null,"urbain":true,"vitesse_moyenne_vl":30,"acces_vehicule_leger":"Libre","acces_pieton":null,"periode_de_fermeture":null,"nature_de_la_restriction":null,"restriction_de_hauteur":null,"restriction_de_poids_total":null,"restriction_de_poids_par_essieu":null,"restriction_de_largeur":null,"restriction_de_longueur":null,"matieres_dangereuses_interdites":false,"borne_debut_gauche":null,"borne_debut_droite":null,"borne_fin_gauche":null,"borne_fin_droite":null,"insee_commune_gauche":"75115","insee_commune_droite":"75115","alias_gauche":null,"alias_droit":null,"date_de_mise_en_service":null,"liens_vers_route_nommee":null,"liens_vers_itineraire_autre":null,"cpx_numero":null,"cpx_numero_route_europeenne":null,"cpx_classement_administratif":null,"cpx_gestionnaire":null,"cpx_toponyme_route_nommee":null,"cpx_toponyme_itineraire_cyclable":null,"cpx_toponyme_voie_verte":null,"cpx_nature_itineraire_autre":null,"cpx_toponyme_itineraire_autre":null,"delestage":null,"source_voie_ban_gauche":null,"source_voie_ban_droite":null,"nom_voie_ban_gauche":null,"nom_voie_ban_droite":null,"lieux_dits_ban_gauche":null,"lieux_dits_ban_droite":null,"identifiant_voie_ban_gauche":null,"identifiant_voie_ban_droite":null,"sens_amenagement_cyclable_gauche":null,"sens_amenagement_cyclable_droit":null,"amenagement_cyclable_gauche":null,"amenagement_cyclable_droit":null,"aire_de_retournement_dfci":null,"gabarit_dfci":null,"impasse_dfci":null,"nature_detaillee_dfci":null,"ouvrage_d_art_limitant_dfci":null,"pente_maximale_dfci":null,"piste_dfci":null,"piste_dfci_debroussaillee":null,"piste_dfci_fosses":null,"sens_de_circulation_dfci":null,"tout_terrain_dfci":null,"vitesse_moyenne_dfci":null,"zone_de_croisement_dfci":null,"categorie_dfci":null,"vitesse_collaborative":null,"id_ban_odonyme_droite":null,"id_ban_odonyme_gauche":null}},{"type":"Feature","id":"troncon_de_route.21997","geometry":{"type":"LineString","coordinates":[[2.26688361,48.83540642,30.5],[2.26691314,48.83534094,30.6],[2.26692894,48.83528258,30.7],[2.26692088,48.83508107,31.3],[2.26694576,48.83457128,31]]},"geometry_name":"geometrie","properties":{"cleabs":"TRONROUT0000000000203108","nature":"Route à 1 chaussée","nom_collaboratif_gauche":"R PEGOUD","nom_collaboratif_droite":"R PEGOUD","importance":"3","fictif":false,"position_par_rapport_au_sol":"0","etat_de_l_objet":"En service","date_creation":"2006-05-22T11:18:11.781Z","date_modification":"2026-04-10T20:59:52.380Z","date_d_apparition":null,"date_de_confirmation":null,"sources":null,"identifiants_sources":null,"methode_d_acquisition_planimetrique":"BDTopo","precision_planimetrique":2.5,"methode_d_acquisition_altimetrique":"BDTopo","precision_altimetrique":1.5,"nombre_de_voies":2,"largeur_de_chaussee":7,"itineraire_vert":false,"prive":false,"sens_de_circulation":"Sens inverse","reserve_aux_bus":null,"urbain":true,"vitesse_moyenne_vl":15,"acces_vehicule_leger":"Libre","acces_pieton":null,"periode_de_fermeture":null,"nature_de_la_restriction":null,"restriction_de_hauteur":null,"restriction_de_poids_total":null,"restriction_de_poids_par_essieu":null,"restriction_de_largeur":null,"restriction_de_longueur":null,"matieres_dangereuses_interdites":false,"borne_debut_gauche":null,"borne_debut_droite":null,"borne_fin_gauche":null,"borne_fin_droite":null,"insee_commune_gauche":"75115","insee_commune_droite":"75115","alias_gauche":null,"alias_droit":null,"date_de_mise_en_service":null,"liens_vers_route_nommee":null,"liens_vers_itineraire_autre":null,"cpx_numero":null,"cpx_numero_route_europeenne":null,"cpx_classement_administratif":null,"cpx_gestionnaire":null,"cpx_toponyme_route_nommee":null,"cpx_toponyme_itineraire_cyclable":null,"cpx_toponyme_voie_verte":null,"cpx_nature_itineraire_autre":null,"cpx_toponyme_itineraire_autre":null,"delestage":null,"source_voie_ban_gauche":null,"source_voie_ban_droite":null,"nom_voie_ban_gauche":null,"nom_voie_ban_droite":null,"lieux_dits_ban_gauche":null,"lieux_dits_ban_droite":null,"identifiant_voie_ban_gauche":null,"identifiant_voie_ban_droite":null,"sens_amenagement_cyclable_gauche":null,"sens_amenagement_cyclable_droit":"Double sens","amenagement_cyclable_gauche":null,"amenagement_cyclable_droit":"Piste cyclable","aire_de_retournement_dfci":null,"gabarit_dfci":null,"impasse_dfci":null,"nature_detaillee_dfci":null,"ouvrage_d_art_limitant_dfci":null,"pente_maximale_dfci":null,"piste_dfci":null,"piste_dfci_debroussaillee":null,"piste_dfci_fosses":null,"sens_de_circulation_dfci":null,"tout_terrain_dfci":null,"vitesse_moyenne_dfci":null,"zone_de_croisement_dfci":null,"categorie_dfci":null,"vitesse_collaborative":null,"id_ban_odonyme_droite":null,"id_ban_odonyme_gauche":null}},{"type":"Feature","id":"troncon_de_route.21998","geometry":{"type":"LineString","coordinates":[[2.2665684,48.83553849,31.1],[2.26683701,48.83542592,31.2],[2.26688361,48.83540642,30.5]]},"geometry_name":"geometrie","properties":{"cleabs":"TRONROUT0000000000203111","nature":"Route à 1 chaussée","nom_collaboratif_gauche":null,"nom_collaboratif_droite":null,"importance":"2","fictif":false,"position_par_rapport_au_sol":"0","etat_de_l_objet":"En service","date_creation":"2006-05-22T11:18:11.781Z","date_modification":"2023-09-21T08:16:01.974Z","date_d_apparition":null,"date_de_confirmation":null,"sources":null,"identifiants_sources":null,"methode_d_acquisition_planimetrique":"BDTopo","precision_planimetrique":2.5,"methode_d_acquisition_altimetrique":"BDTopo","precision_altimetrique":1.5,"nombre_de_voies":6,"largeur_de_chaussee":18,"itineraire_vert":true,"prive":false,"sens_de_circulation":"Sens inverse","reserve_aux_bus":null,"urbain":true,"vitesse_moyenne_vl":45,"acces_vehicule_leger":"Libre","acces_pieton":null,"periode_de_fermeture":null,"nature_de_la_restriction":null,"restriction_de_hauteur":null,"restriction_de_poids_total":null,"restriction_de_poids_par_essieu":null,"restriction_de_largeur":null,"restriction_de_longueur":null,"matieres_dangereuses_interdites":false,"borne_debut_gauche":null,"borne_debut_droite":null,"borne_fin_gauche":null,"borne_fin_droite":null,"insee_commune_gauche":"75115","insee_commune_droite":"75115","alias_gauche":null,"alias_droit":null,"date_de_mise_en_service":null,"liens_vers_route_nommee":null,"liens_vers_itineraire_autre":null,"cpx_numero":null,"cpx_numero_route_europeenne":null,"cpx_classement_administratif":null,"cpx_gestionnaire":null,"cpx_toponyme_route_nommee":null,"cpx_toponyme_itineraire_cyclable":null,"cpx_toponyme_voie_verte":null,"cpx_nature_itineraire_autre":null,"cpx_toponyme_itineraire_autre":null,"delestage":null,"source_voie_ban_gauche":null,"source_voie_ban_droite":null,"nom_voie_ban_gauche":null,"nom_voie_ban_droite":null,"lieux_dits_ban_gauche":null,"lieux_dits_ban_droite":null,"identifiant_voie_ban_gauche":null,"identifiant_voie_ban_droite":null,"sens_amenagement_cyclable_gauche":null,"sens_amenagement_cyclable_droit":null,"amenagement_cyclable_gauche":null,"amenagement_cyclable_droit":null,"aire_de_retournement_dfci":null,"gabarit_dfci":null,"impasse_dfci":null,"nature_detaillee_dfci":null,"ouvrage_d_art_limitant_dfci":null,"pente_maximale_dfci":null,"piste_dfci":null,"piste_dfci_debroussaillee":null,"piste_dfci_fosses":null,"sens_de_circulation_dfci":null,"tout_terrain_dfci":null,"vitesse_moyenne_dfci":null,"zone_de_croisement_dfci":null,"categorie_dfci":null,"vitesse_collaborative":null,"id_ban_odonyme_droite":null,"id_ban_odonyme_gauche":null}},{"type":"Feature","id":"troncon_de_route.21999","geometry":{"type":"LineString","coordinates":[[2.26499275,48.83423731,31.7],[2.26517452,48.83438953,31.8]]},"geometry_name":"geometrie","properties":{"cleabs":"TRONROUT0000000000203114","nature":"Route à 1 chaussée","nom_collaboratif_gauche":"QU D'ISSY-LES-MOULINEAUX","nom_collaboratif_droite":"QU D'ISSY-LES-MOULINEAUX","importance":"2","fictif":false,"position_par_rapport_au_sol":"0","etat_de_l_objet":"En service","date_creation":"2006-05-22T11:18:11.781Z","date_modification":"2024-12-14T03:37:38.607Z","date_d_apparition":null,"date_de_confirmation":null,"sources":null,"identifiants_sources":null,"methode_d_acquisition_planimetrique":"BDTopo","precision_planimetrique":2.5,"methode_d_acquisition_altimetrique":"BDTopo","precision_altimetrique":1.5,"nombre_de_voies":4,"largeur_de_chaussee":12,"itineraire_vert":true,"prive":false,"sens_de_circulation":"Double sens","reserve_aux_bus":null,"urbain":true,"vitesse_moyenne_vl":45,"acces_vehicule_leger":"Libre","acces_pieton":null,"periode_de_fermeture":null,"nature_de_la_restriction":null,"restriction_de_hauteur":null,"restriction_de_poids_total":null,"restriction_de_poids_par_essieu":null,"restriction_de_largeur":null,"restriction_de_longueur":null,"matieres_dangereuses_interdites":false,"borne_debut_gauche":null,"borne_debut_droite":null,"borne_fin_gauche":null,"borne_fin_droite":null,"insee_commune_gauche":"75115","insee_commune_droite":"75115","alias_gauche":null,"alias_droit":null,"date_de_mise_en_service":null,"liens_vers_route_nommee":null,"liens_vers_itineraire_autre":null,"cpx_numero":null,"cpx_numero_route_europeenne":null,"cpx_classement_administratif":null,"cpx_gestionnaire":null,"cpx_toponyme_route_nommee":null,"cpx_toponyme_itineraire_cyclable":null,"cpx_toponyme_voie_verte":null,"cpx_nature_itineraire_autre":null,"cpx_toponyme_itineraire_autre":null,"delestage":null,"source_voie_ban_gauche":"commune","source_voie_ban_droite":"commune","nom_voie_ban_gauche":"Quai d'Issy-Les-Moulineaux","nom_voie_ban_droite":"Quai d'Issy-Les-Moulineaux","lieux_dits_ban_gauche":null,"lieux_dits_ban_droite":null,"identifiant_voie_ban_gauche":"75115_4750","identifiant_voie_ban_droite":"75115_4750","sens_amenagement_cyclable_gauche":null,"sens_amenagement_cyclable_droit":null,"amenagement_cyclable_gauche":null,"amenagement_cyclable_droit":null,"aire_de_retournement_dfci":null,"gabarit_dfci":null,"impasse_dfci":null,"nature_detaillee_dfci":null,"ouvrage_d_art_limitant_dfci":null,"pente_maximale_dfci":null,"piste_dfci":null,"piste_dfci_debroussaillee":null,"piste_dfci_fosses":null,"sens_de_circulation_dfci":null,"tout_terrain_dfci":null,"vitesse_moyenne_dfci":null,"zone_de_croisement_dfci":null,"categorie_dfci":null,"vitesse_collaborative":null,"id_ban_odonyme_droite":null,"id_ban_odonyme_gauche":null}},{"type":"Feature","id":"troncon_de_route.22002","geometry":{"type":"LineString","coordinates":[[2.26568046,48.83464356,32],[2.26566246,48.83466413,32],[2.26564561,48.83470001,32],[2.26563963,48.83473774,32],[2.26564321,48.83477374,32],[2.26565239,48.83479898,32],[2.26570304,48.83487844,31.7]]},"geometry_name":"geometrie","properties":{"cleabs":"TRONROUT0000000000203119","nature":"Route à 1 chaussée","nom_collaboratif_gauche":"QU D'ISSY-LES-MOULINEAUX","nom_collaboratif_droite":"QU D'ISSY-LES-MOULINEAUX","importance":"2","fictif":false,"position_par_rapport_au_sol":"0","etat_de_l_objet":"En service","date_creation":"2006-05-22T11:18:11.781Z","date_modification":"2024-12-14T03:37:38.607Z","date_d_apparition":null,"date_de_confirmation":null,"sources":null,"identifiants_sources":null,"methode_d_acquisition_planimetrique":"Photogrammétrie","precision_planimetrique":2.5,"methode_d_acquisition_altimetrique":"Photogrammétrie","precision_altimetrique":1.5,"nombre_de_voies":2,"largeur_de_chaussee":7,"itineraire_vert":true,"prive":false,"sens_de_circulation":"Sens inverse","reserve_aux_bus":null,"urbain":true,"vitesse_moyenne_vl":35,"acces_vehicule_leger":"Libre","acces_pieton":null,"periode_de_fermeture":null,"nature_de_la_restriction":null,"restriction_de_hauteur":null,"restriction_de_poids_total":null,"restriction_de_poids_par_essieu":null,"restriction_de_largeur":null,"restriction_de_longueur":null,"matieres_dangereuses_interdites":false,"borne_debut_gauche":null,"borne_debut_droite":null,"borne_fin_gauche":null,"borne_fin_droite":null,"insee_commune_gauche":"75115","insee_commune_droite":"75115","alias_gauche":null,"alias_droit":null,"date_de_mise_en_service":null,"liens_vers_route_nommee":null,"liens_vers_itineraire_autre":null,"cpx_numero":null,"cpx_numero_route_europeenne":null,"cpx_classement_administratif":null,"cpx_gestionnaire":null,"cpx_toponyme_route_nommee":null,"cpx_toponyme_itineraire_cyclable":null,"cpx_toponyme_voie_verte":null,"cpx_nature_itineraire_autre":null,"cpx_toponyme_itineraire_autre":null,"delestage":null,"source_voie_ban_gauche":"commune","source_voie_ban_droite":"commune","nom_voie_ban_gauche":"Quai d'Issy-Les-Moulineaux","nom_voie_ban_droite":"Quai d'Issy-Les-Moulineaux","lieux_dits_ban_gauche":null,"lieux_dits_ban_droite":null,"identifiant_voie_ban_gauche":"75115_4750","identifiant_voie_ban_droite":"75115_4750","sens_amenagement_cyclable_gauche":null,"sens_amenagement_cyclable_droit":null,"amenagement_cyclable_gauche":null,"amenagement_cyclable_droit":null,"aire_de_retournement_dfci":null,"gabarit_dfci":null,"impasse_dfci":null,"nature_detaillee_dfci":null,"ouvrage_d_art_limitant_dfci":null,"pente_maximale_dfci":null,"piste_dfci":null,"piste_dfci_debroussaillee":null,"piste_dfci_fosses":null,"sens_de_circulation_dfci":null,"tout_terrain_dfci":null,"vitesse_moyenne_dfci":null,"zone_de_croisement_dfci":null,"categorie_dfci":null,"vitesse_collaborative":null,"id_ban_odonyme_droite":null,"id_ban_odonyme_gauche":null}},{"type":"Feature","id":"troncon_de_route.22004","geometry":{"type":"LineString","coordinates":[[2.26570304,48.83487844,31.7],[2.26548658,48.83467385,31.5],[2.26520783,48.83444279,31.7],[2.26517452,48.83438953,31.8]]},"geometry_name":"geometrie","properties":{"cleabs":"TRONROUT0000000000203121","nature":"Route à 2 chaussées","nom_collaboratif_gauche":"QU D'ISSY-LES-MOULINEAUX","nom_collaboratif_droite":"QU D'ISSY-LES-MOULINEAUX","importance":"2","fictif":false,"position_par_rapport_au_sol":"0","etat_de_l_objet":"En service","date_creation":"2006-05-22T11:18:11.781Z","date_modification":"2024-12-14T03:37:38.607Z","date_d_apparition":null,"date_de_confirmation":null,"sources":null,"identifiants_sources":null,"methode_d_acquisition_planimetrique":"BDTopo","precision_planimetrique":2.5,"methode_d_acquisition_altimetrique":"BDTopo","precision_altimetrique":1.5,"nombre_de_voies":2,"largeur_de_chaussee":5,"itineraire_vert":true,"prive":false,"sens_de_circulation":"Sens direct","reserve_aux_bus":null,"urbain":true,"vitesse_moyenne_vl":45,"acces_vehicule_leger":"Libre","acces_pieton":null,"periode_de_fermeture":null,"nature_de_la_restriction":null,"restriction_de_hauteur":null,"restriction_de_poids_total":null,"restriction_de_poids_par_essieu":null,"restriction_de_largeur":null,"restriction_de_longueur":null,"matieres_dangereuses_interdites":false,"borne_debut_gauche":null,"borne_debut_droite":null,"borne_fin_gauche":null,"borne_fin_droite":null,"insee_commune_gauche":"75115","insee_commune_droite":"75115","alias_gauche":null,"alias_droit":null,"date_de_mise_en_service":null,"liens_vers_route_nommee":null,"liens_vers_itineraire_autre":null,"cpx_numero":null,"cpx_numero_route_europeenne":null,"cpx_classement_administratif":null,"cpx_gestionnaire":null,"cpx_toponyme_route_nommee":null,"cpx_toponyme_itineraire_cyclable":null,"cpx_toponyme_voie_verte":null,"cpx_nature_itineraire_autre":null,"cpx_toponyme_itineraire_autre":null,"delestage":null,"source_voie_ban_gauche":"commune","source_voie_ban_droite":"commune","nom_voie_ban_gauche":"Quai d'Issy-Les-Moulineaux","nom_voie_ban_droite":"Quai d'Issy-Les-Moulineaux","lieux_dits_ban_gauche":null,"lieux_dits_ban_droite":null,"identifiant_voie_ban_gauche":"75115_4750","identifiant_voie_ban_droite":"75115_4750","sens_amenagement_cyclable_gauche":null,"sens_amenagement_cyclable_droit":null,"amenagement_cyclable_gauche":null,"amenagement_cyclable_droit":null,"aire_de_retournement_dfci":null,"gabarit_dfci":null,"impasse_dfci":null,"nature_detaillee_dfci":null,"ouvrage_d_art_limitant_dfci":null,"pente_maximale_dfci":null,"piste_dfci":null,"piste_dfci_debroussaillee":null,"piste_dfci_fosses":null,"sens_de_circulation_dfci":null,"tout_terrain_dfci":null,"vitesse_moyenne_dfci":null,"zone_de_croisement_dfci":null,"categorie_dfci":null,"vitesse_collaborative":null,"id_ban_odonyme_droite":null,"id_ban_odonyme_gauche":null}},{"type":"Feature","id":"troncon_de_route.22005","geometry":{"type":"LineString","coordinates":[[2.26568046,48.83464356,32],[2.26556714,48.83456462,31.8],[2.26551439,48.83453731,31.8],[2.26540339,48.83448627,31.8],[2.26517452,48.83438953,31.8]]},"geometry_name":"geometrie","properties":{"cleabs":"TRONROUT0000000000203122","nature":"Route à 2 chaussées","nom_collaboratif_gauche":"QU D'ISSY-LES-MOULINEAUX","nom_collaboratif_droite":"QU D'ISSY-LES-MOULINEAUX","importance":"2","fictif":false,"position_par_rapport_au_sol":"0","etat_de_l_objet":"En service","date_creation":"2006-05-22T11:18:11.781Z","date_modification":"2024-12-14T03:37:38.607Z","date_d_apparition":null,"date_de_confirmation":null,"sources":null,"identifiants_sources":null,"methode_d_acquisition_planimetrique":"BDTopo","precision_planimetrique":2.5,"methode_d_acquisition_altimetrique":"BDTopo","precision_altimetrique":1.5,"nombre_de_voies":2,"largeur_de_chaussee":7,"itineraire_vert":true,"prive":false,"sens_de_circulation":"Sens inverse","reserve_aux_bus":null,"urbain":true,"vitesse_moyenne_vl":40,"acces_vehicule_leger":"Libre","acces_pieton":null,"periode_de_fermeture":null,"nature_de_la_restriction":null,"restriction_de_hauteur":null,"restriction_de_poids_total":null,"restriction_de_poids_par_essieu":null,"restriction_de_largeur":null,"restriction_de_longueur":null,"matieres_dangereuses_interdites":false,"borne_debut_gauche":null,"borne_debut_droite":null,"borne_fin_gauche":null,"borne_fin_droite":null,"insee_commune_gauche":"75115","insee_commune_droite":"75115","alias_gauche":null,"alias_droit":null,"date_de_mise_en_service":null,"liens_vers_route_nommee":null,"liens_vers_itineraire_autre":null,"cpx_numero":null,"cpx_numero_route_europeenne":null,"cpx_classement_administratif":null,"cpx_gestionnaire":null,"cpx_toponyme_route_nommee":null,"cpx_toponyme_itineraire_cyclable":null,"cpx_toponyme_voie_verte":null,"cpx_nature_itineraire_autre":null,"cpx_toponyme_itineraire_autre":null,"delestage":null,"source_voie_ban_gauche":"commune","source_voie_ban_droite":"commune","nom_voie_ban_gauche":"Quai d'Issy-Les-Moulineaux","nom_voie_ban_droite":"Quai d'Issy-Les-Moulineaux","lieux_dits_ban_gauche":null,"lieux_dits_ban_droite":null,"identifiant_voie_ban_gauche":"75115_4750","identifiant_voie_ban_droite":"75115_4750","sens_amenagement_cyclable_gauche":null,"sens_amenagement_cyclable_droit":null,"amenagement_cyclable_gauche":null,"amenagement_cyclable_droit":null,"aire_de_retournement_dfci":null,"gabarit_dfci":null,"impasse_dfci":null,"nature_detaillee_dfci":null,"ouvrage_d_art_limitant_dfci":null,"pente_maximale_dfci":null,"piste_dfci":null,"piste_dfci_debroussaillee":null,"piste_dfci_fosses":null,"sens_de_circulation_dfci":null,"tout_terrain_dfci":null,"vitesse_moyenne_dfci":null,"zone_de_croisement_dfci":null,"categorie_dfci":null,"vitesse_collaborative":null,"id_ban_odonyme_droite":null,"id_ban_odonyme_gauche":null}},{"type":"Feature","id":"troncon_de_route.22006","geometry":{"type":"LineString","coordinates":[[2.2658769,48.83452875,32],[2.26580843,48.83455351,32],[2.26576035,48.83458199,32],[2.26568046,48.83464356,32]]},"geometry_name":"geometrie","properties":{"cleabs":"TRONROUT0000000000203123","nature":"Route à 1 chaussée","nom_collaboratif_gauche":null,"nom_collaboratif_droite":null,"importance":"2","fictif":false,"position_par_rapport_au_sol":"0","etat_de_l_objet":"En service","date_creation":"2006-05-22T11:18:11.781Z","date_modification":"2023-09-21T08:16:01.974Z","date_d_apparition":null,"date_de_confirmation":null,"sources":null,"identifiants_sources":null,"methode_d_acquisition_planimetrique":"BDTopo","precision_planimetrique":2.5,"methode_d_acquisition_altimetrique":"BDTopo","precision_altimetrique":1.5,"nombre_de_voies":2,"largeur_de_chaussee":7,"itineraire_vert":false,"prive":false,"sens_de_circulation":"Sens inverse","reserve_aux_bus":null,"urbain":true,"vitesse_moyenne_vl":35,"acces_vehicule_leger":"Libre","acces_pieton":null,"periode_de_fermeture":null,"nature_de_la_restriction":null,"restriction_de_hauteur":null,"restriction_de_poids_total":null,"restriction_de_poids_par_essieu":null,"restriction_de_largeur":null,"restriction_de_longueur":null,"matieres_dangereuses_interdites":false,"borne_debut_gauche":null,"borne_debut_droite":null,"borne_fin_gauche":null,"borne_fin_droite":null,"insee_commune_gauche":"75115","insee_commune_droite":"75115","alias_gauche":null,"alias_droit":null,"date_de_mise_en_service":null,"liens_vers_route_nommee":null,"liens_vers_itineraire_autre":null,"cpx_numero":null,"cpx_numero_route_europeenne":null,"cpx_classement_administratif":null,"cpx_gestionnaire":null,"cpx_toponyme_route_nommee":null,"cpx_toponyme_itineraire_cyclable":null,"cpx_toponyme_voie_verte":null,"cpx_nature_itineraire_autre":null,"cpx_toponyme_itineraire_autre":null,"delestage":null,"source_voie_ban_gauche":null,"source_voie_ban_droite":null,"nom_voie_ban_gauche":null,"nom_voie_ban_droite":null,"lieux_dits_ban_gauche":null,"lieux_dits_ban_droite":null,"identifiant_voie_ban_gauche":null,"identifiant_voie_ban_droite":null,"sens_amenagement_cyclable_gauche":null,"sens_amenagement_cyclable_droit":null,"amenagement_cyclable_gauche":null,"amenagement_cyclable_droit":null,"aire_de_retournement_dfci":null,"gabarit_dfci":null,"impasse_dfci":null,"nature_detaillee_dfci":null,"ouvrage_d_art_limitant_dfci":null,"pente_maximale_dfci":null,"piste_dfci":null,"piste_dfci_debroussaillee":null,"piste_dfci_fosses":null,"sens_de_circulation_dfci":null,"tout_terrain_dfci":null,"vitesse_moyenne_dfci":null,"zone_de_croisement_dfci":null,"categorie_dfci":null,"vitesse_collaborative":null,"id_ban_odonyme_droite":null,"id_ban_odonyme_gauche":null}},{"type":"Feature","id":"troncon_de_route.22007","geometry":{"type":"LineString","coordinates":[[2.26517452,48.83438953,31.8],[2.2654529,48.83445329,31.9],[2.26566758,48.83449418,31.9],[2.2658769,48.83452875,32]]},"geometry_name":"geometrie","properties":{"cleabs":"TRONROUT0000000000203124","nature":"Route à 1 chaussée","nom_collaboratif_gauche":null,"nom_collaboratif_droite":null,"importance":"2","fictif":false,"position_par_rapport_au_sol":"0","etat_de_l_objet":"En service","date_creation":"2006-05-22T11:18:11.781Z","date_modification":"2023-09-21T08:16:01.974Z","date_d_apparition":null,"date_de_confirmation":null,"sources":null,"identifiants_sources":null,"methode_d_acquisition_planimetrique":"BDTopo","precision_planimetrique":2.5,"methode_d_acquisition_altimetrique":"BDTopo","precision_altimetrique":1.5,"nombre_de_voies":2,"largeur_de_chaussee":5,"itineraire_vert":true,"prive":false,"sens_de_circulation":"Sens direct","reserve_aux_bus":null,"urbain":true,"vitesse_moyenne_vl":40,"acces_vehicule_leger":"Libre","acces_pieton":null,"periode_de_fermeture":null,"nature_de_la_restriction":null,"restriction_de_hauteur":null,"restriction_de_poids_total":null,"restriction_de_poids_par_essieu":null,"restriction_de_largeur":null,"restriction_de_longueur":null,"matieres_dangereuses_interdites":false,"borne_debut_gauche":null,"borne_debut_droite":null,"borne_fin_gauche":null,"borne_fin_droite":null,"insee_commune_gauche":"75115","insee_commune_droite":"75115","alias_gauche":null,"alias_droit":null,"date_de_mise_en_service":null,"liens_vers_route_nommee":null,"liens_vers_itineraire_autre":null,"cpx_numero":null,"cpx_numero_route_europeenne":null,"cpx_classement_administratif":null,"cpx_gestionnaire":null,"cpx_toponyme_route_nommee":null,"cpx_toponyme_itineraire_cyclable":null,"cpx_toponyme_voie_verte":null,"cpx_nature_itineraire_autre":null,"cpx_toponyme_itineraire_autre":null,"delestage":null,"source_voie_ban_gauche":null,"source_voie_ban_droite":null,"nom_voie_ban_gauche":null,"nom_voie_ban_droite":null,"lieux_dits_ban_gauche":null,"lieux_dits_ban_droite":null,"identifiant_voie_ban_gauche":null,"identifiant_voie_ban_droite":null,"sens_amenagement_cyclable_gauche":null,"sens_amenagement_cyclable_droit":null,"amenagement_cyclable_gauche":null,"amenagement_cyclable_droit":null,"aire_de_retournement_dfci":null,"gabarit_dfci":null,"impasse_dfci":null,"nature_detaillee_dfci":null,"ouvrage_d_art_limitant_dfci":null,"pente_maximale_dfci":null,"piste_dfci":null,"piste_dfci_debroussaillee":null,"piste_dfci_fosses":null,"sens_de_circulation_dfci":null,"tout_terrain_dfci":null,"vitesse_moyenne_dfci":null,"zone_de_croisement_dfci":null,"categorie_dfci":null,"vitesse_collaborative":null,"id_ban_odonyme_droite":null,"id_ban_odonyme_gauche":null}},{"type":"Feature","id":"troncon_de_route.22658","geometry":{"type":"LineString","coordinates":[[2.26810169,48.83442816,30.7],[2.26815861,48.83445009,30.7],[2.26830917,48.83449688,30.7],[2.26839329,48.83452168,30.7],[2.26850322,48.83455203,30.7],[2.26862951,48.83458068,30.7],[2.26877771,48.83460228,30.7],[2.2689681,48.83462682,30.7],[2.26913544,48.83464314,30.7],[2.26949337,48.83466961,30.7],[2.26998212,48.83469417,30.7],[2.27027489,48.83470406,30.7],[2.2704997,48.83470273,30.7],[2.2710433,48.83470155,30.7],[2.27136896,48.83469813,30.7],[2.27179954,48.83469266,30.7],[2.27260072,48.83468495,30.7],[2.27288162,48.83466687,30.9],[2.27300372,48.83460645,30.9]]},"geometry_name":"geometrie","properties":{"cleabs":"TRONROUT0000000000203954","nature":"Route à 1 chaussée","nom_collaboratif_gauche":"VC CW/15","nom_collaboratif_droite":"VC CW/15","importance":"5","fictif":false,"position_par_rapport_au_sol":"0","etat_de_l_objet":"En service","date_creation":"2006-05-22T11:18:11.781Z","date_modification":"2023-09-21T08:16:01.974Z","date_d_apparition":null,"date_de_confirmation":null,"sources":null,"identifiants_sources":null,"methode_d_acquisition_planimetrique":"BDTopo","precision_planimetrique":2.5,"methode_d_acquisition_altimetrique":"BDTopo","precision_altimetrique":1.5,"nombre_de_voies":2,"largeur_de_chaussee":4,"itineraire_vert":false,"prive":false,"sens_de_circulation":"Double sens","reserve_aux_bus":null,"urbain":true,"vitesse_moyenne_vl":0,"acces_vehicule_leger":"Restreint aux ayants droit","acces_pieton":null,"periode_de_fermeture":null,"nature_de_la_restriction":null,"restriction_de_hauteur":null,"restriction_de_poids_total":null,"restriction_de_poids_par_essieu":null,"restriction_de_largeur":null,"restriction_de_longueur":null,"matieres_dangereuses_interdites":false,"borne_debut_gauche":null,"borne_debut_droite":null,"borne_fin_gauche":null,"borne_fin_droite":null,"insee_commune_gauche":"75115","insee_commune_droite":"75115","alias_gauche":null,"alias_droit":null,"date_de_mise_en_service":null,"liens_vers_route_nommee":null,"liens_vers_itineraire_autre":null,"cpx_numero":null,"cpx_numero_route_europeenne":null,"cpx_classement_administratif":null,"cpx_gestionnaire":null,"cpx_toponyme_route_nommee":null,"cpx_toponyme_itineraire_cyclable":null,"cpx_toponyme_voie_verte":null,"cpx_nature_itineraire_autre":null,"cpx_toponyme_itineraire_autre":null,"delestage":null,"source_voie_ban_gauche":null,"source_voie_ban_droite":null,"nom_voie_ban_gauche":null,"nom_voie_ban_droite":null,"lieux_dits_ban_gauche":null,"lieux_dits_ban_droite":null,"identifiant_voie_ban_gauche":null,"identifiant_voie_ban_droite":null,"sens_amenagement_cyclable_gauche":null,"sens_amenagement_cyclable_droit":null,"amenagement_cyclable_gauche":null,"amenagement_cyclable_droit":null,"aire_de_retournement_dfci":null,"gabarit_dfci":null,"impasse_dfci":null,"nature_detaillee_dfci":null,"ouvrage_d_art_limitant_dfci":null,"pente_maximale_dfci":null,"piste_dfci":null,"piste_dfci_debroussaillee":null,"piste_dfci_fosses":null,"sens_de_circulation_dfci":null,"tout_terrain_dfci":null,"vitesse_moyenne_dfci":null,"zone_de_croisement_dfci":null,"categorie_dfci":null,"vitesse_collaborative":null,"id_ban_odonyme_droite":null,"id_ban_odonyme_gauche":null}},{"type":"Feature","id":"troncon_de_route.23209","geometry":{"type":"LineString","coordinates":[[2.26794177,48.8313612,33.2],[2.26887188,48.83187054,31.5],[2.26907418,48.83201658,30.9],[2.26920389,48.83209292,30.5],[2.26937961,48.83219112,30.5],[2.26945947,48.83222849,30.5],[2.26971153,48.83232266,30.7]]},"geometry_name":"geometrie","properties":{"cleabs":"TRONROUT0000000000204649","nature":"Sentier","nom_collaboratif_gauche":null,"nom_collaboratif_droite":null,"importance":"6","fictif":false,"position_par_rapport_au_sol":"0","etat_de_l_objet":"En service","date_creation":"2006-05-22T11:18:11.781Z","date_modification":"2023-09-21T08:16:01.974Z","date_d_apparition":null,"date_de_confirmation":null,"sources":null,"identifiants_sources":null,"methode_d_acquisition_planimetrique":"BDTopo","precision_planimetrique":2.5,"methode_d_acquisition_altimetrique":"BDTopo","precision_altimetrique":1.5,"nombre_de_voies":null,"largeur_de_chaussee":null,"itineraire_vert":false,"prive":false,"sens_de_circulation":"Sans objet","reserve_aux_bus":null,"urbain":true,"vitesse_moyenne_vl":0,"acces_vehicule_leger":"Physiquement impossible","acces_pieton":null,"periode_de_fermeture":null,"nature_de_la_restriction":null,"restriction_de_hauteur":null,"restriction_de_poids_total":null,"restriction_de_poids_par_essieu":null,"restriction_de_largeur":null,"restriction_de_longueur":null,"matieres_dangereuses_interdites":false,"borne_debut_gauche":null,"borne_debut_droite":null,"borne_fin_gauche":null,"borne_fin_droite":null,"insee_commune_gauche":"75115","insee_commune_droite":"75115","alias_gauche":null,"alias_droit":null,"date_de_mise_en_service":null,"liens_vers_route_nommee":null,"liens_vers_itineraire_autre":null,"cpx_numero":null,"cpx_numero_route_europeenne":null,"cpx_classement_administratif":null,"cpx_gestionnaire":null,"cpx_toponyme_route_nommee":null,"cpx_toponyme_itineraire_cyclable":null,"cpx_toponyme_voie_verte":null,"cpx_nature_itineraire_autre":null,"cpx_toponyme_itineraire_autre":null,"delestage":null,"source_voie_ban_gauche":null,"source_voie_ban_droite":null,"nom_voie_ban_gauche":null,"nom_voie_ban_droite":null,"lieux_dits_ban_gauche":null,"lieux_dits_ban_droite":null,"identifiant_voie_ban_gauche":null,"identifiant_voie_ban_droite":null,"sens_amenagement_cyclable_gauche":null,"sens_amenagement_cyclable_droit":null,"amenagement_cyclable_gauche":null,"amenagement_cyclable_droit":null,"aire_de_retournement_dfci":null,"gabarit_dfci":null,"impasse_dfci":null,"nature_detaillee_dfci":null,"ouvrage_d_art_limitant_dfci":null,"pente_maximale_dfci":null,"piste_dfci":null,"piste_dfci_debroussaillee":null,"piste_dfci_fosses":null,"sens_de_circulation_dfci":null,"tout_terrain_dfci":null,"vitesse_moyenne_dfci":null,"zone_de_croisement_dfci":null,"categorie_dfci":null,"vitesse_collaborative":null,"id_ban_odonyme_droite":null,"id_ban_odonyme_gauche":null}},{"type":"Feature","id":"troncon_de_route.44988","geometry":{"type":"LineString","coordinates":[[2.26873015,48.83245697,29.7],[2.26921715,48.83270188,29.7]]},"geometry_name":"geometrie","properties":{"cleabs":"TRONROUT0000000000531649","nature":"Route à 1 chaussée","nom_collaboratif_gauche":"R HENRY FARMAN","nom_collaboratif_droite":"R HENRY FARMAN","importance":"5","fictif":false,"position_par_rapport_au_sol":"0","etat_de_l_objet":"En service","date_creation":"2006-05-22T11:39:36.546Z","date_modification":"2024-10-26T15:58:31.083Z","date_d_apparition":null,"date_de_confirmation":null,"sources":null,"identifiants_sources":null,"methode_d_acquisition_planimetrique":"BDTopo","precision_planimetrique":2.5,"methode_d_acquisition_altimetrique":"BDTopo","precision_altimetrique":1.5,"nombre_de_voies":2,"largeur_de_chaussee":7,"itineraire_vert":false,"prive":false,"sens_de_circulation":"Double sens","reserve_aux_bus":null,"urbain":true,"vitesse_moyenne_vl":20,"acces_vehicule_leger":"Libre","acces_pieton":null,"periode_de_fermeture":null,"nature_de_la_restriction":null,"restriction_de_hauteur":null,"restriction_de_poids_total":null,"restriction_de_poids_par_essieu":null,"restriction_de_largeur":null,"restriction_de_longueur":null,"matieres_dangereuses_interdites":false,"borne_debut_gauche":"86","borne_debut_droite":null,"borne_fin_gauche":"84","borne_fin_droite":null,"insee_commune_gauche":"92040","insee_commune_droite":"92040","alias_gauche":"VC BO/15","alias_droit":"VC BO/15","date_de_mise_en_service":null,"liens_vers_route_nommee":null,"liens_vers_itineraire_autre":null,"cpx_numero":null,"cpx_numero_route_europeenne":null,"cpx_classement_administratif":null,"cpx_gestionnaire":null,"cpx_toponyme_route_nommee":null,"cpx_toponyme_itineraire_cyclable":null,"cpx_toponyme_voie_verte":null,"cpx_nature_itineraire_autre":null,"cpx_toponyme_itineraire_autre":null,"delestage":null,"source_voie_ban_gauche":"commune","source_voie_ban_droite":"commune","nom_voie_ban_gauche":"Rue Henri Farman","nom_voie_ban_droite":"Rue Henri Farman","lieux_dits_ban_gauche":"","lieux_dits_ban_droite":"","identifiant_voie_ban_gauche":"92040_4300","identifiant_voie_ban_droite":"92040_4300","sens_amenagement_cyclable_gauche":"Sens inverse","sens_amenagement_cyclable_droit":"Sens direct","amenagement_cyclable_gauche":"Bande cyclable","amenagement_cyclable_droit":"Bande cyclable","aire_de_retournement_dfci":null,"gabarit_dfci":null,"impasse_dfci":null,"nature_detaillee_dfci":null,"ouvrage_d_art_limitant_dfci":null,"pente_maximale_dfci":null,"piste_dfci":null,"piste_dfci_debroussaillee":null,"piste_dfci_fosses":null,"sens_de_circulation_dfci":null,"tout_terrain_dfci":null,"vitesse_moyenne_dfci":null,"zone_de_croisement_dfci":null,"categorie_dfci":null,"vitesse_collaborative":null,"id_ban_odonyme_droite":"a2efbca0-615d-4d9d-9033-1eee4f2ecf96","id_ban_odonyme_gauche":"a2efbca0-615d-4d9d-9033-1eee4f2ecf96"}},{"type":"Feature","id":"troncon_de_route.44989","geometry":{"type":"LineString","coordinates":[[2.26747542,48.83459251,31.4],[2.26718543,48.83457904,31.1],[2.26694576,48.83457128,31]]},"geometry_name":"geometrie","properties":{"cleabs":"TRONROUT0000000000531651","nature":"Route à 1 chaussée","nom_collaboratif_gauche":"VOI AD/15","nom_collaboratif_droite":"VOI AD/15","importance":"2","fictif":false,"position_par_rapport_au_sol":"0","etat_de_l_objet":"En service","date_creation":"2006-05-22T11:39:36.546Z","date_modification":"2025-09-02T19:20:45.537Z","date_d_apparition":null,"date_de_confirmation":null,"sources":null,"identifiants_sources":null,"methode_d_acquisition_planimetrique":"BDTopo","precision_planimetrique":2.5,"methode_d_acquisition_altimetrique":"BDTopo","precision_altimetrique":1.5,"nombre_de_voies":2,"largeur_de_chaussee":5,"itineraire_vert":true,"prive":false,"sens_de_circulation":"Sens inverse","reserve_aux_bus":null,"urbain":true,"vitesse_moyenne_vl":30,"acces_vehicule_leger":"Libre","acces_pieton":null,"periode_de_fermeture":null,"nature_de_la_restriction":null,"restriction_de_hauteur":null,"restriction_de_poids_total":null,"restriction_de_poids_par_essieu":null,"restriction_de_largeur":null,"restriction_de_longueur":null,"matieres_dangereuses_interdites":false,"borne_debut_gauche":null,"borne_debut_droite":null,"borne_fin_gauche":null,"borne_fin_droite":null,"insee_commune_gauche":"75115","insee_commune_droite":"75115","alias_gauche":null,"alias_droit":null,"date_de_mise_en_service":null,"liens_vers_route_nommee":null,"liens_vers_itineraire_autre":null,"cpx_numero":null,"cpx_numero_route_europeenne":null,"cpx_classement_administratif":null,"cpx_gestionnaire":null,"cpx_toponyme_route_nommee":null,"cpx_toponyme_itineraire_cyclable":null,"cpx_toponyme_voie_verte":null,"cpx_nature_itineraire_autre":null,"cpx_toponyme_itineraire_autre":null,"delestage":null,"source_voie_ban_gauche":"commune","source_voie_ban_droite":"commune","nom_voie_ban_gauche":"Voie Ad/15","nom_voie_ban_droite":"Voie Ad/15","lieux_dits_ban_gauche":null,"lieux_dits_ban_droite":null,"identifiant_voie_ban_gauche":"75115_gbe3wc","identifiant_voie_ban_droite":"75115_gbe3wc","sens_amenagement_cyclable_gauche":null,"sens_amenagement_cyclable_droit":null,"amenagement_cyclable_gauche":null,"amenagement_cyclable_droit":null,"aire_de_retournement_dfci":null,"gabarit_dfci":null,"impasse_dfci":null,"nature_detaillee_dfci":null,"ouvrage_d_art_limitant_dfci":null,"pente_maximale_dfci":null,"piste_dfci":null,"piste_dfci_debroussaillee":null,"piste_dfci_fosses":null,"sens_de_circulation_dfci":null,"tout_terrain_dfci":null,"vitesse_moyenne_dfci":null,"zone_de_croisement_dfci":null,"categorie_dfci":null,"vitesse_collaborative":null,"id_ban_odonyme_droite":null,"id_ban_odonyme_gauche":null}},{"type":"Feature","id":"troncon_de_route.44991","geometry":{"type":"LineString","coordinates":[[2.26690212,48.83408984,31.2],[2.26685087,48.83424692,31.2],[2.26680954,48.83437618,31.2],[2.2667775,48.83442634,31.2],[2.26672929,48.83446382,31.2],[2.26664848,48.83449481,31.2],[2.26656649,48.83451229,31.2],[2.26646002,48.83452693,31.4]]},"geometry_name":"geometrie","properties":{"cleabs":"TRONROUT0000000000531652","nature":"Route à 1 chaussée","nom_collaboratif_gauche":"PL DU MARECHAL DE ROCHAMBEAU","nom_collaboratif_droite":"PL DU MARECHAL DE ROCHAMBEAU","importance":"3","fictif":false,"position_par_rapport_au_sol":"0","etat_de_l_objet":"En service","date_creation":"2006-05-22T11:39:36.546Z","date_modification":"2026-01-10T15:36:27.070Z","date_d_apparition":null,"date_de_confirmation":null,"sources":null,"identifiants_sources":null,"methode_d_acquisition_planimetrique":"BDTopo","precision_planimetrique":2.5,"methode_d_acquisition_altimetrique":"BDTopo","precision_altimetrique":1.5,"nombre_de_voies":2,"largeur_de_chaussee":7,"itineraire_vert":false,"prive":false,"sens_de_circulation":"Sens inverse","reserve_aux_bus":null,"urbain":true,"vitesse_moyenne_vl":10,"acces_vehicule_leger":"Libre","acces_pieton":null,"periode_de_fermeture":null,"nature_de_la_restriction":null,"restriction_de_hauteur":null,"restriction_de_poids_total":null,"restriction_de_poids_par_essieu":null,"restriction_de_largeur":null,"restriction_de_longueur":null,"matieres_dangereuses_interdites":false,"borne_debut_gauche":"4","borne_debut_droite":null,"borne_fin_gauche":"4","borne_fin_droite":null,"insee_commune_gauche":"92040","insee_commune_droite":"92040","alias_gauche":null,"alias_droit":null,"date_de_mise_en_service":null,"liens_vers_route_nommee":"ROUTNOMM0000000000552076","liens_vers_itineraire_autre":null,"cpx_numero":"D69","cpx_numero_route_europeenne":null,"cpx_classement_administratif":"Départementale","cpx_gestionnaire":"Hauts-de-Seine","cpx_toponyme_route_nommee":null,"cpx_toponyme_itineraire_cyclable":null,"cpx_toponyme_voie_verte":null,"cpx_nature_itineraire_autre":null,"cpx_toponyme_itineraire_autre":null,"delestage":null,"source_voie_ban_gauche":"commune","source_voie_ban_droite":"commune","nom_voie_ban_gauche":"Place du Maréchal de Rochambeau","nom_voie_ban_droite":"Place du Maréchal de Rochambeau","lieux_dits_ban_gauche":null,"lieux_dits_ban_droite":null,"identifiant_voie_ban_gauche":"92040_8128","identifiant_voie_ban_droite":"92040_8128","sens_amenagement_cyclable_gauche":null,"sens_amenagement_cyclable_droit":null,"amenagement_cyclable_gauche":null,"amenagement_cyclable_droit":null,"aire_de_retournement_dfci":null,"gabarit_dfci":null,"impasse_dfci":null,"nature_detaillee_dfci":null,"ouvrage_d_art_limitant_dfci":null,"pente_maximale_dfci":null,"piste_dfci":null,"piste_dfci_debroussaillee":null,"piste_dfci_fosses":null,"sens_de_circulation_dfci":null,"tout_terrain_dfci":null,"vitesse_moyenne_dfci":null,"zone_de_croisement_dfci":null,"categorie_dfci":null,"vitesse_collaborative":null,"id_ban_odonyme_droite":"7cd01675-5d76-4e2b-b1ba-8a2beed87bd8","id_ban_odonyme_gauche":"7cd01675-5d76-4e2b-b1ba-8a2beed87bd8"}},{"type":"Feature","id":"troncon_de_route.44992","geometry":{"type":"LineString","coordinates":[[2.26700623,48.83414624,30.5],[2.26704177,48.8339441,30.4],[2.26703646,48.83383704,30.4]]},"geometry_name":"geometrie","properties":{"cleabs":"TRONROUT0000000000531653","nature":"Route à 1 chaussée","nom_collaboratif_gauche":"PL DU MARECHAL DE ROCHAMBEAU","nom_collaboratif_droite":"PL DU MARECHAL DE ROCHAMBEAU","importance":"3","fictif":false,"position_par_rapport_au_sol":"0","etat_de_l_objet":"En service","date_creation":"2006-05-22T11:39:36.546Z","date_modification":"2024-02-03T17:24:40.188Z","date_d_apparition":null,"date_de_confirmation":null,"sources":null,"identifiants_sources":null,"methode_d_acquisition_planimetrique":"BDTopo","precision_planimetrique":2.5,"methode_d_acquisition_altimetrique":"BDTopo","precision_altimetrique":1.5,"nombre_de_voies":1,"largeur_de_chaussee":3,"itineraire_vert":false,"prive":false,"sens_de_circulation":"Sens inverse","reserve_aux_bus":null,"urbain":true,"vitesse_moyenne_vl":30,"acces_vehicule_leger":"Libre","acces_pieton":null,"periode_de_fermeture":null,"nature_de_la_restriction":null,"restriction_de_hauteur":null,"restriction_de_poids_total":null,"restriction_de_poids_par_essieu":null,"restriction_de_largeur":null,"restriction_de_longueur":null,"matieres_dangereuses_interdites":false,"borne_debut_gauche":null,"borne_debut_droite":null,"borne_fin_gauche":null,"borne_fin_droite":null,"insee_commune_gauche":"92040","insee_commune_droite":"92040","alias_gauche":null,"alias_droit":null,"date_de_mise_en_service":null,"liens_vers_route_nommee":"ROUTNOMM0000000000552076","liens_vers_itineraire_autre":null,"cpx_numero":"D69","cpx_numero_route_europeenne":null,"cpx_classement_administratif":"Départementale","cpx_gestionnaire":"Hauts-de-Seine","cpx_toponyme_route_nommee":null,"cpx_toponyme_itineraire_cyclable":null,"cpx_toponyme_voie_verte":null,"cpx_nature_itineraire_autre":null,"cpx_toponyme_itineraire_autre":null,"delestage":null,"source_voie_ban_gauche":"commune","source_voie_ban_droite":"commune","nom_voie_ban_gauche":"Place du Maréchal de Rochambeau","nom_voie_ban_droite":"Place du Maréchal de Rochambeau","lieux_dits_ban_gauche":"","lieux_dits_ban_droite":"","identifiant_voie_ban_gauche":"92040_8128","identifiant_voie_ban_droite":"92040_8128","sens_amenagement_cyclable_gauche":null,"sens_amenagement_cyclable_droit":null,"amenagement_cyclable_gauche":null,"amenagement_cyclable_droit":null,"aire_de_retournement_dfci":null,"gabarit_dfci":null,"impasse_dfci":null,"nature_detaillee_dfci":null,"ouvrage_d_art_limitant_dfci":null,"pente_maximale_dfci":null,"piste_dfci":null,"piste_dfci_debroussaillee":null,"piste_dfci_fosses":null,"sens_de_circulation_dfci":null,"tout_terrain_dfci":null,"vitesse_moyenne_dfci":null,"zone_de_croisement_dfci":null,"categorie_dfci":null,"vitesse_collaborative":null,"id_ban_odonyme_droite":"7cd01675-5d76-4e2b-b1ba-8a2beed87bd8","id_ban_odonyme_gauche":"7cd01675-5d76-4e2b-b1ba-8a2beed87bd8"}},{"type":"Feature","id":"troncon_de_route.44993","geometry":{"type":"LineString","coordinates":[[2.26703646,48.83383704,30.4],[2.26701854,48.83375509,30.9]]},"geometry_name":"geometrie","properties":{"cleabs":"TRONROUT0000000000531654","nature":"Route à 1 chaussée","nom_collaboratif_gauche":"PL DU MARECHAL DE ROCHAMBEAU","nom_collaboratif_droite":"PL DU MARECHAL DE ROCHAMBEAU","importance":"3","fictif":false,"position_par_rapport_au_sol":"0","etat_de_l_objet":"En service","date_creation":"2006-05-22T11:39:36.546Z","date_modification":"2024-02-03T17:24:40.188Z","date_d_apparition":null,"date_de_confirmation":null,"sources":null,"identifiants_sources":null,"methode_d_acquisition_planimetrique":"BDTopo","precision_planimetrique":2.5,"methode_d_acquisition_altimetrique":"BDTopo","precision_altimetrique":1.5,"nombre_de_voies":1,"largeur_de_chaussee":3,"itineraire_vert":false,"prive":false,"sens_de_circulation":"Double sens","reserve_aux_bus":null,"urbain":true,"vitesse_moyenne_vl":30,"acces_vehicule_leger":"Libre","acces_pieton":null,"periode_de_fermeture":null,"nature_de_la_restriction":null,"restriction_de_hauteur":null,"restriction_de_poids_total":null,"restriction_de_poids_par_essieu":null,"restriction_de_largeur":null,"restriction_de_longueur":null,"matieres_dangereuses_interdites":false,"borne_debut_gauche":null,"borne_debut_droite":null,"borne_fin_gauche":null,"borne_fin_droite":null,"insee_commune_gauche":"92040","insee_commune_droite":"92040","alias_gauche":null,"alias_droit":null,"date_de_mise_en_service":null,"liens_vers_route_nommee":"ROUTNOMM0000000000552076","liens_vers_itineraire_autre":null,"cpx_numero":"D69","cpx_numero_route_europeenne":null,"cpx_classement_administratif":"Départementale","cpx_gestionnaire":"Hauts-de-Seine","cpx_toponyme_route_nommee":null,"cpx_toponyme_itineraire_cyclable":null,"cpx_toponyme_voie_verte":null,"cpx_nature_itineraire_autre":null,"cpx_toponyme_itineraire_autre":null,"delestage":null,"source_voie_ban_gauche":"commune","source_voie_ban_droite":"commune","nom_voie_ban_gauche":"Place du Maréchal de Rochambeau","nom_voie_ban_droite":"Place du Maréchal de Rochambeau","lieux_dits_ban_gauche":"","lieux_dits_ban_droite":"","identifiant_voie_ban_gauche":"92040_8128","identifiant_voie_ban_droite":"92040_8128","sens_amenagement_cyclable_gauche":null,"sens_amenagement_cyclable_droit":null,"amenagement_cyclable_gauche":null,"amenagement_cyclable_droit":null,"aire_de_retournement_dfci":null,"gabarit_dfci":null,"impasse_dfci":null,"nature_detaillee_dfci":null,"ouvrage_d_art_limitant_dfci":null,"pente_maximale_dfci":null,"piste_dfci":null,"piste_dfci_debroussaillee":null,"piste_dfci_fosses":null,"sens_de_circulation_dfci":null,"tout_terrain_dfci":null,"vitesse_moyenne_dfci":null,"zone_de_croisement_dfci":null,"categorie_dfci":null,"vitesse_collaborative":null,"id_ban_odonyme_droite":"7cd01675-5d76-4e2b-b1ba-8a2beed87bd8","id_ban_odonyme_gauche":"7cd01675-5d76-4e2b-b1ba-8a2beed87bd8"}},{"type":"Feature","id":"troncon_de_route.44994","geometry":{"type":"LineString","coordinates":[[2.26764933,48.83326879,30.3],[2.26809907,48.83286862,29.9],[2.26864369,48.83240518,29.8]]},"geometry_name":"geometrie","properties":{"cleabs":"TRONROUT0000000000531655","nature":"Route à 1 chaussée","nom_collaboratif_gauche":"R BARA","nom_collaboratif_droite":"R BARA","importance":"5","fictif":false,"position_par_rapport_au_sol":"0","etat_de_l_objet":"En service","date_creation":"2006-05-22T11:39:36.546Z","date_modification":"2026-02-07T11:16:12.770Z","date_d_apparition":null,"date_de_confirmation":null,"sources":null,"identifiants_sources":null,"methode_d_acquisition_planimetrique":"BDTopo","precision_planimetrique":2.5,"methode_d_acquisition_altimetrique":"BDTopo","precision_altimetrique":1.5,"nombre_de_voies":2,"largeur_de_chaussee":4,"itineraire_vert":false,"prive":false,"sens_de_circulation":"Double sens","reserve_aux_bus":null,"urbain":true,"vitesse_moyenne_vl":20,"acces_vehicule_leger":"Libre","acces_pieton":null,"periode_de_fermeture":null,"nature_de_la_restriction":null,"restriction_de_hauteur":null,"restriction_de_poids_total":null,"restriction_de_poids_par_essieu":null,"restriction_de_largeur":null,"restriction_de_longueur":null,"matieres_dangereuses_interdites":false,"borne_debut_gauche":"23","borne_debut_droite":"16","borne_fin_gauche":"23","borne_fin_droite":"32","insee_commune_gauche":"92040","insee_commune_droite":"92040","alias_gauche":null,"alias_droit":null,"date_de_mise_en_service":null,"liens_vers_route_nommee":null,"liens_vers_itineraire_autre":null,"cpx_numero":null,"cpx_numero_route_europeenne":null,"cpx_classement_administratif":null,"cpx_gestionnaire":null,"cpx_toponyme_route_nommee":null,"cpx_toponyme_itineraire_cyclable":null,"cpx_toponyme_voie_verte":null,"cpx_nature_itineraire_autre":null,"cpx_toponyme_itineraire_autre":null,"delestage":null,"source_voie_ban_gauche":"commune","source_voie_ban_droite":"commune","nom_voie_ban_gauche":"Rue Bara","nom_voie_ban_droite":"Rue Bara","lieux_dits_ban_gauche":null,"lieux_dits_ban_droite":null,"identifiant_voie_ban_gauche":"92040_0610","identifiant_voie_ban_droite":"92040_0610","sens_amenagement_cyclable_gauche":null,"sens_amenagement_cyclable_droit":null,"amenagement_cyclable_gauche":null,"amenagement_cyclable_droit":null,"aire_de_retournement_dfci":null,"gabarit_dfci":null,"impasse_dfci":null,"nature_detaillee_dfci":null,"ouvrage_d_art_limitant_dfci":null,"pente_maximale_dfci":null,"piste_dfci":null,"piste_dfci_debroussaillee":null,"piste_dfci_fosses":null,"sens_de_circulation_dfci":null,"tout_terrain_dfci":null,"vitesse_moyenne_dfci":null,"zone_de_croisement_dfci":null,"categorie_dfci":null,"vitesse_collaborative":null,"id_ban_odonyme_droite":"c4ae2620-dfbc-4d52-9722-89fec5783c65","id_ban_odonyme_gauche":"c4ae2620-dfbc-4d52-9722-89fec5783c65"}},{"type":"Feature","id":"troncon_de_route.44995","geometry":{"type":"LineString","coordinates":[[2.26810169,48.83442816,30.7],[2.26785386,48.83432321,30.7],[2.26777819,48.83427868,30.7],[2.26772289,48.83423877,30.7],[2.26761099,48.83415534,30.6],[2.2675316,48.8340847,30.6],[2.26741714,48.83398957,30.5],[2.26730804,48.83390076,30.5],[2.26720083,48.83387132,30.5],[2.26706095,48.83383989,30.4],[2.26703646,48.83383704,30.4]]},"geometry_name":"geometrie","properties":{"cleabs":"TRONROUT0000000000531656","nature":"Route à 1 chaussée","nom_collaboratif_gauche":null,"nom_collaboratif_droite":null,"importance":"5","fictif":false,"position_par_rapport_au_sol":"0","etat_de_l_objet":"En service","date_creation":"2006-05-22T11:39:36.546Z","date_modification":"2023-09-21T08:16:01.974Z","date_d_apparition":null,"date_de_confirmation":null,"sources":null,"identifiants_sources":null,"methode_d_acquisition_planimetrique":"BDTopo","precision_planimetrique":2.5,"methode_d_acquisition_altimetrique":"BDTopo","precision_altimetrique":1.5,"nombre_de_voies":2,"largeur_de_chaussee":3.5,"itineraire_vert":false,"prive":false,"sens_de_circulation":"Double sens","reserve_aux_bus":null,"urbain":true,"vitesse_moyenne_vl":0,"acces_vehicule_leger":"Restreint aux ayants droit","acces_pieton":null,"periode_de_fermeture":null,"nature_de_la_restriction":null,"restriction_de_hauteur":null,"restriction_de_poids_total":null,"restriction_de_poids_par_essieu":null,"restriction_de_largeur":null,"restriction_de_longueur":null,"matieres_dangereuses_interdites":false,"borne_debut_gauche":null,"borne_debut_droite":null,"borne_fin_gauche":null,"borne_fin_droite":null,"insee_commune_gauche":"92040","insee_commune_droite":"92040","alias_gauche":null,"alias_droit":null,"date_de_mise_en_service":null,"liens_vers_route_nommee":null,"liens_vers_itineraire_autre":null,"cpx_numero":null,"cpx_numero_route_europeenne":null,"cpx_classement_administratif":null,"cpx_gestionnaire":null,"cpx_toponyme_route_nommee":null,"cpx_toponyme_itineraire_cyclable":null,"cpx_toponyme_voie_verte":null,"cpx_nature_itineraire_autre":null,"cpx_toponyme_itineraire_autre":null,"delestage":null,"source_voie_ban_gauche":null,"source_voie_ban_droite":null,"nom_voie_ban_gauche":null,"nom_voie_ban_droite":null,"lieux_dits_ban_gauche":null,"lieux_dits_ban_droite":null,"identifiant_voie_ban_gauche":null,"identifiant_voie_ban_droite":null,"sens_amenagement_cyclable_gauche":null,"sens_amenagement_cyclable_droit":null,"amenagement_cyclable_gauche":null,"amenagement_cyclable_droit":null,"aire_de_retournement_dfci":null,"gabarit_dfci":null,"impasse_dfci":null,"nature_detaillee_dfci":null,"ouvrage_d_art_limitant_dfci":null,"pente_maximale_dfci":null,"piste_dfci":null,"piste_dfci_debroussaillee":null,"piste_dfci_fosses":null,"sens_de_circulation_dfci":null,"tout_terrain_dfci":null,"vitesse_moyenne_dfci":null,"zone_de_croisement_dfci":null,"categorie_dfci":null,"vitesse_collaborative":null,"id_ban_odonyme_droite":null,"id_ban_odonyme_gauche":null}},{"type":"Feature","id":"troncon_de_route.44996","geometry":{"type":"LineString","coordinates":[[2.26690212,48.83408984,31.2],[2.26701854,48.83375509,30.9]]},"geometry_name":"geometrie","properties":{"cleabs":"TRONROUT0000000000531657","nature":"Route à 1 chaussée","nom_collaboratif_gauche":"PL DU MARECHAL DE ROCHAMBEAU","nom_collaboratif_droite":"PL DU MARECHAL DE ROCHAMBEAU","importance":"3","fictif":false,"position_par_rapport_au_sol":"0","etat_de_l_objet":"En service","date_creation":"2006-05-22T11:39:36.546Z","date_modification":"2024-02-03T17:24:40.188Z","date_d_apparition":null,"date_de_confirmation":null,"sources":null,"identifiants_sources":null,"methode_d_acquisition_planimetrique":"Photogrammétrie","precision_planimetrique":2.5,"methode_d_acquisition_altimetrique":"BDTopo","precision_altimetrique":1.5,"nombre_de_voies":2,"largeur_de_chaussee":7,"itineraire_vert":false,"prive":false,"sens_de_circulation":"Sens direct","reserve_aux_bus":null,"urbain":true,"vitesse_moyenne_vl":25,"acces_vehicule_leger":"Libre","acces_pieton":null,"periode_de_fermeture":null,"nature_de_la_restriction":null,"restriction_de_hauteur":null,"restriction_de_poids_total":null,"restriction_de_poids_par_essieu":null,"restriction_de_largeur":null,"restriction_de_longueur":null,"matieres_dangereuses_interdites":false,"borne_debut_gauche":null,"borne_debut_droite":null,"borne_fin_gauche":null,"borne_fin_droite":null,"insee_commune_gauche":"92040","insee_commune_droite":"92040","alias_gauche":null,"alias_droit":null,"date_de_mise_en_service":null,"liens_vers_route_nommee":"ROUTNOMM0000000000552076","liens_vers_itineraire_autre":null,"cpx_numero":"D69","cpx_numero_route_europeenne":null,"cpx_classement_administratif":"Départementale","cpx_gestionnaire":"Hauts-de-Seine","cpx_toponyme_route_nommee":null,"cpx_toponyme_itineraire_cyclable":null,"cpx_toponyme_voie_verte":null,"cpx_nature_itineraire_autre":null,"cpx_toponyme_itineraire_autre":null,"delestage":null,"source_voie_ban_gauche":"commune","source_voie_ban_droite":"commune","nom_voie_ban_gauche":"Place du Maréchal de Rochambeau","nom_voie_ban_droite":"Place du Maréchal de Rochambeau","lieux_dits_ban_gauche":"","lieux_dits_ban_droite":"","identifiant_voie_ban_gauche":"92040_8128","identifiant_voie_ban_droite":"92040_8128","sens_amenagement_cyclable_gauche":null,"sens_amenagement_cyclable_droit":null,"amenagement_cyclable_gauche":null,"amenagement_cyclable_droit":null,"aire_de_retournement_dfci":null,"gabarit_dfci":null,"impasse_dfci":null,"nature_detaillee_dfci":null,"ouvrage_d_art_limitant_dfci":null,"pente_maximale_dfci":null,"piste_dfci":null,"piste_dfci_debroussaillee":null,"piste_dfci_fosses":null,"sens_de_circulation_dfci":null,"tout_terrain_dfci":null,"vitesse_moyenne_dfci":null,"zone_de_croisement_dfci":null,"categorie_dfci":null,"vitesse_collaborative":null,"id_ban_odonyme_droite":"7cd01675-5d76-4e2b-b1ba-8a2beed87bd8","id_ban_odonyme_gauche":"7cd01675-5d76-4e2b-b1ba-8a2beed87bd8"}},{"type":"Feature","id":"troncon_de_route.44997","geometry":{"type":"LineString","coordinates":[[2.2668358,48.83405886,31],[2.26679383,48.83404061,31],[2.26665597,48.83396242,30.9],[2.26655781,48.83387008,30.8],[2.26624128,48.83361272,31.1],[2.26591192,48.83329951,31.4],[2.26563754,48.8330487,31.7],[2.26553525,48.83295993,31.5],[2.26549473,48.8329354,31.5],[2.26541734,48.83291694,31.5],[2.26537224,48.83292655,31.4],[2.26527627,48.83297003,31.2],[2.26517181,48.83303505,31],[2.26513986,48.83307892,30.8],[2.26513382,48.83312115,30.7],[2.26518203,48.83317991,30.3],[2.26523851,48.83323242,30.5]]},"geometry_name":"geometrie","properties":{"cleabs":"TRONROUT0000000000531658","nature":"Route à 1 chaussée","nom_collaboratif_gauche":null,"nom_collaboratif_droite":null,"importance":"5","fictif":false,"position_par_rapport_au_sol":"0","etat_de_l_objet":"En service","date_creation":"2006-05-22T11:39:36.546Z","date_modification":"2023-09-21T08:16:01.974Z","date_d_apparition":null,"date_de_confirmation":null,"sources":null,"identifiants_sources":null,"methode_d_acquisition_planimetrique":"Photogrammétrie","precision_planimetrique":2.5,"methode_d_acquisition_altimetrique":"Photogrammétrie","precision_altimetrique":1.5,"nombre_de_voies":2,"largeur_de_chaussee":4,"itineraire_vert":false,"prive":false,"sens_de_circulation":"Double sens","reserve_aux_bus":null,"urbain":true,"vitesse_moyenne_vl":0,"acces_vehicule_leger":"Restreint aux ayants droit","acces_pieton":null,"periode_de_fermeture":null,"nature_de_la_restriction":null,"restriction_de_hauteur":null,"restriction_de_poids_total":null,"restriction_de_poids_par_essieu":null,"restriction_de_largeur":null,"restriction_de_longueur":null,"matieres_dangereuses_interdites":false,"borne_debut_gauche":null,"borne_debut_droite":null,"borne_fin_gauche":null,"borne_fin_droite":null,"insee_commune_gauche":"92040","insee_commune_droite":"92040","alias_gauche":null,"alias_droit":null,"date_de_mise_en_service":null,"liens_vers_route_nommee":null,"liens_vers_itineraire_autre":null,"cpx_numero":null,"cpx_numero_route_europeenne":null,"cpx_classement_administratif":null,"cpx_gestionnaire":null,"cpx_toponyme_route_nommee":null,"cpx_toponyme_itineraire_cyclable":null,"cpx_toponyme_voie_verte":null,"cpx_nature_itineraire_autre":null,"cpx_toponyme_itineraire_autre":null,"delestage":null,"source_voie_ban_gauche":null,"source_voie_ban_droite":null,"nom_voie_ban_gauche":null,"nom_voie_ban_droite":null,"lieux_dits_ban_gauche":null,"lieux_dits_ban_droite":null,"identifiant_voie_ban_gauche":null,"identifiant_voie_ban_droite":null,"sens_amenagement_cyclable_gauche":null,"sens_amenagement_cyclable_droit":null,"amenagement_cyclable_gauche":null,"amenagement_cyclable_droit":null,"aire_de_retournement_dfci":null,"gabarit_dfci":null,"impasse_dfci":null,"nature_detaillee_dfci":null,"ouvrage_d_art_limitant_dfci":null,"pente_maximale_dfci":null,"piste_dfci":null,"piste_dfci_debroussaillee":null,"piste_dfci_fosses":null,"sens_de_circulation_dfci":null,"tout_terrain_dfci":null,"vitesse_moyenne_dfci":null,"zone_de_croisement_dfci":null,"categorie_dfci":null,"vitesse_collaborative":null,"id_ban_odonyme_droite":null,"id_ban_odonyme_gauche":null}},{"type":"Feature","id":"troncon_de_route.44998","geometry":{"type":"LineString","coordinates":[[2.26716738,48.83218029,31],[2.26721456,48.83163465,30.6],[2.26721674,48.83157621,30.6],[2.26721716,48.83154653,30.5]]},"geometry_name":"geometrie","properties":{"cleabs":"TRONROUT0000000000531659","nature":"Route à 1 chaussée","nom_collaboratif_gauche":"BD GALLIENI","nom_collaboratif_droite":"BD GALLIENI","importance":"3","fictif":false,"position_par_rapport_au_sol":"0","etat_de_l_objet":"En service","date_creation":"2006-05-22T11:39:36.546Z","date_modification":"2026-01-10T08:44:54.107Z","date_d_apparition":null,"date_de_confirmation":null,"sources":null,"identifiants_sources":null,"methode_d_acquisition_planimetrique":"BDTopo","precision_planimetrique":2.5,"methode_d_acquisition_altimetrique":"BDTopo","precision_altimetrique":1.5,"nombre_de_voies":3,"largeur_de_chaussee":9,"itineraire_vert":false,"prive":false,"sens_de_circulation":"Double sens","reserve_aux_bus":null,"urbain":true,"vitesse_moyenne_vl":30,"acces_vehicule_leger":"Libre","acces_pieton":null,"periode_de_fermeture":null,"nature_de_la_restriction":null,"restriction_de_hauteur":null,"restriction_de_poids_total":null,"restriction_de_poids_par_essieu":null,"restriction_de_largeur":null,"restriction_de_longueur":null,"matieres_dangereuses_interdites":false,"borne_debut_gauche":"19","borne_debut_droite":"32","borne_fin_gauche":"21","borne_fin_droite":"32","insee_commune_gauche":"92040","insee_commune_droite":"92040","alias_gauche":null,"alias_droit":null,"date_de_mise_en_service":null,"liens_vers_route_nommee":"ROUTNOMM0000000000552076","liens_vers_itineraire_autre":null,"cpx_numero":"D69","cpx_numero_route_europeenne":null,"cpx_classement_administratif":"Départementale","cpx_gestionnaire":"Hauts-de-Seine","cpx_toponyme_route_nommee":null,"cpx_toponyme_itineraire_cyclable":null,"cpx_toponyme_voie_verte":null,"cpx_nature_itineraire_autre":null,"cpx_toponyme_itineraire_autre":null,"delestage":null,"source_voie_ban_gauche":"commune","source_voie_ban_droite":"commune","nom_voie_ban_gauche":"Boulevard Gallieni","nom_voie_ban_droite":"Boulevard Gallieni","lieux_dits_ban_gauche":null,"lieux_dits_ban_droite":null,"identifiant_voie_ban_gauche":"92040_4115","identifiant_voie_ban_droite":"92040_4115","sens_amenagement_cyclable_gauche":null,"sens_amenagement_cyclable_droit":null,"amenagement_cyclable_gauche":null,"amenagement_cyclable_droit":null,"aire_de_retournement_dfci":null,"gabarit_dfci":null,"impasse_dfci":null,"nature_detaillee_dfci":null,"ouvrage_d_art_limitant_dfci":null,"pente_maximale_dfci":null,"piste_dfci":null,"piste_dfci_debroussaillee":null,"piste_dfci_fosses":null,"sens_de_circulation_dfci":null,"tout_terrain_dfci":null,"vitesse_moyenne_dfci":null,"zone_de_croisement_dfci":null,"categorie_dfci":null,"vitesse_collaborative":null,"id_ban_odonyme_droite":"d7ed679a-6aca-4832-a582-228de075fa95","id_ban_odonyme_gauche":"d7ed679a-6aca-4832-a582-228de075fa95"}},{"type":"Feature","id":"troncon_de_route.13782679","geometry":{"type":"LineString","coordinates":[[2.26868897,48.83539229,32.3],[2.26859331,48.83541329,32.8],[2.26853993,48.83543095,33],[2.26849332,48.83545135,33.3],[2.26845901,48.83546913,33.4],[2.26842463,48.8354923,33.7],[2.26839561,48.8355209,33.8],[2.26837054,48.83556032,34.1],[2.26835085,48.83560427,34.7]]},"geometry_name":"geometrie","properties":{"cleabs":"TRONROUT0000000230101767","nature":"Route à 1 chaussée","nom_collaboratif_gauche":null,"nom_collaboratif_droite":null,"importance":"5","fictif":false,"position_par_rapport_au_sol":"0","etat_de_l_objet":"En service","date_creation":"2010-03-25T13:20:01.648Z","date_modification":"2024-09-21T06:34:42.538Z","date_d_apparition":null,"date_de_confirmation":null,"sources":null,"identifiants_sources":null,"methode_d_acquisition_planimetrique":"Orthophotographie","precision_planimetrique":3,"methode_d_acquisition_altimetrique":"Z corrigé","precision_altimetrique":2.5,"nombre_de_voies":2,"largeur_de_chaussee":5,"itineraire_vert":false,"prive":false,"sens_de_circulation":"Sens direct","reserve_aux_bus":null,"urbain":true,"vitesse_moyenne_vl":5,"acces_vehicule_leger":"Libre","acces_pieton":null,"periode_de_fermeture":null,"nature_de_la_restriction":null,"restriction_de_hauteur":null,"restriction_de_poids_total":null,"restriction_de_poids_par_essieu":null,"restriction_de_largeur":null,"restriction_de_longueur":null,"matieres_dangereuses_interdites":false,"borne_debut_gauche":null,"borne_debut_droite":null,"borne_fin_gauche":null,"borne_fin_droite":null,"insee_commune_gauche":"75115","insee_commune_droite":"75115","alias_gauche":null,"alias_droit":null,"date_de_mise_en_service":null,"liens_vers_route_nommee":null,"liens_vers_itineraire_autre":null,"cpx_numero":null,"cpx_numero_route_europeenne":null,"cpx_classement_administratif":null,"cpx_gestionnaire":null,"cpx_toponyme_route_nommee":null,"cpx_toponyme_itineraire_cyclable":null,"cpx_toponyme_voie_verte":null,"cpx_nature_itineraire_autre":null,"cpx_toponyme_itineraire_autre":null,"delestage":null,"source_voie_ban_gauche":null,"source_voie_ban_droite":null,"nom_voie_ban_gauche":null,"nom_voie_ban_droite":null,"lieux_dits_ban_gauche":null,"lieux_dits_ban_droite":null,"identifiant_voie_ban_gauche":null,"identifiant_voie_ban_droite":null,"sens_amenagement_cyclable_gauche":null,"sens_amenagement_cyclable_droit":null,"amenagement_cyclable_gauche":null,"amenagement_cyclable_droit":null,"aire_de_retournement_dfci":null,"gabarit_dfci":null,"impasse_dfci":null,"nature_detaillee_dfci":null,"ouvrage_d_art_limitant_dfci":null,"pente_maximale_dfci":null,"piste_dfci":null,"piste_dfci_debroussaillee":null,"piste_dfci_fosses":null,"sens_de_circulation_dfci":null,"tout_terrain_dfci":null,"vitesse_moyenne_dfci":null,"zone_de_croisement_dfci":null,"categorie_dfci":null,"vitesse_collaborative":null,"id_ban_odonyme_droite":null,"id_ban_odonyme_gauche":null}},{"type":"Feature","id":"troncon_de_route.16020537","geometry":{"type":"LineString","coordinates":[[2.2668358,48.83405886,31],[2.26691969,48.83380934,30.9],[2.26694187,48.8337825,30.9],[2.26697208,48.83376559,30.9],[2.26701854,48.83375509,30.9]]},"geometry_name":"geometrie","properties":{"cleabs":"TRONROUT0000000349432738","nature":"Route à 1 chaussée","nom_collaboratif_gauche":null,"nom_collaboratif_droite":null,"importance":"6","fictif":false,"position_par_rapport_au_sol":"0","etat_de_l_objet":"En service","date_creation":"2015-04-09T09:38:08.761Z","date_modification":"2025-03-21T07:23:14.909Z","date_d_apparition":null,"date_de_confirmation":null,"sources":null,"identifiants_sources":null,"methode_d_acquisition_planimetrique":"Image satellite","precision_planimetrique":10,"methode_d_acquisition_altimetrique":"Z corrigé","precision_altimetrique":2.5,"nombre_de_voies":null,"largeur_de_chaussee":null,"itineraire_vert":false,"prive":false,"sens_de_circulation":"Double sens","reserve_aux_bus":null,"urbain":true,"vitesse_moyenne_vl":0,"acces_vehicule_leger":"Physiquement impossible","acces_pieton":null,"periode_de_fermeture":null,"nature_de_la_restriction":"Piste cyclable","restriction_de_hauteur":null,"restriction_de_poids_total":null,"restriction_de_poids_par_essieu":null,"restriction_de_largeur":null,"restriction_de_longueur":null,"matieres_dangereuses_interdites":false,"borne_debut_gauche":null,"borne_debut_droite":null,"borne_fin_gauche":null,"borne_fin_droite":null,"insee_commune_gauche":"92040","insee_commune_droite":"92040","alias_gauche":null,"alias_droit":null,"date_de_mise_en_service":null,"liens_vers_route_nommee":null,"liens_vers_itineraire_autre":null,"cpx_numero":null,"cpx_numero_route_europeenne":null,"cpx_classement_administratif":null,"cpx_gestionnaire":null,"cpx_toponyme_route_nommee":null,"cpx_toponyme_itineraire_cyclable":null,"cpx_toponyme_voie_verte":null,"cpx_nature_itineraire_autre":null,"cpx_toponyme_itineraire_autre":null,"delestage":null,"source_voie_ban_gauche":null,"source_voie_ban_droite":null,"nom_voie_ban_gauche":null,"nom_voie_ban_droite":null,"lieux_dits_ban_gauche":null,"lieux_dits_ban_droite":null,"identifiant_voie_ban_gauche":null,"identifiant_voie_ban_droite":null,"sens_amenagement_cyclable_gauche":null,"sens_amenagement_cyclable_droit":null,"amenagement_cyclable_gauche":null,"amenagement_cyclable_droit":null,"aire_de_retournement_dfci":null,"gabarit_dfci":null,"impasse_dfci":null,"nature_detaillee_dfci":null,"ouvrage_d_art_limitant_dfci":null,"pente_maximale_dfci":null,"piste_dfci":null,"piste_dfci_debroussaillee":null,"piste_dfci_fosses":null,"sens_de_circulation_dfci":null,"tout_terrain_dfci":null,"vitesse_moyenne_dfci":null,"zone_de_croisement_dfci":null,"categorie_dfci":null,"vitesse_collaborative":null,"id_ban_odonyme_droite":null,"id_ban_odonyme_gauche":null}},{"type":"Feature","id":"troncon_de_route.16678608","geometry":{"type":"LineString","coordinates":[[2.26864369,48.83240518,29.8],[2.26873015,48.83245697,29.7]]},"geometry_name":"geometrie","properties":{"cleabs":"TRONROUT0000002000214309","nature":"Route à 1 chaussée","nom_collaboratif_gauche":"R HENRY FARMAN","nom_collaboratif_droite":"Rue Henry Farman","importance":"5","fictif":false,"position_par_rapport_au_sol":"0","etat_de_l_objet":"En service","date_creation":"2016-10-21T09:02:02.548Z","date_modification":"2024-12-14T03:37:38.607Z","date_d_apparition":null,"date_de_confirmation":null,"sources":null,"identifiants_sources":null,"methode_d_acquisition_planimetrique":"BDTopo","precision_planimetrique":2.5,"methode_d_acquisition_altimetrique":"BDTopo","precision_altimetrique":1.5,"nombre_de_voies":2,"largeur_de_chaussee":7,"itineraire_vert":false,"prive":false,"sens_de_circulation":"Double sens","reserve_aux_bus":null,"urbain":true,"vitesse_moyenne_vl":20,"acces_vehicule_leger":"Libre","acces_pieton":null,"periode_de_fermeture":null,"nature_de_la_restriction":null,"restriction_de_hauteur":null,"restriction_de_poids_total":null,"restriction_de_poids_par_essieu":null,"restriction_de_largeur":null,"restriction_de_longueur":null,"matieres_dangereuses_interdites":false,"borne_debut_gauche":null,"borne_debut_droite":null,"borne_fin_gauche":null,"borne_fin_droite":null,"insee_commune_gauche":"92040","insee_commune_droite":"75115","alias_gauche":"VC BO/15","alias_droit":"VC BO/15","date_de_mise_en_service":null,"liens_vers_route_nommee":null,"liens_vers_itineraire_autre":null,"cpx_numero":null,"cpx_numero_route_europeenne":null,"cpx_classement_administratif":null,"cpx_gestionnaire":null,"cpx_toponyme_route_nommee":null,"cpx_toponyme_itineraire_cyclable":null,"cpx_toponyme_voie_verte":null,"cpx_nature_itineraire_autre":null,"cpx_toponyme_itineraire_autre":null,"delestage":null,"source_voie_ban_gauche":"commune","source_voie_ban_droite":"commune","nom_voie_ban_gauche":"Rue Henri Farman","nom_voie_ban_droite":"Rue Henry Farman","lieux_dits_ban_gauche":null,"lieux_dits_ban_droite":null,"identifiant_voie_ban_gauche":"92040_4300","identifiant_voie_ban_droite":"75115_4605","sens_amenagement_cyclable_gauche":null,"sens_amenagement_cyclable_droit":null,"amenagement_cyclable_gauche":null,"amenagement_cyclable_droit":null,"aire_de_retournement_dfci":null,"gabarit_dfci":null,"impasse_dfci":null,"nature_detaillee_dfci":null,"ouvrage_d_art_limitant_dfci":null,"pente_maximale_dfci":null,"piste_dfci":null,"piste_dfci_debroussaillee":null,"piste_dfci_fosses":null,"sens_de_circulation_dfci":null,"tout_terrain_dfci":null,"vitesse_moyenne_dfci":null,"zone_de_croisement_dfci":null,"categorie_dfci":null,"vitesse_collaborative":null,"id_ban_odonyme_droite":null,"id_ban_odonyme_gauche":"a2efbca0-615d-4d9d-9033-1eee4f2ecf96"}},{"type":"Feature","id":"troncon_de_route.45007","geometry":{"type":"LineString","coordinates":[[2.26106935,48.833839,30.7],[2.26103579,48.83380371,30.7],[2.2609044,48.83365361,30.5],[2.26043902,48.83313538,30.5],[2.26013031,48.8328097,31.1]]},"geometry_name":"geometrie","properties":{"cleabs":"TRONROUT0000000000531668","nature":"Route à 2 chaussées","nom_collaboratif_gauche":"QU POINT DU JOUR","nom_collaboratif_droite":"QU POINT DU JOUR","importance":"2","fictif":false,"position_par_rapport_au_sol":"0","etat_de_l_objet":"En service","date_creation":"2006-05-22T11:39:36.546Z","date_modification":"2023-09-24T08:24:57.760Z","date_d_apparition":null,"date_de_confirmation":null,"sources":null,"identifiants_sources":null,"methode_d_acquisition_planimetrique":"BDTopo","precision_planimetrique":2.5,"methode_d_acquisition_altimetrique":"BDTopo","precision_altimetrique":1.5,"nombre_de_voies":1,"largeur_de_chaussee":3,"itineraire_vert":true,"prive":false,"sens_de_circulation":"Sens direct","reserve_aux_bus":null,"urbain":true,"vitesse_moyenne_vl":30,"acces_vehicule_leger":"Libre","acces_pieton":null,"periode_de_fermeture":null,"nature_de_la_restriction":null,"restriction_de_hauteur":null,"restriction_de_poids_total":null,"restriction_de_poids_par_essieu":null,"restriction_de_largeur":null,"restriction_de_longueur":null,"matieres_dangereuses_interdites":false,"borne_debut_gauche":null,"borne_debut_droite":null,"borne_fin_gauche":null,"borne_fin_droite":null,"insee_commune_gauche":"92012","insee_commune_droite":"92012","alias_gauche":null,"alias_droit":null,"date_de_mise_en_service":null,"liens_vers_route_nommee":"ROUTNOMM0000000000552073","liens_vers_itineraire_autre":null,"cpx_numero":"D1","cpx_numero_route_europeenne":null,"cpx_classement_administratif":"Départementale","cpx_gestionnaire":"Hauts-de-Seine","cpx_toponyme_route_nommee":null,"cpx_toponyme_itineraire_cyclable":null,"cpx_toponyme_voie_verte":null,"cpx_nature_itineraire_autre":null,"cpx_toponyme_itineraire_autre":null,"delestage":null,"source_voie_ban_gauche":"commune","source_voie_ban_droite":"commune","nom_voie_ban_gauche":"Quai du Point du Jour","nom_voie_ban_droite":"Quai du Point du Jour","lieux_dits_ban_gauche":"","lieux_dits_ban_droite":"","identifiant_voie_ban_gauche":"92012_7231","identifiant_voie_ban_droite":"92012_7231","sens_amenagement_cyclable_gauche":null,"sens_amenagement_cyclable_droit":null,"amenagement_cyclable_gauche":null,"amenagement_cyclable_droit":null,"aire_de_retournement_dfci":null,"gabarit_dfci":null,"impasse_dfci":null,"nature_detaillee_dfci":null,"ouvrage_d_art_limitant_dfci":null,"pente_maximale_dfci":null,"piste_dfci":null,"piste_dfci_debroussaillee":null,"piste_dfci_fosses":null,"sens_de_circulation_dfci":null,"tout_terrain_dfci":null,"vitesse_moyenne_dfci":null,"zone_de_croisement_dfci":null,"categorie_dfci":null,"vitesse_collaborative":null,"id_ban_odonyme_droite":"f69b6cd8-c8f5-4316-b2ac-7d6bf4998eec","id_ban_odonyme_gauche":"f69b6cd8-c8f5-4316-b2ac-7d6bf4998eec"}},{"type":"Feature","id":"troncon_de_route.45010","geometry":{"type":"LineString","coordinates":[[2.26032562,48.83315897,31.2],[2.26049731,48.833348,31.1]]},"geometry_name":"geometrie","properties":{"cleabs":"TRONROUT0000000000531671","nature":"Route à 1 chaussée","nom_collaboratif_gauche":"QU POINT DU JOUR","nom_collaboratif_droite":"QU POINT DU JOUR","importance":"4","fictif":false,"position_par_rapport_au_sol":"0","etat_de_l_objet":"En service","date_creation":"2006-05-22T11:39:36.546Z","date_modification":"2023-09-24T08:24:57.760Z","date_d_apparition":null,"date_de_confirmation":null,"sources":null,"identifiants_sources":null,"methode_d_acquisition_planimetrique":"BDTopo","precision_planimetrique":2.5,"methode_d_acquisition_altimetrique":"BDTopo","precision_altimetrique":1.5,"nombre_de_voies":1,"largeur_de_chaussee":3,"itineraire_vert":false,"prive":false,"sens_de_circulation":"Sens inverse","reserve_aux_bus":null,"urbain":true,"vitesse_moyenne_vl":25,"acces_vehicule_leger":"Libre","acces_pieton":null,"periode_de_fermeture":null,"nature_de_la_restriction":null,"restriction_de_hauteur":null,"restriction_de_poids_total":null,"restriction_de_poids_par_essieu":null,"restriction_de_largeur":null,"restriction_de_longueur":null,"matieres_dangereuses_interdites":false,"borne_debut_gauche":null,"borne_debut_droite":null,"borne_fin_gauche":null,"borne_fin_droite":null,"insee_commune_gauche":"92012","insee_commune_droite":"92012","alias_gauche":null,"alias_droit":null,"date_de_mise_en_service":null,"liens_vers_route_nommee":null,"liens_vers_itineraire_autre":null,"cpx_numero":null,"cpx_numero_route_europeenne":null,"cpx_classement_administratif":null,"cpx_gestionnaire":null,"cpx_toponyme_route_nommee":null,"cpx_toponyme_itineraire_cyclable":null,"cpx_toponyme_voie_verte":null,"cpx_nature_itineraire_autre":null,"cpx_toponyme_itineraire_autre":null,"delestage":null,"source_voie_ban_gauche":"commune","source_voie_ban_droite":"commune","nom_voie_ban_gauche":"Quai du Point du Jour","nom_voie_ban_droite":"Quai du Point du Jour","lieux_dits_ban_gauche":"","lieux_dits_ban_droite":"","identifiant_voie_ban_gauche":"92012_7231","identifiant_voie_ban_droite":"92012_7231","sens_amenagement_cyclable_gauche":"Sens inverse","sens_amenagement_cyclable_droit":null,"amenagement_cyclable_gauche":"Bande cyclable","amenagement_cyclable_droit":null,"aire_de_retournement_dfci":null,"gabarit_dfci":null,"impasse_dfci":null,"nature_detaillee_dfci":null,"ouvrage_d_art_limitant_dfci":null,"pente_maximale_dfci":null,"piste_dfci":null,"piste_dfci_debroussaillee":null,"piste_dfci_fosses":null,"sens_de_circulation_dfci":null,"tout_terrain_dfci":null,"vitesse_moyenne_dfci":null,"zone_de_croisement_dfci":null,"categorie_dfci":null,"vitesse_collaborative":null,"id_ban_odonyme_droite":"f69b6cd8-c8f5-4316-b2ac-7d6bf4998eec","id_ban_odonyme_gauche":"f69b6cd8-c8f5-4316-b2ac-7d6bf4998eec"}},{"type":"Feature","id":"troncon_de_route.45012","geometry":{"type":"LineString","coordinates":[[2.26049731,48.833348,31.2],[2.26042654,48.83334306,31.2],[2.26035568,48.83334442,31.2],[2.26017009,48.83336666,30.9],[2.26011006,48.83337258,31.1]]},"geometry_name":"geometrie","properties":{"cleabs":"TRONROUT0000000000531673","nature":"Route à 2 chaussées","nom_collaboratif_gauche":"AV LA VOIE LACTEE","nom_collaboratif_droite":"AV LA VOIE LACTEE","importance":"5","fictif":false,"position_par_rapport_au_sol":"0","etat_de_l_objet":"En service","date_creation":"2006-05-22T11:39:36.546Z","date_modification":"2026-01-10T15:22:48.694Z","date_d_apparition":null,"date_de_confirmation":null,"sources":null,"identifiants_sources":null,"methode_d_acquisition_planimetrique":"Calculé","precision_planimetrique":20,"methode_d_acquisition_altimetrique":"Z corrigé","precision_altimetrique":2.5,"nombre_de_voies":1,"largeur_de_chaussee":3,"itineraire_vert":false,"prive":false,"sens_de_circulation":"Sens direct","reserve_aux_bus":null,"urbain":true,"vitesse_moyenne_vl":5,"acces_vehicule_leger":"Libre","acces_pieton":null,"periode_de_fermeture":null,"nature_de_la_restriction":null,"restriction_de_hauteur":null,"restriction_de_poids_total":null,"restriction_de_poids_par_essieu":null,"restriction_de_largeur":null,"restriction_de_longueur":null,"matieres_dangereuses_interdites":false,"borne_debut_gauche":null,"borne_debut_droite":"16","borne_fin_gauche":null,"borne_fin_droite":"20","insee_commune_gauche":"92012","insee_commune_droite":"92012","alias_gauche":null,"alias_droit":null,"date_de_mise_en_service":null,"liens_vers_route_nommee":null,"liens_vers_itineraire_autre":null,"cpx_numero":null,"cpx_numero_route_europeenne":null,"cpx_classement_administratif":null,"cpx_gestionnaire":null,"cpx_toponyme_route_nommee":null,"cpx_toponyme_itineraire_cyclable":null,"cpx_toponyme_voie_verte":null,"cpx_nature_itineraire_autre":null,"cpx_toponyme_itineraire_autre":null,"delestage":null,"source_voie_ban_gauche":"commune","source_voie_ban_droite":"commune","nom_voie_ban_gauche":"Avenue la Voie Lactée","nom_voie_ban_droite":"Avenue la Voie Lactée","lieux_dits_ban_gauche":null,"lieux_dits_ban_droite":null,"identifiant_voie_ban_gauche":"92012_9673","identifiant_voie_ban_droite":"92012_9673","sens_amenagement_cyclable_gauche":null,"sens_amenagement_cyclable_droit":null,"amenagement_cyclable_gauche":null,"amenagement_cyclable_droit":null,"aire_de_retournement_dfci":null,"gabarit_dfci":null,"impasse_dfci":null,"nature_detaillee_dfci":null,"ouvrage_d_art_limitant_dfci":null,"pente_maximale_dfci":null,"piste_dfci":null,"piste_dfci_debroussaillee":null,"piste_dfci_fosses":null,"sens_de_circulation_dfci":null,"tout_terrain_dfci":null,"vitesse_moyenne_dfci":null,"zone_de_croisement_dfci":null,"categorie_dfci":null,"vitesse_collaborative":null,"id_ban_odonyme_droite":"5c06e5dd-a0b3-4603-b758-6d2f85e722f1","id_ban_odonyme_gauche":"5c06e5dd-a0b3-4603-b758-6d2f85e722f1"}},{"type":"Feature","id":"troncon_de_route.45013","geometry":{"type":"LineString","coordinates":[[2.26011006,48.83337258,31.1],[2.26009476,48.83329874,31.1]]},"geometry_name":"geometrie","properties":{"cleabs":"TRONROUT0000000000531674","nature":"Route à 1 chaussée","nom_collaboratif_gauche":"AV LA VOIE LACTEE","nom_collaboratif_droite":"AV LA VOIE LACTEE","importance":"5","fictif":false,"position_par_rapport_au_sol":"0","etat_de_l_objet":"En service","date_creation":"2006-05-22T11:39:36.546Z","date_modification":"2023-09-24T08:24:57.760Z","date_d_apparition":null,"date_de_confirmation":null,"sources":null,"identifiants_sources":null,"methode_d_acquisition_planimetrique":"Photogrammétrie","precision_planimetrique":2.5,"methode_d_acquisition_altimetrique":"Photogrammétrie","precision_altimetrique":1.5,"nombre_de_voies":2,"largeur_de_chaussee":6,"itineraire_vert":false,"prive":false,"sens_de_circulation":"Double sens","reserve_aux_bus":null,"urbain":true,"vitesse_moyenne_vl":15,"acces_vehicule_leger":"Libre","acces_pieton":null,"periode_de_fermeture":null,"nature_de_la_restriction":null,"restriction_de_hauteur":null,"restriction_de_poids_total":null,"restriction_de_poids_par_essieu":null,"restriction_de_largeur":null,"restriction_de_longueur":null,"matieres_dangereuses_interdites":false,"borne_debut_gauche":null,"borne_debut_droite":null,"borne_fin_gauche":null,"borne_fin_droite":null,"insee_commune_gauche":"92012","insee_commune_droite":"92012","alias_gauche":null,"alias_droit":null,"date_de_mise_en_service":null,"liens_vers_route_nommee":null,"liens_vers_itineraire_autre":null,"cpx_numero":null,"cpx_numero_route_europeenne":null,"cpx_classement_administratif":null,"cpx_gestionnaire":null,"cpx_toponyme_route_nommee":null,"cpx_toponyme_itineraire_cyclable":null,"cpx_toponyme_voie_verte":null,"cpx_nature_itineraire_autre":null,"cpx_toponyme_itineraire_autre":null,"delestage":null,"source_voie_ban_gauche":"commune","source_voie_ban_droite":"commune","nom_voie_ban_gauche":"Avenue la Voie Lactée","nom_voie_ban_droite":"Avenue la Voie Lactée","lieux_dits_ban_gauche":"","lieux_dits_ban_droite":"","identifiant_voie_ban_gauche":"92012_9673","identifiant_voie_ban_droite":"92012_9673","sens_amenagement_cyclable_gauche":null,"sens_amenagement_cyclable_droit":null,"amenagement_cyclable_gauche":null,"amenagement_cyclable_droit":null,"aire_de_retournement_dfci":null,"gabarit_dfci":null,"impasse_dfci":null,"nature_detaillee_dfci":null,"ouvrage_d_art_limitant_dfci":null,"pente_maximale_dfci":null,"piste_dfci":null,"piste_dfci_debroussaillee":null,"piste_dfci_fosses":null,"sens_de_circulation_dfci":null,"tout_terrain_dfci":null,"vitesse_moyenne_dfci":null,"zone_de_croisement_dfci":null,"categorie_dfci":null,"vitesse_collaborative":null,"id_ban_odonyme_droite":"5c06e5dd-a0b3-4603-b758-6d2f85e722f1","id_ban_odonyme_gauche":"5c06e5dd-a0b3-4603-b758-6d2f85e722f1"}},{"type":"Feature","id":"troncon_de_route.45018","geometry":{"type":"LineString","coordinates":[[2.25957369,48.83238624,31.1],[2.25966011,48.83243984,31.1],[2.25988638,48.83262292,31.4],[2.26013031,48.8328097,31.1]]},"geometry_name":"geometrie","properties":{"cleabs":"TRONROUT0000000000531679","nature":"Route à 2 chaussées","nom_collaboratif_gauche":"QU POINT DU JOUR","nom_collaboratif_droite":"QU POINT DU JOUR","importance":"2","fictif":false,"position_par_rapport_au_sol":"0","etat_de_l_objet":"En service","date_creation":"2006-05-22T11:39:36.546Z","date_modification":"2023-09-24T08:24:57.760Z","date_d_apparition":null,"date_de_confirmation":null,"sources":null,"identifiants_sources":null,"methode_d_acquisition_planimetrique":"BDTopo","precision_planimetrique":2.5,"methode_d_acquisition_altimetrique":"BDTopo","precision_altimetrique":1.5,"nombre_de_voies":1,"largeur_de_chaussee":3,"itineraire_vert":true,"prive":false,"sens_de_circulation":"Sens inverse","reserve_aux_bus":null,"urbain":true,"vitesse_moyenne_vl":30,"acces_vehicule_leger":"Libre","acces_pieton":null,"periode_de_fermeture":null,"nature_de_la_restriction":null,"restriction_de_hauteur":null,"restriction_de_poids_total":null,"restriction_de_poids_par_essieu":null,"restriction_de_largeur":null,"restriction_de_longueur":null,"matieres_dangereuses_interdites":false,"borne_debut_gauche":null,"borne_debut_droite":null,"borne_fin_gauche":null,"borne_fin_droite":null,"insee_commune_gauche":"92012","insee_commune_droite":"92012","alias_gauche":null,"alias_droit":null,"date_de_mise_en_service":null,"liens_vers_route_nommee":"ROUTNOMM0000000000552073","liens_vers_itineraire_autre":null,"cpx_numero":"D1","cpx_numero_route_europeenne":null,"cpx_classement_administratif":"Départementale","cpx_gestionnaire":"Hauts-de-Seine","cpx_toponyme_route_nommee":null,"cpx_toponyme_itineraire_cyclable":null,"cpx_toponyme_voie_verte":null,"cpx_nature_itineraire_autre":null,"cpx_toponyme_itineraire_autre":null,"delestage":null,"source_voie_ban_gauche":"commune","source_voie_ban_droite":"commune","nom_voie_ban_gauche":"Quai du Point du Jour","nom_voie_ban_droite":"Quai du Point du Jour","lieux_dits_ban_gauche":"","lieux_dits_ban_droite":"","identifiant_voie_ban_gauche":"92012_7231","identifiant_voie_ban_droite":"92012_7231","sens_amenagement_cyclable_gauche":null,"sens_amenagement_cyclable_droit":null,"amenagement_cyclable_gauche":null,"amenagement_cyclable_droit":null,"aire_de_retournement_dfci":null,"gabarit_dfci":null,"impasse_dfci":null,"nature_detaillee_dfci":null,"ouvrage_d_art_limitant_dfci":null,"pente_maximale_dfci":null,"piste_dfci":null,"piste_dfci_debroussaillee":null,"piste_dfci_fosses":null,"sens_de_circulation_dfci":null,"tout_terrain_dfci":null,"vitesse_moyenne_dfci":null,"zone_de_croisement_dfci":null,"categorie_dfci":null,"vitesse_collaborative":null,"id_ban_odonyme_droite":"f69b6cd8-c8f5-4316-b2ac-7d6bf4998eec","id_ban_odonyme_gauche":"f69b6cd8-c8f5-4316-b2ac-7d6bf4998eec"}},{"type":"Feature","id":"troncon_de_route.45023","geometry":{"type":"LineString","coordinates":[[2.26078099,48.83409444,31.6],[2.25942849,48.83426415,33.2],[2.25929217,48.8342696,33.4]]},"geometry_name":"geometrie","properties":{"cleabs":"TRONROUT0000000000531683","nature":"Route à 1 chaussée","nom_collaboratif_gauche":"AV LE JOUR SE LEVE","nom_collaboratif_droite":"AV LE JOUR SE LEVE","importance":"4","fictif":false,"position_par_rapport_au_sol":"0","etat_de_l_objet":"En service","date_creation":"2006-05-22T11:39:36.546Z","date_modification":"2026-01-11T08:22:49.422Z","date_d_apparition":null,"date_de_confirmation":null,"sources":null,"identifiants_sources":null,"methode_d_acquisition_planimetrique":"BDTopo","precision_planimetrique":2.5,"methode_d_acquisition_altimetrique":"BDTopo","precision_altimetrique":1.5,"nombre_de_voies":2,"largeur_de_chaussee":5.5,"itineraire_vert":false,"prive":false,"sens_de_circulation":"Double sens","reserve_aux_bus":null,"urbain":true,"vitesse_moyenne_vl":30,"acces_vehicule_leger":"Libre","acces_pieton":null,"periode_de_fermeture":null,"nature_de_la_restriction":null,"restriction_de_hauteur":null,"restriction_de_poids_total":null,"restriction_de_poids_par_essieu":null,"restriction_de_largeur":null,"restriction_de_longueur":null,"matieres_dangereuses_interdites":false,"borne_debut_gauche":"23","borne_debut_droite":null,"borne_fin_gauche":"69","borne_fin_droite":null,"insee_commune_gauche":"92012","insee_commune_droite":"92012","alias_gauche":null,"alias_droit":null,"date_de_mise_en_service":null,"liens_vers_route_nommee":null,"liens_vers_itineraire_autre":null,"cpx_numero":null,"cpx_numero_route_europeenne":null,"cpx_classement_administratif":null,"cpx_gestionnaire":null,"cpx_toponyme_route_nommee":null,"cpx_toponyme_itineraire_cyclable":null,"cpx_toponyme_voie_verte":null,"cpx_nature_itineraire_autre":null,"cpx_toponyme_itineraire_autre":null,"delestage":null,"source_voie_ban_gauche":"commune","source_voie_ban_droite":"commune","nom_voie_ban_gauche":"Avenue Le Jour se Lève","nom_voie_ban_droite":"Avenue Le Jour se Lève","lieux_dits_ban_gauche":null,"lieux_dits_ban_droite":null,"identifiant_voie_ban_gauche":"92012_4770","identifiant_voie_ban_droite":"92012_4770","sens_amenagement_cyclable_gauche":null,"sens_amenagement_cyclable_droit":null,"amenagement_cyclable_gauche":null,"amenagement_cyclable_droit":null,"aire_de_retournement_dfci":null,"gabarit_dfci":null,"impasse_dfci":null,"nature_detaillee_dfci":null,"ouvrage_d_art_limitant_dfci":null,"pente_maximale_dfci":null,"piste_dfci":null,"piste_dfci_debroussaillee":null,"piste_dfci_fosses":null,"sens_de_circulation_dfci":null,"tout_terrain_dfci":null,"vitesse_moyenne_dfci":null,"zone_de_croisement_dfci":null,"categorie_dfci":null,"vitesse_collaborative":null,"id_ban_odonyme_droite":"1a829cad-3b55-4650-a51c-6872d98af18e","id_ban_odonyme_gauche":"1a829cad-3b55-4650-a51c-6872d98af18e"}},{"type":"Feature","id":"troncon_de_route.45054","geometry":{"type":"LineString","coordinates":[[2.25904886,48.83154747,32.1],[2.25919174,48.83165448,32.2],[2.25937097,48.8317923,31.1],[2.259725,48.83209128,30.9],[2.2599898,48.83234295,30.8],[2.2600028,48.8323871,30.8]]},"geometry_name":"geometrie","properties":{"cleabs":"TRONROUT0000000000531716","nature":"Route à 2 chaussées","nom_collaboratif_gauche":"QU POINT DU JOUR","nom_collaboratif_droite":"QU POINT DU JOUR","importance":"2","fictif":false,"position_par_rapport_au_sol":"0","etat_de_l_objet":"En service","date_creation":"2006-05-22T11:39:36.546Z","date_modification":"2025-08-04T15:14:28.659Z","date_d_apparition":null,"date_de_confirmation":null,"sources":null,"identifiants_sources":null,"methode_d_acquisition_planimetrique":"BDTopo","precision_planimetrique":2.5,"methode_d_acquisition_altimetrique":"BDTopo","precision_altimetrique":1.5,"nombre_de_voies":1,"largeur_de_chaussee":3,"itineraire_vert":true,"prive":false,"sens_de_circulation":"Sens direct","reserve_aux_bus":null,"urbain":true,"vitesse_moyenne_vl":30,"acces_vehicule_leger":"Libre","acces_pieton":null,"periode_de_fermeture":null,"nature_de_la_restriction":null,"restriction_de_hauteur":null,"restriction_de_poids_total":null,"restriction_de_poids_par_essieu":null,"restriction_de_largeur":null,"restriction_de_longueur":null,"matieres_dangereuses_interdites":false,"borne_debut_gauche":null,"borne_debut_droite":null,"borne_fin_gauche":null,"borne_fin_droite":null,"insee_commune_gauche":"92012","insee_commune_droite":"92012","alias_gauche":null,"alias_droit":null,"date_de_mise_en_service":null,"liens_vers_route_nommee":"ROUTNOMM0000000000552073","liens_vers_itineraire_autre":null,"cpx_numero":"D1","cpx_numero_route_europeenne":null,"cpx_classement_administratif":"Départementale","cpx_gestionnaire":"Hauts-de-Seine","cpx_toponyme_route_nommee":null,"cpx_toponyme_itineraire_cyclable":null,"cpx_toponyme_voie_verte":null,"cpx_nature_itineraire_autre":null,"cpx_toponyme_itineraire_autre":null,"delestage":null,"source_voie_ban_gauche":"commune","source_voie_ban_droite":"commune","nom_voie_ban_gauche":"Quai du Point du Jour","nom_voie_ban_droite":"Quai du Point du Jour","lieux_dits_ban_gauche":null,"lieux_dits_ban_droite":null,"identifiant_voie_ban_gauche":"92012_7231","identifiant_voie_ban_droite":"92012_7231","sens_amenagement_cyclable_gauche":null,"sens_amenagement_cyclable_droit":"Sens direct","amenagement_cyclable_gauche":null,"amenagement_cyclable_droit":"Bande cyclable","aire_de_retournement_dfci":null,"gabarit_dfci":null,"impasse_dfci":null,"nature_detaillee_dfci":null,"ouvrage_d_art_limitant_dfci":null,"pente_maximale_dfci":null,"piste_dfci":null,"piste_dfci_debroussaillee":null,"piste_dfci_fosses":null,"sens_de_circulation_dfci":null,"tout_terrain_dfci":null,"vitesse_moyenne_dfci":null,"zone_de_croisement_dfci":null,"categorie_dfci":null,"vitesse_collaborative":null,"id_ban_odonyme_droite":"f69b6cd8-c8f5-4316-b2ac-7d6bf4998eec","id_ban_odonyme_gauche":"f69b6cd8-c8f5-4316-b2ac-7d6bf4998eec"}},{"type":"Feature","id":"troncon_de_route.21333","geometry":{"type":"LineString","coordinates":[[2.26097692,48.83516951,37.5],[2.26076502,48.83522036,37.1],[2.26035956,48.83527901,36.4],[2.2600015,48.83535774,35.8],[2.25919226,48.8355479,35.2],[2.25896622,48.83563553,35.5],[2.25877295,48.83571798,35.4],[2.25863006,48.83580253,35.2],[2.25852234,48.8359044,35.1],[2.25839288,48.83600252,35.2],[2.2582776,48.83606117,35.4],[2.25820647,48.83608141,35.4],[2.25811767,48.83609885,35.4],[2.25788582,48.8361154,36],[2.25760488,48.83613524,36.8],[2.25746293,48.83615325,36.8],[2.25734268,48.83617858,36.8]]},"geometry_name":"geometrie","properties":{"cleabs":"TRONROUT0000000000202277","nature":"Bretelle","nom_collaboratif_gauche":null,"nom_collaboratif_droite":null,"importance":"2","fictif":false,"position_par_rapport_au_sol":"0","etat_de_l_objet":"En service","date_creation":"2006-05-22T11:18:11.781Z","date_modification":"2026-03-06T16:55:20.568Z","date_d_apparition":null,"date_de_confirmation":null,"sources":null,"identifiants_sources":null,"methode_d_acquisition_planimetrique":"BDTopo","precision_planimetrique":2.5,"methode_d_acquisition_altimetrique":"BDTopo","precision_altimetrique":1.5,"nombre_de_voies":2,"largeur_de_chaussee":7,"itineraire_vert":false,"prive":false,"sens_de_circulation":"Sens direct","reserve_aux_bus":null,"urbain":true,"vitesse_moyenne_vl":40,"acces_vehicule_leger":"Libre","acces_pieton":null,"periode_de_fermeture":null,"nature_de_la_restriction":null,"restriction_de_hauteur":null,"restriction_de_poids_total":null,"restriction_de_poids_par_essieu":null,"restriction_de_largeur":null,"restriction_de_longueur":null,"matieres_dangereuses_interdites":false,"borne_debut_gauche":null,"borne_debut_droite":null,"borne_fin_gauche":null,"borne_fin_droite":null,"insee_commune_gauche":"75116","insee_commune_droite":"75116","alias_gauche":null,"alias_droit":null,"date_de_mise_en_service":null,"liens_vers_route_nommee":null,"liens_vers_itineraire_autre":null,"cpx_numero":null,"cpx_numero_route_europeenne":null,"cpx_classement_administratif":null,"cpx_gestionnaire":null,"cpx_toponyme_route_nommee":null,"cpx_toponyme_itineraire_cyclable":null,"cpx_toponyme_voie_verte":null,"cpx_nature_itineraire_autre":null,"cpx_toponyme_itineraire_autre":null,"delestage":null,"source_voie_ban_gauche":null,"source_voie_ban_droite":null,"nom_voie_ban_gauche":null,"nom_voie_ban_droite":null,"lieux_dits_ban_gauche":null,"lieux_dits_ban_droite":null,"identifiant_voie_ban_gauche":null,"identifiant_voie_ban_droite":null,"sens_amenagement_cyclable_gauche":null,"sens_amenagement_cyclable_droit":null,"amenagement_cyclable_gauche":null,"amenagement_cyclable_droit":null,"aire_de_retournement_dfci":null,"gabarit_dfci":null,"impasse_dfci":null,"nature_detaillee_dfci":null,"ouvrage_d_art_limitant_dfci":null,"pente_maximale_dfci":null,"piste_dfci":null,"piste_dfci_debroussaillee":null,"piste_dfci_fosses":null,"sens_de_circulation_dfci":null,"tout_terrain_dfci":null,"vitesse_moyenne_dfci":null,"zone_de_croisement_dfci":null,"categorie_dfci":null,"vitesse_collaborative":null,"id_ban_odonyme_droite":null,"id_ban_odonyme_gauche":null}},{"type":"Feature","id":"troncon_de_route.22018","geometry":{"type":"LineString","coordinates":[[2.25800244,48.83529229,29.7],[2.2583246,48.83515219,31.4],[2.2585039,48.83509394,32.1],[2.25869681,48.83503668,33],[2.2587871,48.83501026,33.4],[2.25901675,48.83495592,33.6],[2.25938976,48.83487998,34],[2.25980476,48.83482139,33.6],[2.26019053,48.83480579,33.4]]},"geometry_name":"geometrie","properties":{"cleabs":"TRONROUT0000000000203142","nature":"Bretelle","nom_collaboratif_gauche":null,"nom_collaboratif_droite":null,"importance":"2","fictif":false,"position_par_rapport_au_sol":"0","etat_de_l_objet":"En service","date_creation":"2006-05-22T11:18:11.781Z","date_modification":"2024-09-21T06:34:42.538Z","date_d_apparition":null,"date_de_confirmation":null,"sources":null,"identifiants_sources":null,"methode_d_acquisition_planimetrique":"Photogrammétrie","precision_planimetrique":2.5,"methode_d_acquisition_altimetrique":"Photogrammétrie","precision_altimetrique":1.5,"nombre_de_voies":2,"largeur_de_chaussee":5,"itineraire_vert":true,"prive":false,"sens_de_circulation":"Sens direct","reserve_aux_bus":null,"urbain":true,"vitesse_moyenne_vl":45,"acces_vehicule_leger":"Libre","acces_pieton":null,"periode_de_fermeture":null,"nature_de_la_restriction":null,"restriction_de_hauteur":null,"restriction_de_poids_total":null,"restriction_de_poids_par_essieu":null,"restriction_de_largeur":null,"restriction_de_longueur":null,"matieres_dangereuses_interdites":false,"borne_debut_gauche":null,"borne_debut_droite":null,"borne_fin_gauche":null,"borne_fin_droite":null,"insee_commune_gauche":"75116","insee_commune_droite":"75116","alias_gauche":null,"alias_droit":null,"date_de_mise_en_service":null,"liens_vers_route_nommee":null,"liens_vers_itineraire_autre":null,"cpx_numero":null,"cpx_numero_route_europeenne":null,"cpx_classement_administratif":null,"cpx_gestionnaire":null,"cpx_toponyme_route_nommee":null,"cpx_toponyme_itineraire_cyclable":null,"cpx_toponyme_voie_verte":null,"cpx_nature_itineraire_autre":null,"cpx_toponyme_itineraire_autre":null,"delestage":null,"source_voie_ban_gauche":null,"source_voie_ban_droite":null,"nom_voie_ban_gauche":null,"nom_voie_ban_droite":null,"lieux_dits_ban_gauche":null,"lieux_dits_ban_droite":null,"identifiant_voie_ban_gauche":null,"identifiant_voie_ban_droite":null,"sens_amenagement_cyclable_gauche":null,"sens_amenagement_cyclable_droit":null,"amenagement_cyclable_gauche":null,"amenagement_cyclable_droit":null,"aire_de_retournement_dfci":null,"gabarit_dfci":null,"impasse_dfci":null,"nature_detaillee_dfci":null,"ouvrage_d_art_limitant_dfci":null,"pente_maximale_dfci":null,"piste_dfci":null,"piste_dfci_debroussaillee":null,"piste_dfci_fosses":null,"sens_de_circulation_dfci":null,"tout_terrain_dfci":null,"vitesse_moyenne_dfci":null,"zone_de_croisement_dfci":null,"categorie_dfci":null,"vitesse_collaborative":null,"id_ban_odonyme_droite":null,"id_ban_odonyme_gauche":null}},{"type":"Feature","id":"troncon_de_route.22020","geometry":{"type":"LineString","coordinates":[[2.25779027,48.83564983,28.4],[2.2579259,48.83559671,29.1],[2.25802586,48.83556135,29.6],[2.25824629,48.83548537,30.7],[2.25861299,48.83537432,32.5],[2.25888919,48.83530409,32.6],[2.25903955,48.83526904,32.8],[2.25923494,48.83522888,33.5],[2.25941119,48.835194,34.2],[2.25957782,48.83516445,34.6],[2.25974167,48.83513848,35],[2.25999148,48.83510405,35.6],[2.26028895,48.83507082,37.5],[2.26045539,48.83505476,37.5],[2.2610813,48.83501366,37.7]]},"geometry_name":"geometrie","properties":{"cleabs":"TRONROUT0000000000203144","nature":"Type autoroutier","nom_collaboratif_gauche":null,"nom_collaboratif_droite":null,"importance":"1","fictif":false,"position_par_rapport_au_sol":"0","etat_de_l_objet":"En service","date_creation":"2006-05-22T11:18:11.781Z","date_modification":"2025-10-31T20:07:08.035Z","date_d_apparition":null,"date_de_confirmation":null,"sources":null,"identifiants_sources":null,"methode_d_acquisition_planimetrique":"Photogrammétrie","precision_planimetrique":2.5,"methode_d_acquisition_altimetrique":"Photogrammétrie","precision_altimetrique":1.5,"nombre_de_voies":4,"largeur_de_chaussee":14,"itineraire_vert":true,"prive":false,"sens_de_circulation":"Sens direct","reserve_aux_bus":null,"urbain":true,"vitesse_moyenne_vl":95,"acces_vehicule_leger":"Libre","acces_pieton":null,"periode_de_fermeture":null,"nature_de_la_restriction":null,"restriction_de_hauteur":null,"restriction_de_poids_total":null,"restriction_de_poids_par_essieu":null,"restriction_de_largeur":null,"restriction_de_longueur":null,"matieres_dangereuses_interdites":false,"borne_debut_gauche":null,"borne_debut_droite":null,"borne_fin_gauche":null,"borne_fin_droite":null,"insee_commune_gauche":"75116","insee_commune_droite":"75116","alias_gauche":null,"alias_droit":null,"date_de_mise_en_service":null,"liens_vers_route_nommee":"ROUTNOMM0000000000208366","liens_vers_itineraire_autre":null,"cpx_numero":null,"cpx_numero_route_europeenne":null,"cpx_classement_administratif":"Route nommée","cpx_gestionnaire":null,"cpx_toponyme_route_nommee":"Boulevard Périphérique Extérieur","cpx_toponyme_itineraire_cyclable":null,"cpx_toponyme_voie_verte":null,"cpx_nature_itineraire_autre":null,"cpx_toponyme_itineraire_autre":null,"delestage":null,"source_voie_ban_gauche":null,"source_voie_ban_droite":null,"nom_voie_ban_gauche":null,"nom_voie_ban_droite":null,"lieux_dits_ban_gauche":null,"lieux_dits_ban_droite":null,"identifiant_voie_ban_gauche":null,"identifiant_voie_ban_droite":null,"sens_amenagement_cyclable_gauche":null,"sens_amenagement_cyclable_droit":null,"amenagement_cyclable_gauche":null,"amenagement_cyclable_droit":null,"aire_de_retournement_dfci":null,"gabarit_dfci":null,"impasse_dfci":null,"nature_detaillee_dfci":null,"ouvrage_d_art_limitant_dfci":null,"pente_maximale_dfci":null,"piste_dfci":null,"piste_dfci_debroussaillee":null,"piste_dfci_fosses":null,"sens_de_circulation_dfci":null,"tout_terrain_dfci":null,"vitesse_moyenne_dfci":null,"zone_de_croisement_dfci":null,"categorie_dfci":null,"vitesse_collaborative":null,"id_ban_odonyme_droite":null,"id_ban_odonyme_gauche":null}},{"type":"Feature","id":"troncon_de_route.22021","geometry":{"type":"LineString","coordinates":[[2.25859879,48.83522314,35.5],[2.25874464,48.83521775,35.6],[2.25925019,48.83511476,36.1],[2.25951787,48.83506875,36.3],[2.25963114,48.83505506,36.4],[2.25976484,48.83504239,36.6],[2.26028704,48.83501325,37],[2.26051744,48.83500208,37.2],[2.26080093,48.83499394,37.4],[2.2610813,48.83501366,37.7]]},"geometry_name":"geometrie","properties":{"cleabs":"TRONROUT0000000000203146","nature":"Bretelle","nom_collaboratif_gauche":null,"nom_collaboratif_droite":null,"importance":"1","fictif":false,"position_par_rapport_au_sol":"0","etat_de_l_objet":"En service","date_creation":"2006-05-22T11:18:11.781Z","date_modification":"2023-09-21T08:16:01.974Z","date_d_apparition":null,"date_de_confirmation":null,"sources":null,"identifiants_sources":null,"methode_d_acquisition_planimetrique":"Photogrammétrie","precision_planimetrique":2.5,"methode_d_acquisition_altimetrique":"Photogrammétrie","precision_altimetrique":1.5,"nombre_de_voies":1,"largeur_de_chaussee":3,"itineraire_vert":false,"prive":false,"sens_de_circulation":"Sens direct","reserve_aux_bus":null,"urbain":true,"vitesse_moyenne_vl":45,"acces_vehicule_leger":"Libre","acces_pieton":null,"periode_de_fermeture":null,"nature_de_la_restriction":null,"restriction_de_hauteur":null,"restriction_de_poids_total":null,"restriction_de_poids_par_essieu":null,"restriction_de_largeur":null,"restriction_de_longueur":null,"matieres_dangereuses_interdites":false,"borne_debut_gauche":null,"borne_debut_droite":null,"borne_fin_gauche":null,"borne_fin_droite":null,"insee_commune_gauche":"75116","insee_commune_droite":"75116","alias_gauche":null,"alias_droit":null,"date_de_mise_en_service":null,"liens_vers_route_nommee":null,"liens_vers_itineraire_autre":null,"cpx_numero":null,"cpx_numero_route_europeenne":null,"cpx_classement_administratif":null,"cpx_gestionnaire":null,"cpx_toponyme_route_nommee":null,"cpx_toponyme_itineraire_cyclable":null,"cpx_toponyme_voie_verte":null,"cpx_nature_itineraire_autre":null,"cpx_toponyme_itineraire_autre":null,"delestage":null,"source_voie_ban_gauche":null,"source_voie_ban_droite":null,"nom_voie_ban_gauche":null,"nom_voie_ban_droite":null,"lieux_dits_ban_gauche":null,"lieux_dits_ban_droite":null,"identifiant_voie_ban_gauche":null,"identifiant_voie_ban_droite":null,"sens_amenagement_cyclable_gauche":null,"sens_amenagement_cyclable_droit":null,"amenagement_cyclable_gauche":null,"amenagement_cyclable_droit":null,"aire_de_retournement_dfci":null,"gabarit_dfci":null,"impasse_dfci":null,"nature_detaillee_dfci":null,"ouvrage_d_art_limitant_dfci":null,"pente_maximale_dfci":null,"piste_dfci":null,"piste_dfci_debroussaillee":null,"piste_dfci_fosses":null,"sens_de_circulation_dfci":null,"tout_terrain_dfci":null,"vitesse_moyenne_dfci":null,"zone_de_croisement_dfci":null,"categorie_dfci":null,"vitesse_collaborative":null,"id_ban_odonyme_droite":null,"id_ban_odonyme_gauche":null}},{"type":"Feature","id":"troncon_de_route.22022","geometry":{"type":"LineString","coordinates":[[2.26097692,48.83516951,37.5],[2.26054601,48.83519742,36.8],[2.26015716,48.83523729,36.3],[2.25995925,48.83526304,35.6],[2.25962061,48.83531671,34.4],[2.2593884,48.83535934,33.5],[2.25916166,48.83540021,32.8],[2.25900579,48.83543972,32.7],[2.25874047,48.83551092,32.7],[2.25842173,48.83560248,30.8],[2.25814799,48.83569162,29],[2.2578988,48.83577821,27.4]]},"geometry_name":"geometrie","properties":{"cleabs":"TRONROUT0000000000203148","nature":"Type autoroutier","nom_collaboratif_gauche":null,"nom_collaboratif_droite":null,"importance":"1","fictif":false,"position_par_rapport_au_sol":"0","etat_de_l_objet":"En service","date_creation":"2006-05-22T11:18:11.781Z","date_modification":"2025-10-31T20:07:08.035Z","date_d_apparition":null,"date_de_confirmation":null,"sources":null,"identifiants_sources":null,"methode_d_acquisition_planimetrique":"Photogrammétrie","precision_planimetrique":2.5,"methode_d_acquisition_altimetrique":"Photogrammétrie","precision_altimetrique":1.5,"nombre_de_voies":4,"largeur_de_chaussee":14,"itineraire_vert":true,"prive":false,"sens_de_circulation":"Sens direct","reserve_aux_bus":null,"urbain":true,"vitesse_moyenne_vl":95,"acces_vehicule_leger":"Libre","acces_pieton":null,"periode_de_fermeture":null,"nature_de_la_restriction":null,"restriction_de_hauteur":null,"restriction_de_poids_total":null,"restriction_de_poids_par_essieu":null,"restriction_de_largeur":null,"restriction_de_longueur":null,"matieres_dangereuses_interdites":false,"borne_debut_gauche":null,"borne_debut_droite":null,"borne_fin_gauche":null,"borne_fin_droite":null,"insee_commune_gauche":"75116","insee_commune_droite":"75116","alias_gauche":null,"alias_droit":null,"date_de_mise_en_service":null,"liens_vers_route_nommee":"ROUTNOMM0000000257416243","liens_vers_itineraire_autre":null,"cpx_numero":null,"cpx_numero_route_europeenne":null,"cpx_classement_administratif":"Route nommée","cpx_gestionnaire":null,"cpx_toponyme_route_nommee":"Boulevard Périphérique Intérieur","cpx_toponyme_itineraire_cyclable":null,"cpx_toponyme_voie_verte":null,"cpx_nature_itineraire_autre":null,"cpx_toponyme_itineraire_autre":null,"delestage":null,"source_voie_ban_gauche":null,"source_voie_ban_droite":null,"nom_voie_ban_gauche":null,"nom_voie_ban_droite":null,"lieux_dits_ban_gauche":null,"lieux_dits_ban_droite":null,"identifiant_voie_ban_gauche":null,"identifiant_voie_ban_droite":null,"sens_amenagement_cyclable_gauche":null,"sens_amenagement_cyclable_droit":null,"amenagement_cyclable_gauche":null,"amenagement_cyclable_droit":null,"aire_de_retournement_dfci":null,"gabarit_dfci":null,"impasse_dfci":null,"nature_detaillee_dfci":null,"ouvrage_d_art_limitant_dfci":null,"pente_maximale_dfci":null,"piste_dfci":null,"piste_dfci_debroussaillee":null,"piste_dfci_fosses":null,"sens_de_circulation_dfci":null,"tout_terrain_dfci":null,"vitesse_moyenne_dfci":null,"zone_de_croisement_dfci":null,"categorie_dfci":null,"vitesse_collaborative":null,"id_ban_odonyme_droite":null,"id_ban_odonyme_gauche":null}},{"type":"Feature","id":"troncon_de_route.22023","geometry":{"type":"LineString","coordinates":[[2.26019053,48.83480579,33.4],[2.25991035,48.83486881,33.8],[2.25959749,48.83493073,34.3],[2.25933235,48.83498935,34.5],[2.25908779,48.8350382,34.8],[2.25900846,48.83506019,34.8],[2.25888664,48.83509991,34.8],[2.25868541,48.83516792,35.2],[2.25859879,48.83522314,35.5]]},"geometry_name":"geometrie","properties":{"cleabs":"TRONROUT0000000000203151","nature":"Route à 1 chaussée","nom_collaboratif_gauche":"R HENRY DE LA VAULX","nom_collaboratif_droite":"R HENRY DE LA VAULX","importance":"2","fictif":false,"position_par_rapport_au_sol":"0","etat_de_l_objet":"En service","date_creation":"2006-05-22T11:18:11.781Z","date_modification":"2025-12-29T20:16:25.922Z","date_d_apparition":null,"date_de_confirmation":null,"sources":null,"identifiants_sources":null,"methode_d_acquisition_planimetrique":"BDTopo","precision_planimetrique":2.5,"methode_d_acquisition_altimetrique":"BDTopo","precision_altimetrique":1.5,"nombre_de_voies":2,"largeur_de_chaussee":7,"itineraire_vert":true,"prive":false,"sens_de_circulation":"Sens inverse","reserve_aux_bus":null,"urbain":true,"vitesse_moyenne_vl":35,"acces_vehicule_leger":"Libre","acces_pieton":null,"periode_de_fermeture":null,"nature_de_la_restriction":null,"restriction_de_hauteur":null,"restriction_de_poids_total":null,"restriction_de_poids_par_essieu":null,"restriction_de_largeur":null,"restriction_de_longueur":null,"matieres_dangereuses_interdites":false,"borne_debut_gauche":"13","borne_debut_droite":null,"borne_fin_gauche":"23","borne_fin_droite":null,"insee_commune_gauche":"75116","insee_commune_droite":"75116","alias_gauche":null,"alias_droit":null,"date_de_mise_en_service":null,"liens_vers_route_nommee":null,"liens_vers_itineraire_autre":null,"cpx_numero":null,"cpx_numero_route_europeenne":null,"cpx_classement_administratif":null,"cpx_gestionnaire":null,"cpx_toponyme_route_nommee":null,"cpx_toponyme_itineraire_cyclable":null,"cpx_toponyme_voie_verte":null,"cpx_nature_itineraire_autre":null,"cpx_toponyme_itineraire_autre":null,"delestage":null,"source_voie_ban_gauche":"commune","source_voie_ban_droite":"commune","nom_voie_ban_gauche":"Rue Henry de la Vaulx","nom_voie_ban_droite":"Rue Henry de la Vaulx","lieux_dits_ban_gauche":null,"lieux_dits_ban_droite":null,"identifiant_voie_ban_gauche":"75116_4607","identifiant_voie_ban_droite":"75116_4607","sens_amenagement_cyclable_gauche":null,"sens_amenagement_cyclable_droit":null,"amenagement_cyclable_gauche":null,"amenagement_cyclable_droit":null,"aire_de_retournement_dfci":null,"gabarit_dfci":null,"impasse_dfci":null,"nature_detaillee_dfci":null,"ouvrage_d_art_limitant_dfci":null,"pente_maximale_dfci":null,"piste_dfci":null,"piste_dfci_debroussaillee":null,"piste_dfci_fosses":null,"sens_de_circulation_dfci":null,"tout_terrain_dfci":null,"vitesse_moyenne_dfci":null,"zone_de_croisement_dfci":null,"categorie_dfci":null,"vitesse_collaborative":null,"id_ban_odonyme_droite":null,"id_ban_odonyme_gauche":null}},{"type":"Feature","id":"troncon_de_route.16035832","geometry":{"type":"LineString","coordinates":[[2.26049731,48.833348,31.1],[2.26090503,48.83380201,31.1],[2.26104221,48.83392697,31.3]]},"geometry_name":"geometrie","properties":{"cleabs":"TRONROUT0000000349700401","nature":"Route à 1 chaussée","nom_collaboratif_gauche":"QU POINT DU JOUR","nom_collaboratif_droite":"QU POINT DU JOUR","importance":"4","fictif":false,"position_par_rapport_au_sol":"0","etat_de_l_objet":"En service","date_creation":"2015-04-24T14:22:05.634Z","date_modification":"2023-09-24T08:24:57.760Z","date_d_apparition":null,"date_de_confirmation":null,"sources":null,"identifiants_sources":null,"methode_d_acquisition_planimetrique":"BDTopo","precision_planimetrique":2.5,"methode_d_acquisition_altimetrique":"BDTopo","precision_altimetrique":1.5,"nombre_de_voies":1,"largeur_de_chaussee":3,"itineraire_vert":false,"prive":false,"sens_de_circulation":"Sens inverse","reserve_aux_bus":null,"urbain":true,"vitesse_moyenne_vl":30,"acces_vehicule_leger":"Libre","acces_pieton":null,"periode_de_fermeture":null,"nature_de_la_restriction":null,"restriction_de_hauteur":null,"restriction_de_poids_total":null,"restriction_de_poids_par_essieu":null,"restriction_de_largeur":null,"restriction_de_longueur":null,"matieres_dangereuses_interdites":false,"borne_debut_gauche":"2","borne_debut_droite":null,"borne_fin_gauche":"1","borne_fin_droite":null,"insee_commune_gauche":"92012","insee_commune_droite":"92012","alias_gauche":null,"alias_droit":null,"date_de_mise_en_service":null,"liens_vers_route_nommee":null,"liens_vers_itineraire_autre":null,"cpx_numero":null,"cpx_numero_route_europeenne":null,"cpx_classement_administratif":null,"cpx_gestionnaire":null,"cpx_toponyme_route_nommee":null,"cpx_toponyme_itineraire_cyclable":null,"cpx_toponyme_voie_verte":null,"cpx_nature_itineraire_autre":null,"cpx_toponyme_itineraire_autre":null,"delestage":null,"source_voie_ban_gauche":"commune","source_voie_ban_droite":"commune","nom_voie_ban_gauche":"Quai du Point du Jour","nom_voie_ban_droite":"Quai du Point du Jour","lieux_dits_ban_gauche":"","lieux_dits_ban_droite":"","identifiant_voie_ban_gauche":"92012_7231","identifiant_voie_ban_droite":"92012_7231","sens_amenagement_cyclable_gauche":"Sens inverse","sens_amenagement_cyclable_droit":null,"amenagement_cyclable_gauche":"Bande cyclable","amenagement_cyclable_droit":null,"aire_de_retournement_dfci":null,"gabarit_dfci":null,"impasse_dfci":null,"nature_detaillee_dfci":null,"ouvrage_d_art_limitant_dfci":null,"pente_maximale_dfci":null,"piste_dfci":null,"piste_dfci_debroussaillee":null,"piste_dfci_fosses":null,"sens_de_circulation_dfci":null,"tout_terrain_dfci":null,"vitesse_moyenne_dfci":null,"zone_de_croisement_dfci":null,"categorie_dfci":null,"vitesse_collaborative":null,"id_ban_odonyme_droite":"f69b6cd8-c8f5-4316-b2ac-7d6bf4998eec","id_ban_odonyme_gauche":"f69b6cd8-c8f5-4316-b2ac-7d6bf4998eec"}},{"type":"Feature","id":"troncon_de_route.10788941","geometry":{"type":"LineString","coordinates":[[2.26694576,48.83457128,31],[2.26696527,48.83434655,30.7],[2.26699614,48.83428288,30.7]]},"geometry_name":"geometrie","properties":{"cleabs":"TRONROUT0000000084139900","nature":"Route à 1 chaussée","nom_collaboratif_gauche":"PL DU MARECHAL DE ROCHAMBEAU","nom_collaboratif_droite":"PL DU MARECHAL DE ROCHAMBEAU","importance":"3","fictif":false,"position_par_rapport_au_sol":"0","etat_de_l_objet":"En service","date_creation":"2007-07-13T08:27:13.846Z","date_modification":"2024-02-03T17:24:40.188Z","date_d_apparition":null,"date_de_confirmation":null,"sources":null,"identifiants_sources":null,"methode_d_acquisition_planimetrique":"BDTopo","precision_planimetrique":2.5,"methode_d_acquisition_altimetrique":"BDTopo","precision_altimetrique":1.5,"nombre_de_voies":2,"largeur_de_chaussee":7,"itineraire_vert":false,"prive":false,"sens_de_circulation":"Sens inverse","reserve_aux_bus":null,"urbain":true,"vitesse_moyenne_vl":10,"acces_vehicule_leger":"Libre","acces_pieton":null,"periode_de_fermeture":null,"nature_de_la_restriction":null,"restriction_de_hauteur":null,"restriction_de_poids_total":null,"restriction_de_poids_par_essieu":null,"restriction_de_largeur":null,"restriction_de_longueur":null,"matieres_dangereuses_interdites":false,"borne_debut_gauche":null,"borne_debut_droite":null,"borne_fin_gauche":null,"borne_fin_droite":null,"insee_commune_gauche":"92040","insee_commune_droite":"92040","alias_gauche":null,"alias_droit":null,"date_de_mise_en_service":null,"liens_vers_route_nommee":"ROUTNOMM0000000000552076","liens_vers_itineraire_autre":null,"cpx_numero":"D69","cpx_numero_route_europeenne":null,"cpx_classement_administratif":"Départementale","cpx_gestionnaire":"Hauts-de-Seine","cpx_toponyme_route_nommee":null,"cpx_toponyme_itineraire_cyclable":null,"cpx_toponyme_voie_verte":null,"cpx_nature_itineraire_autre":null,"cpx_toponyme_itineraire_autre":null,"delestage":null,"source_voie_ban_gauche":"commune","source_voie_ban_droite":"commune","nom_voie_ban_gauche":"Place du Maréchal de Rochambeau","nom_voie_ban_droite":"Place du Maréchal de Rochambeau","lieux_dits_ban_gauche":"","lieux_dits_ban_droite":"","identifiant_voie_ban_gauche":"92040_8128","identifiant_voie_ban_droite":"92040_8128","sens_amenagement_cyclable_gauche":null,"sens_amenagement_cyclable_droit":null,"amenagement_cyclable_gauche":null,"amenagement_cyclable_droit":null,"aire_de_retournement_dfci":null,"gabarit_dfci":null,"impasse_dfci":null,"nature_detaillee_dfci":null,"ouvrage_d_art_limitant_dfci":null,"pente_maximale_dfci":null,"piste_dfci":null,"piste_dfci_debroussaillee":null,"piste_dfci_fosses":null,"sens_de_circulation_dfci":null,"tout_terrain_dfci":null,"vitesse_moyenne_dfci":null,"zone_de_croisement_dfci":null,"categorie_dfci":null,"vitesse_collaborative":null,"id_ban_odonyme_droite":"7cd01675-5d76-4e2b-b1ba-8a2beed87bd8","id_ban_odonyme_gauche":"7cd01675-5d76-4e2b-b1ba-8a2beed87bd8"}},{"type":"Feature","id":"troncon_de_route.10788942","geometry":{"type":"LineString","coordinates":[[2.26747542,48.83459251,31.4],[2.26731388,48.83455105,31],[2.26724742,48.83452995,30.9],[2.2672014,48.83450899,30.9],[2.26716222,48.83448536,30.8],[2.2671164,48.83445001,30.8],[2.26706031,48.83436962,30.7],[2.26703527,48.83430921,30.7],[2.26699614,48.83428288,30.7]]},"geometry_name":"geometrie","properties":{"cleabs":"TRONROUT0000000084139901","nature":"Route à 1 chaussée","nom_collaboratif_gauche":null,"nom_collaboratif_droite":null,"importance":"3","fictif":false,"position_par_rapport_au_sol":"0","etat_de_l_objet":"En service","date_creation":"2007-07-13T08:27:13.846Z","date_modification":"2023-09-21T08:16:01.974Z","date_d_apparition":null,"date_de_confirmation":null,"sources":null,"identifiants_sources":null,"methode_d_acquisition_planimetrique":"Orthophotographie","precision_planimetrique":3,"methode_d_acquisition_altimetrique":"Z corrigé","precision_altimetrique":2.5,"nombre_de_voies":1,"largeur_de_chaussee":3,"itineraire_vert":false,"prive":false,"sens_de_circulation":"Sens inverse","reserve_aux_bus":null,"urbain":true,"vitesse_moyenne_vl":10,"acces_vehicule_leger":"Libre","acces_pieton":null,"periode_de_fermeture":null,"nature_de_la_restriction":null,"restriction_de_hauteur":null,"restriction_de_poids_total":null,"restriction_de_poids_par_essieu":null,"restriction_de_largeur":null,"restriction_de_longueur":null,"matieres_dangereuses_interdites":false,"borne_debut_gauche":null,"borne_debut_droite":null,"borne_fin_gauche":null,"borne_fin_droite":null,"insee_commune_gauche":"92040","insee_commune_droite":"92040","alias_gauche":null,"alias_droit":null,"date_de_mise_en_service":null,"liens_vers_route_nommee":null,"liens_vers_itineraire_autre":null,"cpx_numero":null,"cpx_numero_route_europeenne":null,"cpx_classement_administratif":null,"cpx_gestionnaire":null,"cpx_toponyme_route_nommee":null,"cpx_toponyme_itineraire_cyclable":null,"cpx_toponyme_voie_verte":null,"cpx_nature_itineraire_autre":null,"cpx_toponyme_itineraire_autre":null,"delestage":null,"source_voie_ban_gauche":null,"source_voie_ban_droite":null,"nom_voie_ban_gauche":null,"nom_voie_ban_droite":null,"lieux_dits_ban_gauche":null,"lieux_dits_ban_droite":null,"identifiant_voie_ban_gauche":null,"identifiant_voie_ban_droite":null,"sens_amenagement_cyclable_gauche":null,"sens_amenagement_cyclable_droit":null,"amenagement_cyclable_gauche":null,"amenagement_cyclable_droit":null,"aire_de_retournement_dfci":null,"gabarit_dfci":null,"impasse_dfci":null,"nature_detaillee_dfci":null,"ouvrage_d_art_limitant_dfci":null,"pente_maximale_dfci":null,"piste_dfci":null,"piste_dfci_debroussaillee":null,"piste_dfci_fosses":null,"sens_de_circulation_dfci":null,"tout_terrain_dfci":null,"vitesse_moyenne_dfci":null,"zone_de_croisement_dfci":null,"categorie_dfci":null,"vitesse_collaborative":null,"id_ban_odonyme_droite":null,"id_ban_odonyme_gauche":null}},{"type":"Feature","id":"troncon_de_route.13073068","geometry":{"type":"LineString","coordinates":[[2.26534375,48.83175808,31.8],[2.26540252,48.83184119,31.7],[2.26576594,48.83225084,31.5],[2.26583838,48.83233043,31.4],[2.2658896,48.83236942,31.4],[2.26594651,48.83239135,31.4],[2.26600499,48.832398,31.4],[2.2660785,48.83240205,31.3],[2.26611258,48.83240046,31.3],[2.26615081,48.8323944,31.3]]},"geometry_name":"geometrie","properties":{"cleabs":"TRONROUT0000000214651175","nature":"Route à 1 chaussée","nom_collaboratif_gauche":"MAIL FELIX AMIOT","nom_collaboratif_droite":"MAIL FELIX AMIOT","importance":"5","fictif":false,"position_par_rapport_au_sol":"0","etat_de_l_objet":"En service","date_creation":"2008-12-16T19:27:43.009Z","date_modification":"2024-05-11T20:35:01.315Z","date_d_apparition":null,"date_de_confirmation":null,"sources":null,"identifiants_sources":null,"methode_d_acquisition_planimetrique":"Plan non métrique papier","precision_planimetrique":5,"methode_d_acquisition_altimetrique":"Z corrigé","precision_altimetrique":2.5,"nombre_de_voies":1,"largeur_de_chaussee":3,"itineraire_vert":false,"prive":false,"sens_de_circulation":"Sens direct","reserve_aux_bus":null,"urbain":true,"vitesse_moyenne_vl":20,"acces_vehicule_leger":"Libre","acces_pieton":null,"periode_de_fermeture":null,"nature_de_la_restriction":null,"restriction_de_hauteur":null,"restriction_de_poids_total":null,"restriction_de_poids_par_essieu":null,"restriction_de_largeur":null,"restriction_de_longueur":null,"matieres_dangereuses_interdites":false,"borne_debut_gauche":null,"borne_debut_droite":null,"borne_fin_gauche":null,"borne_fin_droite":null,"insee_commune_gauche":"92040","insee_commune_droite":"92040","alias_gauche":null,"alias_droit":null,"date_de_mise_en_service":null,"liens_vers_route_nommee":null,"liens_vers_itineraire_autre":null,"cpx_numero":null,"cpx_numero_route_europeenne":null,"cpx_classement_administratif":null,"cpx_gestionnaire":null,"cpx_toponyme_route_nommee":null,"cpx_toponyme_itineraire_cyclable":null,"cpx_toponyme_voie_verte":null,"cpx_nature_itineraire_autre":null,"cpx_toponyme_itineraire_autre":null,"delestage":null,"source_voie_ban_gauche":"commune","source_voie_ban_droite":"commune","nom_voie_ban_gauche":"Mail Félix Amiot","nom_voie_ban_droite":"Mail Félix Amiot","lieux_dits_ban_gauche":"","lieux_dits_ban_droite":"","identifiant_voie_ban_gauche":"92040_8jb1p8","identifiant_voie_ban_droite":"92040_8jb1p8","sens_amenagement_cyclable_gauche":null,"sens_amenagement_cyclable_droit":null,"amenagement_cyclable_gauche":null,"amenagement_cyclable_droit":null,"aire_de_retournement_dfci":null,"gabarit_dfci":null,"impasse_dfci":null,"nature_detaillee_dfci":null,"ouvrage_d_art_limitant_dfci":null,"pente_maximale_dfci":null,"piste_dfci":null,"piste_dfci_debroussaillee":null,"piste_dfci_fosses":null,"sens_de_circulation_dfci":null,"tout_terrain_dfci":null,"vitesse_moyenne_dfci":null,"zone_de_croisement_dfci":null,"categorie_dfci":null,"vitesse_collaborative":null,"id_ban_odonyme_droite":"96bedad2-02be-4d65-8790-3db35aaedbd5","id_ban_odonyme_gauche":"96bedad2-02be-4d65-8790-3db35aaedbd5"}},{"type":"Feature","id":"troncon_de_route.13782678","geometry":{"type":"LineString","coordinates":[[2.26793422,48.83529413,31.1],[2.26804249,48.83534606,31.1],[2.26814028,48.83536734,31.2],[2.26821764,48.8353885,31.3],[2.26824718,48.83541926,31.4],[2.26827523,48.83545901,31.7],[2.26831901,48.83554292,33.2],[2.26835085,48.83560427,34.7]]},"geometry_name":"geometrie","properties":{"cleabs":"TRONROUT0000000230101766","nature":"Route à 1 chaussée","nom_collaboratif_gauche":null,"nom_collaboratif_droite":null,"importance":"5","fictif":false,"position_par_rapport_au_sol":"0","etat_de_l_objet":"En service","date_creation":"2010-03-25T13:20:01.648Z","date_modification":"2025-09-19T09:36:09.262Z","date_d_apparition":null,"date_de_confirmation":null,"sources":null,"identifiants_sources":null,"methode_d_acquisition_planimetrique":"BDTopo","precision_planimetrique":2.5,"methode_d_acquisition_altimetrique":"BDTopo","precision_altimetrique":1.5,"nombre_de_voies":2,"largeur_de_chaussee":5,"itineraire_vert":false,"prive":false,"sens_de_circulation":"Sens inverse","reserve_aux_bus":null,"urbain":true,"vitesse_moyenne_vl":10,"acces_vehicule_leger":"Libre","acces_pieton":null,"periode_de_fermeture":null,"nature_de_la_restriction":null,"restriction_de_hauteur":null,"restriction_de_poids_total":null,"restriction_de_poids_par_essieu":null,"restriction_de_largeur":null,"restriction_de_longueur":null,"matieres_dangereuses_interdites":false,"borne_debut_gauche":null,"borne_debut_droite":null,"borne_fin_gauche":null,"borne_fin_droite":null,"insee_commune_gauche":"75115","insee_commune_droite":"75115","alias_gauche":null,"alias_droit":null,"date_de_mise_en_service":null,"liens_vers_route_nommee":null,"liens_vers_itineraire_autre":null,"cpx_numero":null,"cpx_numero_route_europeenne":null,"cpx_classement_administratif":null,"cpx_gestionnaire":null,"cpx_toponyme_route_nommee":null,"cpx_toponyme_itineraire_cyclable":null,"cpx_toponyme_voie_verte":null,"cpx_nature_itineraire_autre":null,"cpx_toponyme_itineraire_autre":null,"delestage":null,"source_voie_ban_gauche":null,"source_voie_ban_droite":null,"nom_voie_ban_gauche":null,"nom_voie_ban_droite":null,"lieux_dits_ban_gauche":null,"lieux_dits_ban_droite":null,"identifiant_voie_ban_gauche":null,"identifiant_voie_ban_droite":null,"sens_amenagement_cyclable_gauche":null,"sens_amenagement_cyclable_droit":null,"amenagement_cyclable_gauche":null,"amenagement_cyclable_droit":null,"aire_de_retournement_dfci":null,"gabarit_dfci":null,"impasse_dfci":null,"nature_detaillee_dfci":null,"ouvrage_d_art_limitant_dfci":null,"pente_maximale_dfci":null,"piste_dfci":null,"piste_dfci_debroussaillee":null,"piste_dfci_fosses":null,"sens_de_circulation_dfci":null,"tout_terrain_dfci":null,"vitesse_moyenne_dfci":null,"zone_de_croisement_dfci":null,"categorie_dfci":null,"vitesse_collaborative":null,"id_ban_odonyme_droite":null,"id_ban_odonyme_gauche":null}},{"type":"Feature","id":"troncon_de_route.15889030","geometry":{"type":"LineString","coordinates":[[2.26615081,48.8323944,31.3],[2.26656122,48.83217567,31.1],[2.26660497,48.83216425,31],[2.26716738,48.83218029,31]]},"geometry_name":"geometrie","properties":{"cleabs":"TRONROUT0000000343048020","nature":"Route à 1 chaussée","nom_collaboratif_gauche":"R PIERRE-ANTOINE BERRYER","nom_collaboratif_droite":"R PIERRE-ANTOINE BERRYER","importance":"5","fictif":false,"position_par_rapport_au_sol":"0","etat_de_l_objet":"En service","date_creation":"2015-01-19T11:20:59.945Z","date_modification":"2025-12-16T20:53:14.197Z","date_d_apparition":null,"date_de_confirmation":null,"sources":null,"identifiants_sources":null,"methode_d_acquisition_planimetrique":"Plan non métrique papier","precision_planimetrique":5,"methode_d_acquisition_altimetrique":"Z corrigé","precision_altimetrique":2.5,"nombre_de_voies":2,"largeur_de_chaussee":4,"itineraire_vert":false,"prive":false,"sens_de_circulation":"Double sens","reserve_aux_bus":null,"urbain":true,"vitesse_moyenne_vl":5,"acces_vehicule_leger":"Libre","acces_pieton":null,"periode_de_fermeture":null,"nature_de_la_restriction":null,"restriction_de_hauteur":null,"restriction_de_poids_total":null,"restriction_de_poids_par_essieu":null,"restriction_de_largeur":null,"restriction_de_longueur":null,"matieres_dangereuses_interdites":false,"borne_debut_gauche":null,"borne_debut_droite":"1","borne_fin_gauche":null,"borne_fin_droite":"7","insee_commune_gauche":"92040","insee_commune_droite":"92040","alias_gauche":"R LEON DELAGRANGE","alias_droit":"R LEON DELAGRANGE","date_de_mise_en_service":null,"liens_vers_route_nommee":null,"liens_vers_itineraire_autre":null,"cpx_numero":null,"cpx_numero_route_europeenne":null,"cpx_classement_administratif":null,"cpx_gestionnaire":null,"cpx_toponyme_route_nommee":null,"cpx_toponyme_itineraire_cyclable":null,"cpx_toponyme_voie_verte":null,"cpx_nature_itineraire_autre":null,"cpx_toponyme_itineraire_autre":null,"delestage":null,"source_voie_ban_gauche":"commune","source_voie_ban_droite":"commune","nom_voie_ban_gauche":"Rue Pierre-Antoine Berryer","nom_voie_ban_droite":"Rue Pierre-Antoine Berryer","lieux_dits_ban_gauche":null,"lieux_dits_ban_droite":null,"identifiant_voie_ban_gauche":"92040_5152","identifiant_voie_ban_droite":"92040_5152","sens_amenagement_cyclable_gauche":null,"sens_amenagement_cyclable_droit":null,"amenagement_cyclable_gauche":null,"amenagement_cyclable_droit":null,"aire_de_retournement_dfci":null,"gabarit_dfci":null,"impasse_dfci":null,"nature_detaillee_dfci":null,"ouvrage_d_art_limitant_dfci":null,"pente_maximale_dfci":null,"piste_dfci":null,"piste_dfci_debroussaillee":null,"piste_dfci_fosses":null,"sens_de_circulation_dfci":null,"tout_terrain_dfci":null,"vitesse_moyenne_dfci":null,"zone_de_croisement_dfci":null,"categorie_dfci":null,"vitesse_collaborative":null,"id_ban_odonyme_droite":"11d93cd3-32d8-4b72-9dd3-b18903e62e03","id_ban_odonyme_gauche":"11d93cd3-32d8-4b72-9dd3-b18903e62e03"}},{"type":"Feature","id":"troncon_de_route.15889032","geometry":{"type":"LineString","coordinates":[[2.26615081,48.8323944,31.3],[2.26611659,48.83259925,31.3],[2.26679471,48.83329953,31.2],[2.26705088,48.8335871,31.2]]},"geometry_name":"geometrie","properties":{"cleabs":"TRONROUT0000000343048022","nature":"Route à 1 chaussée","nom_collaboratif_gauche":"MAIL FELIX AMIOT","nom_collaboratif_droite":"MAIL FELIX AMIOT","importance":"5","fictif":false,"position_par_rapport_au_sol":"0","etat_de_l_objet":"En service","date_creation":"2015-01-19T11:20:59.945Z","date_modification":"2024-05-11T20:35:01.315Z","date_d_apparition":null,"date_de_confirmation":null,"sources":null,"identifiants_sources":null,"methode_d_acquisition_planimetrique":"Orthophotographie","precision_planimetrique":3,"methode_d_acquisition_altimetrique":"Z corrigé","precision_altimetrique":2.5,"nombre_de_voies":1,"largeur_de_chaussee":3,"itineraire_vert":false,"prive":false,"sens_de_circulation":"Double sens","reserve_aux_bus":null,"urbain":true,"vitesse_moyenne_vl":0,"acces_vehicule_leger":"Restreint aux ayants droit","acces_pieton":null,"periode_de_fermeture":null,"nature_de_la_restriction":null,"restriction_de_hauteur":null,"restriction_de_poids_total":null,"restriction_de_poids_par_essieu":null,"restriction_de_largeur":null,"restriction_de_longueur":null,"matieres_dangereuses_interdites":false,"borne_debut_gauche":null,"borne_debut_droite":null,"borne_fin_gauche":null,"borne_fin_droite":null,"insee_commune_gauche":"92040","insee_commune_droite":"92040","alias_gauche":null,"alias_droit":null,"date_de_mise_en_service":null,"liens_vers_route_nommee":null,"liens_vers_itineraire_autre":null,"cpx_numero":null,"cpx_numero_route_europeenne":null,"cpx_classement_administratif":null,"cpx_gestionnaire":null,"cpx_toponyme_route_nommee":null,"cpx_toponyme_itineraire_cyclable":null,"cpx_toponyme_voie_verte":null,"cpx_nature_itineraire_autre":null,"cpx_toponyme_itineraire_autre":null,"delestage":null,"source_voie_ban_gauche":"commune","source_voie_ban_droite":"commune","nom_voie_ban_gauche":"Mail Félix Amiot","nom_voie_ban_droite":"Mail Félix Amiot","lieux_dits_ban_gauche":"","lieux_dits_ban_droite":"","identifiant_voie_ban_gauche":"92040_8jb1p8","identifiant_voie_ban_droite":"92040_8jb1p8","sens_amenagement_cyclable_gauche":null,"sens_amenagement_cyclable_droit":null,"amenagement_cyclable_gauche":null,"amenagement_cyclable_droit":null,"aire_de_retournement_dfci":null,"gabarit_dfci":null,"impasse_dfci":null,"nature_detaillee_dfci":null,"ouvrage_d_art_limitant_dfci":null,"pente_maximale_dfci":null,"piste_dfci":null,"piste_dfci_debroussaillee":null,"piste_dfci_fosses":null,"sens_de_circulation_dfci":null,"tout_terrain_dfci":null,"vitesse_moyenne_dfci":null,"zone_de_croisement_dfci":null,"categorie_dfci":null,"vitesse_collaborative":null,"id_ban_odonyme_droite":"96bedad2-02be-4d65-8790-3db35aaedbd5","id_ban_odonyme_gauche":"96bedad2-02be-4d65-8790-3db35aaedbd5"}},{"type":"Feature","id":"troncon_de_route.16020533","geometry":{"type":"LineString","coordinates":[[2.26699614,48.83428288,30.7],[2.26700623,48.83414624,30.5]]},"geometry_name":"geometrie","properties":{"cleabs":"TRONROUT0000000349432734","nature":"Route à 1 chaussée","nom_collaboratif_gauche":"PL DU MARECHAL DE ROCHAMBEAU","nom_collaboratif_droite":"PL DU MARECHAL DE ROCHAMBEAU","importance":"3","fictif":false,"position_par_rapport_au_sol":"0","etat_de_l_objet":"En service","date_creation":"2015-04-09T09:38:08.761Z","date_modification":"2024-02-03T17:24:40.188Z","date_d_apparition":null,"date_de_confirmation":null,"sources":null,"identifiants_sources":null,"methode_d_acquisition_planimetrique":"BDTopo","precision_planimetrique":2.5,"methode_d_acquisition_altimetrique":"BDTopo","precision_altimetrique":1.5,"nombre_de_voies":3,"largeur_de_chaussee":7,"itineraire_vert":false,"prive":false,"sens_de_circulation":"Sens inverse","reserve_aux_bus":null,"urbain":true,"vitesse_moyenne_vl":30,"acces_vehicule_leger":"Libre","acces_pieton":null,"periode_de_fermeture":null,"nature_de_la_restriction":null,"restriction_de_hauteur":null,"restriction_de_poids_total":null,"restriction_de_poids_par_essieu":null,"restriction_de_largeur":null,"restriction_de_longueur":null,"matieres_dangereuses_interdites":false,"borne_debut_gauche":null,"borne_debut_droite":null,"borne_fin_gauche":null,"borne_fin_droite":null,"insee_commune_gauche":"92040","insee_commune_droite":"92040","alias_gauche":null,"alias_droit":null,"date_de_mise_en_service":null,"liens_vers_route_nommee":"ROUTNOMM0000000000552076","liens_vers_itineraire_autre":null,"cpx_numero":"D69","cpx_numero_route_europeenne":null,"cpx_classement_administratif":"Départementale","cpx_gestionnaire":"Hauts-de-Seine","cpx_toponyme_route_nommee":null,"cpx_toponyme_itineraire_cyclable":null,"cpx_toponyme_voie_verte":null,"cpx_nature_itineraire_autre":null,"cpx_toponyme_itineraire_autre":null,"delestage":null,"source_voie_ban_gauche":"commune","source_voie_ban_droite":"commune","nom_voie_ban_gauche":"Place du Maréchal de Rochambeau","nom_voie_ban_droite":"Place du Maréchal de Rochambeau","lieux_dits_ban_gauche":"","lieux_dits_ban_droite":"","identifiant_voie_ban_gauche":"92040_8128","identifiant_voie_ban_droite":"92040_8128","sens_amenagement_cyclable_gauche":null,"sens_amenagement_cyclable_droit":null,"amenagement_cyclable_gauche":null,"amenagement_cyclable_droit":null,"aire_de_retournement_dfci":null,"gabarit_dfci":null,"impasse_dfci":null,"nature_detaillee_dfci":null,"ouvrage_d_art_limitant_dfci":null,"pente_maximale_dfci":null,"piste_dfci":null,"piste_dfci_debroussaillee":null,"piste_dfci_fosses":null,"sens_de_circulation_dfci":null,"tout_terrain_dfci":null,"vitesse_moyenne_dfci":null,"zone_de_croisement_dfci":null,"categorie_dfci":null,"vitesse_collaborative":null,"id_ban_odonyme_droite":"7cd01675-5d76-4e2b-b1ba-8a2beed87bd8","id_ban_odonyme_gauche":"7cd01675-5d76-4e2b-b1ba-8a2beed87bd8"}},{"type":"Feature","id":"troncon_de_route.16020534","geometry":{"type":"LineString","coordinates":[[2.26690212,48.83408984,31.2],[2.26700623,48.83414624,30.5]]},"geometry_name":"geometrie","properties":{"cleabs":"TRONROUT0000000349432735","nature":"Route à 1 chaussée","nom_collaboratif_gauche":null,"nom_collaboratif_droite":null,"importance":"5","fictif":false,"position_par_rapport_au_sol":"0","etat_de_l_objet":"En service","date_creation":"2015-04-09T09:38:08.761Z","date_modification":"2023-09-21T08:16:01.974Z","date_d_apparition":null,"date_de_confirmation":null,"sources":null,"identifiants_sources":null,"methode_d_acquisition_planimetrique":"Image satellite","precision_planimetrique":10,"methode_d_acquisition_altimetrique":"Z corrigé","precision_altimetrique":2.5,"nombre_de_voies":2,"largeur_de_chaussee":5,"itineraire_vert":false,"prive":false,"sens_de_circulation":"Sens direct","reserve_aux_bus":null,"urbain":true,"vitesse_moyenne_vl":5,"acces_vehicule_leger":"Libre","acces_pieton":null,"periode_de_fermeture":null,"nature_de_la_restriction":null,"restriction_de_hauteur":null,"restriction_de_poids_total":null,"restriction_de_poids_par_essieu":null,"restriction_de_largeur":null,"restriction_de_longueur":null,"matieres_dangereuses_interdites":false,"borne_debut_gauche":null,"borne_debut_droite":null,"borne_fin_gauche":null,"borne_fin_droite":null,"insee_commune_gauche":"92040","insee_commune_droite":"92040","alias_gauche":null,"alias_droit":null,"date_de_mise_en_service":null,"liens_vers_route_nommee":null,"liens_vers_itineraire_autre":null,"cpx_numero":null,"cpx_numero_route_europeenne":null,"cpx_classement_administratif":null,"cpx_gestionnaire":null,"cpx_toponyme_route_nommee":null,"cpx_toponyme_itineraire_cyclable":null,"cpx_toponyme_voie_verte":null,"cpx_nature_itineraire_autre":null,"cpx_toponyme_itineraire_autre":null,"delestage":null,"source_voie_ban_gauche":null,"source_voie_ban_droite":null,"nom_voie_ban_gauche":null,"nom_voie_ban_droite":null,"lieux_dits_ban_gauche":null,"lieux_dits_ban_droite":null,"identifiant_voie_ban_gauche":null,"identifiant_voie_ban_droite":null,"sens_amenagement_cyclable_gauche":null,"sens_amenagement_cyclable_droit":null,"amenagement_cyclable_gauche":null,"amenagement_cyclable_droit":null,"aire_de_retournement_dfci":null,"gabarit_dfci":null,"impasse_dfci":null,"nature_detaillee_dfci":null,"ouvrage_d_art_limitant_dfci":null,"pente_maximale_dfci":null,"piste_dfci":null,"piste_dfci_debroussaillee":null,"piste_dfci_fosses":null,"sens_de_circulation_dfci":null,"tout_terrain_dfci":null,"vitesse_moyenne_dfci":null,"zone_de_croisement_dfci":null,"categorie_dfci":null,"vitesse_collaborative":null,"id_ban_odonyme_droite":null,"id_ban_odonyme_gauche":null}},{"type":"Feature","id":"troncon_de_route.16020535","geometry":{"type":"LineString","coordinates":[[2.26690212,48.83408984,31.2],[2.2668358,48.83405886,31]]},"geometry_name":"geometrie","properties":{"cleabs":"TRONROUT0000000349432736","nature":"Route à 1 chaussée","nom_collaboratif_gauche":null,"nom_collaboratif_droite":null,"importance":"5","fictif":false,"position_par_rapport_au_sol":"0","etat_de_l_objet":"En service","date_creation":"2015-04-09T09:38:08.761Z","date_modification":"2023-09-21T08:16:01.974Z","date_d_apparition":null,"date_de_confirmation":null,"sources":null,"identifiants_sources":null,"methode_d_acquisition_planimetrique":"Photogrammétrie","precision_planimetrique":2.5,"methode_d_acquisition_altimetrique":"Photogrammétrie","precision_altimetrique":1.5,"nombre_de_voies":2,"largeur_de_chaussee":4,"itineraire_vert":false,"prive":false,"sens_de_circulation":"Double sens","reserve_aux_bus":null,"urbain":true,"vitesse_moyenne_vl":0,"acces_vehicule_leger":"Restreint aux ayants droit","acces_pieton":null,"periode_de_fermeture":null,"nature_de_la_restriction":null,"restriction_de_hauteur":null,"restriction_de_poids_total":null,"restriction_de_poids_par_essieu":null,"restriction_de_largeur":null,"restriction_de_longueur":null,"matieres_dangereuses_interdites":false,"borne_debut_gauche":null,"borne_debut_droite":null,"borne_fin_gauche":null,"borne_fin_droite":null,"insee_commune_gauche":"92040","insee_commune_droite":"92040","alias_gauche":null,"alias_droit":null,"date_de_mise_en_service":null,"liens_vers_route_nommee":null,"liens_vers_itineraire_autre":null,"cpx_numero":null,"cpx_numero_route_europeenne":null,"cpx_classement_administratif":null,"cpx_gestionnaire":null,"cpx_toponyme_route_nommee":null,"cpx_toponyme_itineraire_cyclable":null,"cpx_toponyme_voie_verte":null,"cpx_nature_itineraire_autre":null,"cpx_toponyme_itineraire_autre":null,"delestage":null,"source_voie_ban_gauche":null,"source_voie_ban_droite":null,"nom_voie_ban_gauche":null,"nom_voie_ban_droite":null,"lieux_dits_ban_gauche":null,"lieux_dits_ban_droite":null,"identifiant_voie_ban_gauche":null,"identifiant_voie_ban_droite":null,"sens_amenagement_cyclable_gauche":null,"sens_amenagement_cyclable_droit":null,"amenagement_cyclable_gauche":null,"amenagement_cyclable_droit":null,"aire_de_retournement_dfci":null,"gabarit_dfci":null,"impasse_dfci":null,"nature_detaillee_dfci":null,"ouvrage_d_art_limitant_dfci":null,"pente_maximale_dfci":null,"piste_dfci":null,"piste_dfci_debroussaillee":null,"piste_dfci_fosses":null,"sens_de_circulation_dfci":null,"tout_terrain_dfci":null,"vitesse_moyenne_dfci":null,"zone_de_croisement_dfci":null,"categorie_dfci":null,"vitesse_collaborative":null,"id_ban_odonyme_droite":null,"id_ban_odonyme_gauche":null}},{"type":"Feature","id":"troncon_de_route.16020536","geometry":{"type":"LineString","coordinates":[[2.26523041,48.83429004,31.7],[2.26529663,48.83432822,31.6],[2.26537107,48.83436285,31.6],[2.26543621,48.83438124,31.5],[2.26554488,48.83440349,31.4],[2.26582753,48.83445469,31.3],[2.26587917,48.834464,31.2],[2.26591998,48.83446875,31.1],[2.26596894,48.83447445,31],[2.26611195,48.83447712,31],[2.26614741,48.83447464,31],[2.26617747,48.83446853,31],[2.26625402,48.83445012,31],[2.26629364,48.83444226,31],[2.26633183,48.8344389,31],[2.26657424,48.83444578,31],[2.26660289,48.83444236,31],[2.26663433,48.83443536,31],[2.26666449,48.83442205,31],[2.2666906,48.83440603,31],[2.26671268,48.83438547,31],[2.26672386,48.83436576,31],[2.2668358,48.83405886,31]]},"geometry_name":"geometrie","properties":{"cleabs":"TRONROUT0000000349432737","nature":"Route à 1 chaussée","nom_collaboratif_gauche":null,"nom_collaboratif_droite":null,"importance":"6","fictif":false,"position_par_rapport_au_sol":"0","etat_de_l_objet":"En service","date_creation":"2015-04-09T09:38:08.761Z","date_modification":"2025-03-21T07:23:14.909Z","date_d_apparition":null,"date_de_confirmation":null,"sources":null,"identifiants_sources":null,"methode_d_acquisition_planimetrique":"Image satellite","precision_planimetrique":10,"methode_d_acquisition_altimetrique":"Z corrigé","precision_altimetrique":2.5,"nombre_de_voies":null,"largeur_de_chaussee":null,"itineraire_vert":false,"prive":false,"sens_de_circulation":"Double sens","reserve_aux_bus":null,"urbain":true,"vitesse_moyenne_vl":0,"acces_vehicule_leger":"Physiquement impossible","acces_pieton":null,"periode_de_fermeture":null,"nature_de_la_restriction":"Piste cyclable","restriction_de_hauteur":null,"restriction_de_poids_total":null,"restriction_de_poids_par_essieu":null,"restriction_de_largeur":null,"restriction_de_longueur":null,"matieres_dangereuses_interdites":false,"borne_debut_gauche":null,"borne_debut_droite":null,"borne_fin_gauche":null,"borne_fin_droite":null,"insee_commune_gauche":null,"insee_commune_droite":null,"alias_gauche":null,"alias_droit":null,"date_de_mise_en_service":null,"liens_vers_route_nommee":null,"liens_vers_itineraire_autre":null,"cpx_numero":null,"cpx_numero_route_europeenne":null,"cpx_classement_administratif":null,"cpx_gestionnaire":null,"cpx_toponyme_route_nommee":null,"cpx_toponyme_itineraire_cyclable":null,"cpx_toponyme_voie_verte":null,"cpx_nature_itineraire_autre":null,"cpx_toponyme_itineraire_autre":null,"delestage":null,"source_voie_ban_gauche":null,"source_voie_ban_droite":null,"nom_voie_ban_gauche":null,"nom_voie_ban_droite":null,"lieux_dits_ban_gauche":null,"lieux_dits_ban_droite":null,"identifiant_voie_ban_gauche":null,"identifiant_voie_ban_droite":null,"sens_amenagement_cyclable_gauche":null,"sens_amenagement_cyclable_droit":null,"amenagement_cyclable_gauche":null,"amenagement_cyclable_droit":null,"aire_de_retournement_dfci":null,"gabarit_dfci":null,"impasse_dfci":null,"nature_detaillee_dfci":null,"ouvrage_d_art_limitant_dfci":null,"pente_maximale_dfci":null,"piste_dfci":null,"piste_dfci_debroussaillee":null,"piste_dfci_fosses":null,"sens_de_circulation_dfci":null,"tout_terrain_dfci":null,"vitesse_moyenne_dfci":null,"zone_de_croisement_dfci":null,"categorie_dfci":null,"vitesse_collaborative":null,"id_ban_odonyme_droite":null,"id_ban_odonyme_gauche":null}},{"type":"Feature","id":"troncon_de_route.16020538","geometry":{"type":"LineString","coordinates":[[2.26705088,48.8335871,30.9],[2.26715823,48.83360665,30.8]]},"geometry_name":"geometrie","properties":{"cleabs":"TRONROUT0000000349432739","nature":"Route à 1 chaussée","nom_collaboratif_gauche":"R BARA","nom_collaboratif_droite":"R BARA","importance":"5","fictif":false,"position_par_rapport_au_sol":"0","etat_de_l_objet":"En service","date_creation":"2015-04-09T09:38:08.761Z","date_modification":"2023-09-24T08:24:57.760Z","date_d_apparition":null,"date_de_confirmation":null,"sources":null,"identifiants_sources":null,"methode_d_acquisition_planimetrique":"BDTopo","precision_planimetrique":2.5,"methode_d_acquisition_altimetrique":"BDTopo","precision_altimetrique":1.5,"nombre_de_voies":2,"largeur_de_chaussee":4,"itineraire_vert":false,"prive":false,"sens_de_circulation":"Double sens","reserve_aux_bus":null,"urbain":true,"vitesse_moyenne_vl":5,"acces_vehicule_leger":"Libre","acces_pieton":null,"periode_de_fermeture":null,"nature_de_la_restriction":null,"restriction_de_hauteur":null,"restriction_de_poids_total":null,"restriction_de_poids_par_essieu":null,"restriction_de_largeur":null,"restriction_de_longueur":null,"matieres_dangereuses_interdites":false,"borne_debut_gauche":null,"borne_debut_droite":null,"borne_fin_gauche":null,"borne_fin_droite":null,"insee_commune_gauche":"92040","insee_commune_droite":"92040","alias_gauche":null,"alias_droit":null,"date_de_mise_en_service":null,"liens_vers_route_nommee":null,"liens_vers_itineraire_autre":null,"cpx_numero":null,"cpx_numero_route_europeenne":null,"cpx_classement_administratif":null,"cpx_gestionnaire":null,"cpx_toponyme_route_nommee":null,"cpx_toponyme_itineraire_cyclable":null,"cpx_toponyme_voie_verte":null,"cpx_nature_itineraire_autre":null,"cpx_toponyme_itineraire_autre":null,"delestage":null,"source_voie_ban_gauche":"commune","source_voie_ban_droite":"commune","nom_voie_ban_gauche":"Rue Bara","nom_voie_ban_droite":"Rue Bara","lieux_dits_ban_gauche":"","lieux_dits_ban_droite":"","identifiant_voie_ban_gauche":"92040_0610","identifiant_voie_ban_droite":"92040_0610","sens_amenagement_cyclable_gauche":null,"sens_amenagement_cyclable_droit":null,"amenagement_cyclable_gauche":null,"amenagement_cyclable_droit":null,"aire_de_retournement_dfci":null,"gabarit_dfci":null,"impasse_dfci":null,"nature_detaillee_dfci":null,"ouvrage_d_art_limitant_dfci":null,"pente_maximale_dfci":null,"piste_dfci":null,"piste_dfci_debroussaillee":null,"piste_dfci_fosses":null,"sens_de_circulation_dfci":null,"tout_terrain_dfci":null,"vitesse_moyenne_dfci":null,"zone_de_croisement_dfci":null,"categorie_dfci":null,"vitesse_collaborative":null,"id_ban_odonyme_droite":"c4ae2620-dfbc-4d52-9722-89fec5783c65","id_ban_odonyme_gauche":"c4ae2620-dfbc-4d52-9722-89fec5783c65"}},{"type":"Feature","id":"troncon_de_route.16020540","geometry":{"type":"LineString","coordinates":[[2.26715823,48.83360665,30.8],[2.26722905,48.83283272,30.6],[2.26728799,48.83212886,30.5],[2.26726535,48.83209185,30.5],[2.26728029,48.83190127,30.4],[2.26730361,48.83188972,30.3],[2.26734194,48.83187647,30.3],[2.26740092,48.83184805,30.3],[2.26744057,48.8318375,30.3],[2.26747337,48.8318305,30.3],[2.2675022,48.83181449,30.3],[2.26753939,48.83178504,30.3]]},"geometry_name":"geometrie","properties":{"cleabs":"TRONROUT0000000349432741","nature":"Route à 1 chaussée","nom_collaboratif_gauche":null,"nom_collaboratif_droite":null,"importance":"6","fictif":false,"position_par_rapport_au_sol":"0","etat_de_l_objet":"En service","date_creation":"2015-04-09T09:38:08.761Z","date_modification":"2025-03-21T07:23:14.909Z","date_d_apparition":null,"date_de_confirmation":null,"sources":null,"identifiants_sources":null,"methode_d_acquisition_planimetrique":"Image satellite","precision_planimetrique":10,"methode_d_acquisition_altimetrique":"Z corrigé","precision_altimetrique":2.5,"nombre_de_voies":null,"largeur_de_chaussee":null,"itineraire_vert":false,"prive":false,"sens_de_circulation":"Double sens","reserve_aux_bus":null,"urbain":true,"vitesse_moyenne_vl":0,"acces_vehicule_leger":"Physiquement impossible","acces_pieton":null,"periode_de_fermeture":null,"nature_de_la_restriction":"Piste cyclable","restriction_de_hauteur":null,"restriction_de_poids_total":null,"restriction_de_poids_par_essieu":null,"restriction_de_largeur":null,"restriction_de_longueur":null,"matieres_dangereuses_interdites":false,"borne_debut_gauche":null,"borne_debut_droite":null,"borne_fin_gauche":null,"borne_fin_droite":null,"insee_commune_gauche":"92040","insee_commune_droite":"92040","alias_gauche":null,"alias_droit":null,"date_de_mise_en_service":null,"liens_vers_route_nommee":null,"liens_vers_itineraire_autre":null,"cpx_numero":null,"cpx_numero_route_europeenne":null,"cpx_classement_administratif":null,"cpx_gestionnaire":null,"cpx_toponyme_route_nommee":null,"cpx_toponyme_itineraire_cyclable":null,"cpx_toponyme_voie_verte":null,"cpx_nature_itineraire_autre":null,"cpx_toponyme_itineraire_autre":null,"delestage":null,"source_voie_ban_gauche":null,"source_voie_ban_droite":null,"nom_voie_ban_gauche":null,"nom_voie_ban_droite":null,"lieux_dits_ban_gauche":null,"lieux_dits_ban_droite":null,"identifiant_voie_ban_gauche":null,"identifiant_voie_ban_droite":null,"sens_amenagement_cyclable_gauche":null,"sens_amenagement_cyclable_droit":null,"amenagement_cyclable_gauche":null,"amenagement_cyclable_droit":null,"aire_de_retournement_dfci":null,"gabarit_dfci":null,"impasse_dfci":null,"nature_detaillee_dfci":null,"ouvrage_d_art_limitant_dfci":null,"pente_maximale_dfci":null,"piste_dfci":null,"piste_dfci_debroussaillee":null,"piste_dfci_fosses":null,"sens_de_circulation_dfci":null,"tout_terrain_dfci":null,"vitesse_moyenne_dfci":null,"zone_de_croisement_dfci":null,"categorie_dfci":null,"vitesse_collaborative":null,"id_ban_odonyme_droite":null,"id_ban_odonyme_gauche":null}},{"type":"Feature","id":"troncon_de_route.16035844","geometry":{"type":"LineString","coordinates":[[2.2600028,48.8323871,30.8],[2.26023094,48.83263045,30.6],[2.26039189,48.83280862,31.1],[2.26062958,48.83305112,30.9]]},"geometry_name":"geometrie","properties":{"cleabs":"TRONROUT0000000349700398","nature":"Route à 2 chaussées","nom_collaboratif_gauche":"QU POINT DU JOUR","nom_collaboratif_droite":"QU POINT DU JOUR","importance":"2","fictif":false,"position_par_rapport_au_sol":"0","etat_de_l_objet":"En service","date_creation":"2015-04-24T14:22:05.634Z","date_modification":"2023-09-24T08:24:57.760Z","date_d_apparition":null,"date_de_confirmation":null,"sources":null,"identifiants_sources":null,"methode_d_acquisition_planimetrique":"BDTopo","precision_planimetrique":2.5,"methode_d_acquisition_altimetrique":"BDTopo","precision_altimetrique":1.5,"nombre_de_voies":1,"largeur_de_chaussee":3,"itineraire_vert":true,"prive":false,"sens_de_circulation":"Sens direct","reserve_aux_bus":null,"urbain":true,"vitesse_moyenne_vl":30,"acces_vehicule_leger":"Libre","acces_pieton":null,"periode_de_fermeture":null,"nature_de_la_restriction":null,"restriction_de_hauteur":null,"restriction_de_poids_total":null,"restriction_de_poids_par_essieu":null,"restriction_de_largeur":null,"restriction_de_longueur":null,"matieres_dangereuses_interdites":false,"borne_debut_gauche":null,"borne_debut_droite":null,"borne_fin_gauche":null,"borne_fin_droite":null,"insee_commune_gauche":"92012","insee_commune_droite":"92012","alias_gauche":null,"alias_droit":null,"date_de_mise_en_service":null,"liens_vers_route_nommee":"ROUTNOMM0000000000552073","liens_vers_itineraire_autre":null,"cpx_numero":"D1","cpx_numero_route_europeenne":null,"cpx_classement_administratif":"Départementale","cpx_gestionnaire":"Hauts-de-Seine","cpx_toponyme_route_nommee":null,"cpx_toponyme_itineraire_cyclable":null,"cpx_toponyme_voie_verte":null,"cpx_nature_itineraire_autre":null,"cpx_toponyme_itineraire_autre":null,"delestage":null,"source_voie_ban_gauche":"commune","source_voie_ban_droite":"commune","nom_voie_ban_gauche":"Quai du Point du Jour","nom_voie_ban_droite":"Quai du Point du Jour","lieux_dits_ban_gauche":"","lieux_dits_ban_droite":"","identifiant_voie_ban_gauche":"92012_7231","identifiant_voie_ban_droite":"92012_7231","sens_amenagement_cyclable_gauche":null,"sens_amenagement_cyclable_droit":"Sens direct","amenagement_cyclable_gauche":null,"amenagement_cyclable_droit":"Bande cyclable","aire_de_retournement_dfci":null,"gabarit_dfci":null,"impasse_dfci":null,"nature_detaillee_dfci":null,"ouvrage_d_art_limitant_dfci":null,"pente_maximale_dfci":null,"piste_dfci":null,"piste_dfci_debroussaillee":null,"piste_dfci_fosses":null,"sens_de_circulation_dfci":null,"tout_terrain_dfci":null,"vitesse_moyenne_dfci":null,"zone_de_croisement_dfci":null,"categorie_dfci":null,"vitesse_collaborative":null,"id_ban_odonyme_droite":"f69b6cd8-c8f5-4316-b2ac-7d6bf4998eec","id_ban_odonyme_gauche":"f69b6cd8-c8f5-4316-b2ac-7d6bf4998eec"}},{"type":"Feature","id":"troncon_de_route.16035845","geometry":{"type":"LineString","coordinates":[[2.26119045,48.83404121,31.3],[2.26107152,48.83407015,31.4],[2.26095685,48.83408653,31.5],[2.26078099,48.83409444,31.6]]},"geometry_name":"geometrie","properties":{"cleabs":"TRONROUT0000000349700399","nature":"Route à 1 chaussée","nom_collaboratif_gauche":"AV LE JOUR SE LEVE","nom_collaboratif_droite":"AV LE JOUR SE LEVE","importance":"4","fictif":false,"position_par_rapport_au_sol":"0","etat_de_l_objet":"En service","date_creation":"2015-04-24T14:22:05.634Z","date_modification":"2023-09-24T08:24:57.760Z","date_d_apparition":null,"date_de_confirmation":null,"sources":null,"identifiants_sources":null,"methode_d_acquisition_planimetrique":"BDTopo","precision_planimetrique":2.5,"methode_d_acquisition_altimetrique":"BDTopo","precision_altimetrique":1.5,"nombre_de_voies":1,"largeur_de_chaussee":3,"itineraire_vert":false,"prive":false,"sens_de_circulation":"Sens direct","reserve_aux_bus":null,"urbain":true,"vitesse_moyenne_vl":25,"acces_vehicule_leger":"Libre","acces_pieton":null,"periode_de_fermeture":null,"nature_de_la_restriction":null,"restriction_de_hauteur":null,"restriction_de_poids_total":null,"restriction_de_poids_par_essieu":null,"restriction_de_largeur":null,"restriction_de_longueur":null,"matieres_dangereuses_interdites":false,"borne_debut_gauche":null,"borne_debut_droite":null,"borne_fin_gauche":null,"borne_fin_droite":null,"insee_commune_gauche":"92012","insee_commune_droite":"92012","alias_gauche":null,"alias_droit":null,"date_de_mise_en_service":null,"liens_vers_route_nommee":null,"liens_vers_itineraire_autre":null,"cpx_numero":null,"cpx_numero_route_europeenne":null,"cpx_classement_administratif":null,"cpx_gestionnaire":null,"cpx_toponyme_route_nommee":null,"cpx_toponyme_itineraire_cyclable":null,"cpx_toponyme_voie_verte":null,"cpx_nature_itineraire_autre":null,"cpx_toponyme_itineraire_autre":null,"delestage":null,"source_voie_ban_gauche":"commune","source_voie_ban_droite":"commune","nom_voie_ban_gauche":"Avenue Le Jour se Lève","nom_voie_ban_droite":"Avenue Le Jour se Lève","lieux_dits_ban_gauche":"","lieux_dits_ban_droite":"","identifiant_voie_ban_gauche":"92012_4770","identifiant_voie_ban_droite":"92012_4770","sens_amenagement_cyclable_gauche":null,"sens_amenagement_cyclable_droit":null,"amenagement_cyclable_gauche":null,"amenagement_cyclable_droit":null,"aire_de_retournement_dfci":null,"gabarit_dfci":null,"impasse_dfci":null,"nature_detaillee_dfci":null,"ouvrage_d_art_limitant_dfci":null,"pente_maximale_dfci":null,"piste_dfci":null,"piste_dfci_debroussaillee":null,"piste_dfci_fosses":null,"sens_de_circulation_dfci":null,"tout_terrain_dfci":null,"vitesse_moyenne_dfci":null,"zone_de_croisement_dfci":null,"categorie_dfci":null,"vitesse_collaborative":null,"id_ban_odonyme_droite":"1a829cad-3b55-4650-a51c-6872d98af18e","id_ban_odonyme_gauche":"1a829cad-3b55-4650-a51c-6872d98af18e"}},{"type":"Feature","id":"troncon_de_route.16035846","geometry":{"type":"LineString","coordinates":[[2.26104221,48.83392697,31.3],[2.2610211,48.83397451,31.3],[2.26100028,48.83400226,31.4],[2.26096854,48.83403084,31.5],[2.26093285,48.83404951,31.5],[2.26088628,48.83406721,31.5],[2.26078099,48.83409444,31.6]]},"geometry_name":"geometrie","properties":{"cleabs":"TRONROUT0000000349700400","nature":"Route à 1 chaussée","nom_collaboratif_gauche":"AV LE JOUR SE LEVE","nom_collaboratif_droite":"AV LE JOUR SE LEVE","importance":"4","fictif":false,"position_par_rapport_au_sol":"0","etat_de_l_objet":"En service","date_creation":"2015-04-24T14:22:05.634Z","date_modification":"2026-02-15T20:01:18.330Z","date_d_apparition":null,"date_de_confirmation":null,"sources":null,"identifiants_sources":null,"methode_d_acquisition_planimetrique":"BDTopo","precision_planimetrique":2.5,"methode_d_acquisition_altimetrique":"BDTopo","precision_altimetrique":1.5,"nombre_de_voies":2,"largeur_de_chaussee":5.5,"itineraire_vert":false,"prive":false,"sens_de_circulation":"Sens inverse","reserve_aux_bus":null,"urbain":true,"vitesse_moyenne_vl":20,"acces_vehicule_leger":"Libre","acces_pieton":null,"periode_de_fermeture":null,"nature_de_la_restriction":null,"restriction_de_hauteur":null,"restriction_de_poids_total":null,"restriction_de_poids_par_essieu":null,"restriction_de_largeur":null,"restriction_de_longueur":null,"matieres_dangereuses_interdites":false,"borne_debut_gauche":null,"borne_debut_droite":null,"borne_fin_gauche":null,"borne_fin_droite":null,"insee_commune_gauche":"92012","insee_commune_droite":"92012","alias_gauche":null,"alias_droit":null,"date_de_mise_en_service":null,"liens_vers_route_nommee":null,"liens_vers_itineraire_autre":null,"cpx_numero":null,"cpx_numero_route_europeenne":null,"cpx_classement_administratif":null,"cpx_gestionnaire":null,"cpx_toponyme_route_nommee":null,"cpx_toponyme_itineraire_cyclable":null,"cpx_toponyme_voie_verte":null,"cpx_nature_itineraire_autre":null,"cpx_toponyme_itineraire_autre":null,"delestage":null,"source_voie_ban_gauche":"commune","source_voie_ban_droite":"commune","nom_voie_ban_gauche":"Avenue Le Jour se Lève","nom_voie_ban_droite":"Avenue Le Jour se Lève","lieux_dits_ban_gauche":null,"lieux_dits_ban_droite":null,"identifiant_voie_ban_gauche":"92012_4770","identifiant_voie_ban_droite":"92012_4770","sens_amenagement_cyclable_gauche":null,"sens_amenagement_cyclable_droit":null,"amenagement_cyclable_gauche":null,"amenagement_cyclable_droit":null,"aire_de_retournement_dfci":null,"gabarit_dfci":null,"impasse_dfci":null,"nature_detaillee_dfci":null,"ouvrage_d_art_limitant_dfci":null,"pente_maximale_dfci":null,"piste_dfci":null,"piste_dfci_debroussaillee":null,"piste_dfci_fosses":null,"sens_de_circulation_dfci":null,"tout_terrain_dfci":null,"vitesse_moyenne_dfci":null,"zone_de_croisement_dfci":null,"categorie_dfci":null,"vitesse_collaborative":null,"id_ban_odonyme_droite":"1a829cad-3b55-4650-a51c-6872d98af18e","id_ban_odonyme_gauche":"1a829cad-3b55-4650-a51c-6872d98af18e"}},{"type":"Feature","id":"troncon_de_route.16497409","geometry":{"type":"LineString","coordinates":[[2.26517452,48.83438953,31.8],[2.26523041,48.83429004,31.7]]},"geometry_name":"geometrie","properties":{"cleabs":"TRONROUT0000000357502556","nature":"Route à 1 chaussée","nom_collaboratif_gauche":null,"nom_collaboratif_droite":null,"importance":"6","fictif":false,"position_par_rapport_au_sol":"0","etat_de_l_objet":"En service","date_creation":"2016-05-25T10:08:51.282Z","date_modification":"2025-03-21T07:23:14.909Z","date_d_apparition":null,"date_de_confirmation":null,"sources":null,"identifiants_sources":null,"methode_d_acquisition_planimetrique":"Image satellite","precision_planimetrique":10,"methode_d_acquisition_altimetrique":"Z corrigé","precision_altimetrique":2.5,"nombre_de_voies":null,"largeur_de_chaussee":null,"itineraire_vert":false,"prive":false,"sens_de_circulation":"Double sens","reserve_aux_bus":null,"urbain":true,"vitesse_moyenne_vl":0,"acces_vehicule_leger":"Physiquement impossible","acces_pieton":null,"periode_de_fermeture":null,"nature_de_la_restriction":"Piste cyclable","restriction_de_hauteur":null,"restriction_de_poids_total":null,"restriction_de_poids_par_essieu":null,"restriction_de_largeur":null,"restriction_de_longueur":null,"matieres_dangereuses_interdites":false,"borne_debut_gauche":null,"borne_debut_droite":null,"borne_fin_gauche":null,"borne_fin_droite":null,"insee_commune_gauche":"75115","insee_commune_droite":"75115","alias_gauche":null,"alias_droit":null,"date_de_mise_en_service":null,"liens_vers_route_nommee":null,"liens_vers_itineraire_autre":null,"cpx_numero":null,"cpx_numero_route_europeenne":null,"cpx_classement_administratif":null,"cpx_gestionnaire":null,"cpx_toponyme_route_nommee":null,"cpx_toponyme_itineraire_cyclable":null,"cpx_toponyme_voie_verte":null,"cpx_nature_itineraire_autre":null,"cpx_toponyme_itineraire_autre":null,"delestage":null,"source_voie_ban_gauche":null,"source_voie_ban_droite":null,"nom_voie_ban_gauche":null,"nom_voie_ban_droite":null,"lieux_dits_ban_gauche":null,"lieux_dits_ban_droite":null,"identifiant_voie_ban_gauche":null,"identifiant_voie_ban_droite":null,"sens_amenagement_cyclable_gauche":null,"sens_amenagement_cyclable_droit":null,"amenagement_cyclable_gauche":null,"amenagement_cyclable_droit":null,"aire_de_retournement_dfci":null,"gabarit_dfci":null,"impasse_dfci":null,"nature_detaillee_dfci":null,"ouvrage_d_art_limitant_dfci":null,"pente_maximale_dfci":null,"piste_dfci":null,"piste_dfci_debroussaillee":null,"piste_dfci_fosses":null,"sens_de_circulation_dfci":null,"tout_terrain_dfci":null,"vitesse_moyenne_dfci":null,"zone_de_croisement_dfci":null,"categorie_dfci":null,"vitesse_collaborative":null,"id_ban_odonyme_droite":null,"id_ban_odonyme_gauche":null}},{"type":"Feature","id":"troncon_de_route.16505965","geometry":{"type":"LineString","coordinates":[[2.26196096,48.83466024,31.1],[2.2618918,48.83463733,31],[2.26181227,48.83457748,31],[2.26171263,48.83449412,30.9]]},"geometry_name":"geometrie","properties":{"cleabs":"TRONROUT0000000357552947","nature":"Route à 2 chaussées","nom_collaboratif_gauche":"QU SAINT-EXUPERY","nom_collaboratif_droite":"QU SAINT-EXUPERY","importance":"2","fictif":false,"position_par_rapport_au_sol":"0","etat_de_l_objet":"En service","date_creation":"2016-05-30T12:39:02.947Z","date_modification":"2025-02-18T08:23:36.803Z","date_d_apparition":null,"date_de_confirmation":null,"sources":null,"identifiants_sources":null,"methode_d_acquisition_planimetrique":"BDTopo","precision_planimetrique":2.5,"methode_d_acquisition_altimetrique":"BDTopo","precision_altimetrique":1.5,"nombre_de_voies":1,"largeur_de_chaussee":3,"itineraire_vert":true,"prive":false,"sens_de_circulation":"Sens direct","reserve_aux_bus":null,"urbain":true,"vitesse_moyenne_vl":30,"acces_vehicule_leger":"Libre","acces_pieton":null,"periode_de_fermeture":null,"nature_de_la_restriction":null,"restriction_de_hauteur":null,"restriction_de_poids_total":null,"restriction_de_poids_par_essieu":null,"restriction_de_largeur":null,"restriction_de_longueur":null,"matieres_dangereuses_interdites":false,"borne_debut_gauche":null,"borne_debut_droite":null,"borne_fin_gauche":null,"borne_fin_droite":null,"insee_commune_gauche":"75116","insee_commune_droite":"75116","alias_gauche":null,"alias_droit":null,"date_de_mise_en_service":null,"liens_vers_route_nommee":null,"liens_vers_itineraire_autre":null,"cpx_numero":null,"cpx_numero_route_europeenne":null,"cpx_classement_administratif":null,"cpx_gestionnaire":null,"cpx_toponyme_route_nommee":null,"cpx_toponyme_itineraire_cyclable":null,"cpx_toponyme_voie_verte":null,"cpx_nature_itineraire_autre":null,"cpx_toponyme_itineraire_autre":null,"delestage":null,"source_voie_ban_gauche":"commune","source_voie_ban_droite":"commune","nom_voie_ban_gauche":"Quai Saint-Exupéry","nom_voie_ban_droite":"Quai Saint-Exupéry","lieux_dits_ban_gauche":null,"lieux_dits_ban_droite":null,"identifiant_voie_ban_gauche":"75116_8600","identifiant_voie_ban_droite":"75116_8600","sens_amenagement_cyclable_gauche":null,"sens_amenagement_cyclable_droit":"Sens direct","amenagement_cyclable_gauche":null,"amenagement_cyclable_droit":"Bande cyclable","aire_de_retournement_dfci":null,"gabarit_dfci":null,"impasse_dfci":null,"nature_detaillee_dfci":null,"ouvrage_d_art_limitant_dfci":null,"pente_maximale_dfci":null,"piste_dfci":null,"piste_dfci_debroussaillee":null,"piste_dfci_fosses":null,"sens_de_circulation_dfci":null,"tout_terrain_dfci":null,"vitesse_moyenne_dfci":null,"zone_de_croisement_dfci":null,"categorie_dfci":null,"vitesse_collaborative":null,"id_ban_odonyme_droite":null,"id_ban_odonyme_gauche":null}},{"type":"Feature","id":"troncon_de_route.16505996","geometry":{"type":"LineString","coordinates":[[2.26196096,48.83466024,31.1],[2.26179171,48.83468258,31.3],[2.26136345,48.83471591,31.9]]},"geometry_name":"geometrie","properties":{"cleabs":"TRONROUT0000000357552946","nature":"Route à 1 chaussée","nom_collaboratif_gauche":"R HENRY DE LA VAULX","nom_collaboratif_droite":"R HENRY DE LA VAULX","importance":"2","fictif":false,"position_par_rapport_au_sol":"0","etat_de_l_objet":"En service","date_creation":"2016-05-30T12:39:02.947Z","date_modification":"2026-01-31T18:14:31.117Z","date_d_apparition":null,"date_de_confirmation":null,"sources":null,"identifiants_sources":null,"methode_d_acquisition_planimetrique":"BDTopo","precision_planimetrique":2.5,"methode_d_acquisition_altimetrique":"BDTopo","precision_altimetrique":1.5,"nombre_de_voies":3,"largeur_de_chaussee":9,"itineraire_vert":true,"prive":false,"sens_de_circulation":"Sens inverse","reserve_aux_bus":null,"urbain":true,"vitesse_moyenne_vl":35,"acces_vehicule_leger":"Libre","acces_pieton":null,"periode_de_fermeture":null,"nature_de_la_restriction":null,"restriction_de_hauteur":null,"restriction_de_poids_total":null,"restriction_de_poids_par_essieu":null,"restriction_de_largeur":null,"restriction_de_longueur":null,"matieres_dangereuses_interdites":false,"borne_debut_gauche":"1","borne_debut_droite":null,"borne_fin_gauche":"1","borne_fin_droite":null,"insee_commune_gauche":"75116","insee_commune_droite":"75116","alias_gauche":null,"alias_droit":null,"date_de_mise_en_service":null,"liens_vers_route_nommee":null,"liens_vers_itineraire_autre":null,"cpx_numero":null,"cpx_numero_route_europeenne":null,"cpx_classement_administratif":null,"cpx_gestionnaire":null,"cpx_toponyme_route_nommee":null,"cpx_toponyme_itineraire_cyclable":null,"cpx_toponyme_voie_verte":null,"cpx_nature_itineraire_autre":null,"cpx_toponyme_itineraire_autre":null,"delestage":null,"source_voie_ban_gauche":"commune","source_voie_ban_droite":"commune","nom_voie_ban_gauche":"Rue Henry de la Vaulx","nom_voie_ban_droite":"Rue Henry de la Vaulx","lieux_dits_ban_gauche":null,"lieux_dits_ban_droite":null,"identifiant_voie_ban_gauche":"75116_4607","identifiant_voie_ban_droite":"75116_4607","sens_amenagement_cyclable_gauche":null,"sens_amenagement_cyclable_droit":null,"amenagement_cyclable_gauche":null,"amenagement_cyclable_droit":null,"aire_de_retournement_dfci":null,"gabarit_dfci":null,"impasse_dfci":null,"nature_detaillee_dfci":null,"ouvrage_d_art_limitant_dfci":null,"pente_maximale_dfci":null,"piste_dfci":null,"piste_dfci_debroussaillee":null,"piste_dfci_fosses":null,"sens_de_circulation_dfci":null,"tout_terrain_dfci":null,"vitesse_moyenne_dfci":null,"zone_de_croisement_dfci":null,"categorie_dfci":null,"vitesse_collaborative":null,"id_ban_odonyme_droite":null,"id_ban_odonyme_gauche":null}},{"type":"Feature","id":"troncon_de_route.16678607","geometry":{"type":"LineString","coordinates":[[2.26864369,48.83240518,29.8],[2.26858427,48.83236794,29.8],[2.26753939,48.83178504,30.3]]},"geometry_name":"geometrie","properties":{"cleabs":"TRONROUT0000002000214308","nature":"Route à 1 chaussée","nom_collaboratif_gauche":"R CAMILLE DESMOULINS","nom_collaboratif_droite":"R CAMILLE DESMOULINS","importance":"5","fictif":false,"position_par_rapport_au_sol":"0","etat_de_l_objet":"En service","date_creation":"2016-10-21T09:02:02.548Z","date_modification":"2026-02-15T09:03:03.380Z","date_d_apparition":null,"date_de_confirmation":null,"sources":null,"identifiants_sources":null,"methode_d_acquisition_planimetrique":"BDTopo","precision_planimetrique":2.5,"methode_d_acquisition_altimetrique":"BDTopo","precision_altimetrique":1.5,"nombre_de_voies":3,"largeur_de_chaussee":9,"itineraire_vert":false,"prive":false,"sens_de_circulation":"Double sens","reserve_aux_bus":null,"urbain":true,"vitesse_moyenne_vl":20,"acces_vehicule_leger":"Libre","acces_pieton":null,"periode_de_fermeture":null,"nature_de_la_restriction":null,"restriction_de_hauteur":null,"restriction_de_poids_total":null,"restriction_de_poids_par_essieu":null,"restriction_de_largeur":null,"restriction_de_longueur":null,"matieres_dangereuses_interdites":false,"borne_debut_gauche":null,"borne_debut_droite":"16","borne_fin_gauche":null,"borne_fin_droite":"30","insee_commune_gauche":"92040","insee_commune_droite":"92040","alias_gauche":null,"alias_droit":null,"date_de_mise_en_service":null,"liens_vers_route_nommee":null,"liens_vers_itineraire_autre":null,"cpx_numero":null,"cpx_numero_route_europeenne":null,"cpx_classement_administratif":null,"cpx_gestionnaire":null,"cpx_toponyme_route_nommee":null,"cpx_toponyme_itineraire_cyclable":null,"cpx_toponyme_voie_verte":null,"cpx_nature_itineraire_autre":null,"cpx_toponyme_itineraire_autre":null,"delestage":null,"source_voie_ban_gauche":"commune","source_voie_ban_droite":"commune","nom_voie_ban_gauche":"Rue Camille Desmoulins","nom_voie_ban_droite":"Rue Camille Desmoulins","lieux_dits_ban_gauche":null,"lieux_dits_ban_droite":null,"identifiant_voie_ban_gauche":"92040_1410","identifiant_voie_ban_droite":"92040_1410","sens_amenagement_cyclable_gauche":null,"sens_amenagement_cyclable_droit":null,"amenagement_cyclable_gauche":null,"amenagement_cyclable_droit":null,"aire_de_retournement_dfci":null,"gabarit_dfci":null,"impasse_dfci":null,"nature_detaillee_dfci":null,"ouvrage_d_art_limitant_dfci":null,"pente_maximale_dfci":null,"piste_dfci":null,"piste_dfci_debroussaillee":null,"piste_dfci_fosses":null,"sens_de_circulation_dfci":null,"tout_terrain_dfci":null,"vitesse_moyenne_dfci":null,"zone_de_croisement_dfci":null,"categorie_dfci":null,"vitesse_collaborative":null,"id_ban_odonyme_droite":"6ffa9e03-bee3-4320-861b-39b7726f0283","id_ban_odonyme_gauche":"6ffa9e03-bee3-4320-861b-39b7726f0283"}},{"type":"Feature","id":"troncon_de_route.18453489","geometry":{"type":"LineString","coordinates":[[2.26775421,48.83656745,-1000],[2.26802352,48.83669681,-1000]]},"geometry_name":"geometrie","properties":{"cleabs":"TRONROUT0000002276050881","nature":"Route à 1 chaussée","nom_collaboratif_gauche":null,"nom_collaboratif_droite":null,"importance":"6","fictif":false,"position_par_rapport_au_sol":"0","etat_de_l_objet":"En service","date_creation":"2022-02-09T15:33:12.118Z","date_modification":"2025-03-21T07:23:14.909Z","date_d_apparition":null,"date_de_confirmation":null,"sources":null,"identifiants_sources":null,"methode_d_acquisition_planimetrique":"Orthophotographie","precision_planimetrique":3,"methode_d_acquisition_altimetrique":"Pas de Z","precision_altimetrique":9999,"nombre_de_voies":null,"largeur_de_chaussee":null,"itineraire_vert":false,"prive":false,"sens_de_circulation":"Double sens","reserve_aux_bus":null,"urbain":true,"vitesse_moyenne_vl":0,"acces_vehicule_leger":"Physiquement impossible","acces_pieton":"Libre","periode_de_fermeture":null,"nature_de_la_restriction":"Piste cyclable","restriction_de_hauteur":null,"restriction_de_poids_total":null,"restriction_de_poids_par_essieu":null,"restriction_de_largeur":null,"restriction_de_longueur":null,"matieres_dangereuses_interdites":null,"borne_debut_gauche":null,"borne_debut_droite":null,"borne_fin_gauche":null,"borne_fin_droite":null,"insee_commune_gauche":"75115","insee_commune_droite":"75115","alias_gauche":null,"alias_droit":null,"date_de_mise_en_service":null,"liens_vers_route_nommee":null,"liens_vers_itineraire_autre":null,"cpx_numero":null,"cpx_numero_route_europeenne":null,"cpx_classement_administratif":null,"cpx_gestionnaire":null,"cpx_toponyme_route_nommee":null,"cpx_toponyme_itineraire_cyclable":null,"cpx_toponyme_voie_verte":null,"cpx_nature_itineraire_autre":null,"cpx_toponyme_itineraire_autre":null,"delestage":null,"source_voie_ban_gauche":null,"source_voie_ban_droite":null,"nom_voie_ban_gauche":null,"nom_voie_ban_droite":null,"lieux_dits_ban_gauche":null,"lieux_dits_ban_droite":null,"identifiant_voie_ban_gauche":null,"identifiant_voie_ban_droite":null,"sens_amenagement_cyclable_gauche":null,"sens_amenagement_cyclable_droit":null,"amenagement_cyclable_gauche":null,"amenagement_cyclable_droit":null,"aire_de_retournement_dfci":null,"gabarit_dfci":null,"impasse_dfci":null,"nature_detaillee_dfci":null,"ouvrage_d_art_limitant_dfci":null,"pente_maximale_dfci":null,"piste_dfci":null,"piste_dfci_debroussaillee":null,"piste_dfci_fosses":null,"sens_de_circulation_dfci":null,"tout_terrain_dfci":null,"vitesse_moyenne_dfci":null,"zone_de_croisement_dfci":null,"categorie_dfci":null,"vitesse_collaborative":null,"id_ban_odonyme_droite":null,"id_ban_odonyme_gauche":null}},{"type":"Feature","id":"troncon_de_route.18453492","geometry":{"type":"LineString","coordinates":[[2.26791553,48.83652796,33.1],[2.26802352,48.83669681,33.2]]},"geometry_name":"geometrie","properties":{"cleabs":"TRONROUT0000002276050884","nature":"Route à 2 chaussées","nom_collaboratif_gauche":"QU D'ISSY-LES-MOULINEAUX","nom_collaboratif_droite":"QU D'ISSY-LES-MOULINEAUX","importance":"3","fictif":false,"position_par_rapport_au_sol":"0","etat_de_l_objet":"En service","date_creation":"2022-02-09T15:33:12.118Z","date_modification":"2024-12-14T03:37:38.607Z","date_d_apparition":null,"date_de_confirmation":null,"sources":null,"identifiants_sources":null,"methode_d_acquisition_planimetrique":"Photogrammétrie","precision_planimetrique":2.5,"methode_d_acquisition_altimetrique":"Photogrammétrie","precision_altimetrique":1.5,"nombre_de_voies":1,"largeur_de_chaussee":3,"itineraire_vert":false,"prive":false,"sens_de_circulation":"Sens direct","reserve_aux_bus":null,"urbain":true,"vitesse_moyenne_vl":15,"acces_vehicule_leger":"Libre","acces_pieton":null,"periode_de_fermeture":null,"nature_de_la_restriction":null,"restriction_de_hauteur":null,"restriction_de_poids_total":null,"restriction_de_poids_par_essieu":null,"restriction_de_largeur":null,"restriction_de_longueur":null,"matieres_dangereuses_interdites":false,"borne_debut_gauche":null,"borne_debut_droite":null,"borne_fin_gauche":null,"borne_fin_droite":null,"insee_commune_gauche":"75115","insee_commune_droite":"75115","alias_gauche":null,"alias_droit":null,"date_de_mise_en_service":null,"liens_vers_route_nommee":null,"liens_vers_itineraire_autre":null,"cpx_numero":null,"cpx_numero_route_europeenne":null,"cpx_classement_administratif":null,"cpx_gestionnaire":null,"cpx_toponyme_route_nommee":null,"cpx_toponyme_itineraire_cyclable":null,"cpx_toponyme_voie_verte":null,"cpx_nature_itineraire_autre":null,"cpx_toponyme_itineraire_autre":null,"delestage":null,"source_voie_ban_gauche":"commune","source_voie_ban_droite":"commune","nom_voie_ban_gauche":"Quai d'Issy-Les-Moulineaux","nom_voie_ban_droite":"Quai d'Issy-Les-Moulineaux","lieux_dits_ban_gauche":null,"lieux_dits_ban_droite":null,"identifiant_voie_ban_gauche":"75115_4750","identifiant_voie_ban_droite":"75115_4750","sens_amenagement_cyclable_gauche":null,"sens_amenagement_cyclable_droit":null,"amenagement_cyclable_gauche":null,"amenagement_cyclable_droit":null,"aire_de_retournement_dfci":null,"gabarit_dfci":null,"impasse_dfci":null,"nature_detaillee_dfci":null,"ouvrage_d_art_limitant_dfci":null,"pente_maximale_dfci":null,"piste_dfci":null,"piste_dfci_debroussaillee":null,"piste_dfci_fosses":null,"sens_de_circulation_dfci":null,"tout_terrain_dfci":null,"vitesse_moyenne_dfci":null,"zone_de_croisement_dfci":null,"categorie_dfci":null,"vitesse_collaborative":null,"id_ban_odonyme_droite":null,"id_ban_odonyme_gauche":null}},{"type":"Feature","id":"troncon_de_route.18453501","geometry":{"type":"LineString","coordinates":[[2.26568046,48.83464356,32],[2.26609663,48.83498518,31.8]]},"geometry_name":"geometrie","properties":{"cleabs":"TRONROUT0000002276050896","nature":"Route à 2 chaussées","nom_collaboratif_gauche":"QU D'ISSY-LES-MOULINEAUX","nom_collaboratif_droite":"QU D'ISSY-LES-MOULINEAUX","importance":"2","fictif":false,"position_par_rapport_au_sol":"0","etat_de_l_objet":"En service","date_creation":"2022-02-09T15:38:21.489Z","date_modification":"2025-02-06T14:30:46.566Z","date_d_apparition":null,"date_de_confirmation":"2008-07-01Z","sources":null,"identifiants_sources":null,"methode_d_acquisition_planimetrique":"Photogrammétrie","precision_planimetrique":2.5,"methode_d_acquisition_altimetrique":"Photogrammétrie","precision_altimetrique":1.5,"nombre_de_voies":3,"largeur_de_chaussee":10.5,"itineraire_vert":false,"prive":false,"sens_de_circulation":"Sens direct","reserve_aux_bus":null,"urbain":true,"vitesse_moyenne_vl":45,"acces_vehicule_leger":"Libre","acces_pieton":null,"periode_de_fermeture":null,"nature_de_la_restriction":null,"restriction_de_hauteur":null,"restriction_de_poids_total":null,"restriction_de_poids_par_essieu":null,"restriction_de_largeur":null,"restriction_de_longueur":null,"matieres_dangereuses_interdites":false,"borne_debut_gauche":null,"borne_debut_droite":null,"borne_fin_gauche":null,"borne_fin_droite":null,"insee_commune_gauche":"75115","insee_commune_droite":"75115","alias_gauche":null,"alias_droit":null,"date_de_mise_en_service":null,"liens_vers_route_nommee":null,"liens_vers_itineraire_autre":null,"cpx_numero":null,"cpx_numero_route_europeenne":null,"cpx_classement_administratif":null,"cpx_gestionnaire":null,"cpx_toponyme_route_nommee":null,"cpx_toponyme_itineraire_cyclable":null,"cpx_toponyme_voie_verte":null,"cpx_nature_itineraire_autre":null,"cpx_toponyme_itineraire_autre":null,"delestage":null,"source_voie_ban_gauche":"commune","source_voie_ban_droite":"commune","nom_voie_ban_gauche":"Quai d'Issy-Les-Moulineaux","nom_voie_ban_droite":"Quai d'Issy-Les-Moulineaux","lieux_dits_ban_gauche":null,"lieux_dits_ban_droite":null,"identifiant_voie_ban_gauche":"75115_4750","identifiant_voie_ban_droite":"75115_4750","sens_amenagement_cyclable_gauche":"Double sens","sens_amenagement_cyclable_droit":null,"amenagement_cyclable_gauche":"Piste cyclable","amenagement_cyclable_droit":null,"aire_de_retournement_dfci":null,"gabarit_dfci":null,"impasse_dfci":null,"nature_detaillee_dfci":null,"ouvrage_d_art_limitant_dfci":null,"pente_maximale_dfci":null,"piste_dfci":null,"piste_dfci_debroussaillee":null,"piste_dfci_fosses":null,"sens_de_circulation_dfci":null,"tout_terrain_dfci":null,"vitesse_moyenne_dfci":null,"zone_de_croisement_dfci":null,"categorie_dfci":null,"vitesse_collaborative":null,"id_ban_odonyme_droite":null,"id_ban_odonyme_gauche":null}},{"type":"Feature","id":"troncon_de_route.19753251","geometry":{"type":"LineString","coordinates":[[2.26940516,48.83279836,29.9],[2.26939196,48.83296287,-1000],[2.26938015,48.83302755,-1000],[2.26936251,48.83312008,-1000],[2.26929717,48.83331035,-1000],[2.26920348,48.83348245,-1000],[2.26903925,48.83363345,-1000],[2.26893485,48.83369486,-1000],[2.26885271,48.83372314,-1000],[2.26875028,48.8337414,-1000]]},"geometry_name":"geometrie","properties":{"cleabs":"TRONROUT0000002491652659","nature":"Route à 1 chaussée","nom_collaboratif_gauche":null,"nom_collaboratif_droite":null,"importance":"5","fictif":false,"position_par_rapport_au_sol":"0","etat_de_l_objet":"En service","date_creation":"2025-07-28T13:04:50.271Z","date_modification":"2025-08-01T20:53:30.043Z","date_d_apparition":null,"date_de_confirmation":null,"sources":null,"identifiants_sources":null,"methode_d_acquisition_planimetrique":"Orthophotographie","precision_planimetrique":3,"methode_d_acquisition_altimetrique":"Pas de Z","precision_altimetrique":9999,"nombre_de_voies":2,"largeur_de_chaussee":2,"itineraire_vert":false,"prive":false,"sens_de_circulation":"Double sens","reserve_aux_bus":null,"urbain":true,"vitesse_moyenne_vl":0,"acces_vehicule_leger":"Restreint aux ayants droit","acces_pieton":null,"periode_de_fermeture":null,"nature_de_la_restriction":null,"restriction_de_hauteur":null,"restriction_de_poids_total":null,"restriction_de_poids_par_essieu":null,"restriction_de_largeur":null,"restriction_de_longueur":null,"matieres_dangereuses_interdites":null,"borne_debut_gauche":null,"borne_debut_droite":null,"borne_fin_gauche":null,"borne_fin_droite":null,"insee_commune_gauche":"92040","insee_commune_droite":"92040","alias_gauche":null,"alias_droit":null,"date_de_mise_en_service":null,"liens_vers_route_nommee":null,"liens_vers_itineraire_autre":null,"cpx_numero":null,"cpx_numero_route_europeenne":null,"cpx_classement_administratif":null,"cpx_gestionnaire":null,"cpx_toponyme_route_nommee":null,"cpx_toponyme_itineraire_cyclable":null,"cpx_toponyme_voie_verte":null,"cpx_nature_itineraire_autre":null,"cpx_toponyme_itineraire_autre":null,"delestage":null,"source_voie_ban_gauche":null,"source_voie_ban_droite":null,"nom_voie_ban_gauche":null,"nom_voie_ban_droite":null,"lieux_dits_ban_gauche":null,"lieux_dits_ban_droite":null,"identifiant_voie_ban_gauche":null,"identifiant_voie_ban_droite":null,"sens_amenagement_cyclable_gauche":null,"sens_amenagement_cyclable_droit":null,"amenagement_cyclable_gauche":null,"amenagement_cyclable_droit":null,"aire_de_retournement_dfci":null,"gabarit_dfci":null,"impasse_dfci":null,"nature_detaillee_dfci":null,"ouvrage_d_art_limitant_dfci":null,"pente_maximale_dfci":null,"piste_dfci":null,"piste_dfci_debroussaillee":null,"piste_dfci_fosses":null,"sens_de_circulation_dfci":null,"tout_terrain_dfci":null,"vitesse_moyenne_dfci":null,"zone_de_croisement_dfci":null,"categorie_dfci":null,"vitesse_collaborative":null,"id_ban_odonyme_droite":null,"id_ban_odonyme_gauche":null}},{"type":"Feature","id":"troncon_de_route.15743576","geometry":{"type":"LineString","coordinates":[[2.26376413,48.83663199,31.8],[2.26382809,48.83663778,31.8],[2.26388787,48.83664894,31.8],[2.26393669,48.83666543,31.8],[2.2639963,48.83668918,31.8],[2.26404361,48.83671556,31.8],[2.26409075,48.83675452,31.8],[2.26459137,48.8371938,32],[2.26468451,48.83725553,32.1]]},"geometry_name":"geometrie","properties":{"cleabs":"TRONROUT0000000338088134","nature":"Route à 1 chaussée","nom_collaboratif_gauche":"QU SAINT-EXUPERY","nom_collaboratif_droite":"QU SAINT-EXUPERY","importance":"3","fictif":false,"position_par_rapport_au_sol":"0","etat_de_l_objet":"En service","date_creation":"2014-09-11T16:31:09.805Z","date_modification":"2026-01-10T14:20:23.843Z","date_d_apparition":null,"date_de_confirmation":null,"sources":null,"identifiants_sources":null,"methode_d_acquisition_planimetrique":"BDTopo","precision_planimetrique":2.5,"methode_d_acquisition_altimetrique":"BDTopo","precision_altimetrique":1.5,"nombre_de_voies":1,"largeur_de_chaussee":3,"itineraire_vert":false,"prive":false,"sens_de_circulation":"Sens direct","reserve_aux_bus":null,"urbain":true,"vitesse_moyenne_vl":15,"acces_vehicule_leger":"Libre","acces_pieton":null,"periode_de_fermeture":null,"nature_de_la_restriction":null,"restriction_de_hauteur":null,"restriction_de_poids_total":null,"restriction_de_poids_par_essieu":null,"restriction_de_largeur":null,"restriction_de_longueur":null,"matieres_dangereuses_interdites":false,"borne_debut_gauche":"18","borne_debut_droite":null,"borne_fin_gauche":"12","borne_fin_droite":null,"insee_commune_gauche":"75116","insee_commune_droite":"75116","alias_gauche":null,"alias_droit":null,"date_de_mise_en_service":null,"liens_vers_route_nommee":null,"liens_vers_itineraire_autre":null,"cpx_numero":null,"cpx_numero_route_europeenne":null,"cpx_classement_administratif":null,"cpx_gestionnaire":null,"cpx_toponyme_route_nommee":null,"cpx_toponyme_itineraire_cyclable":null,"cpx_toponyme_voie_verte":null,"cpx_nature_itineraire_autre":null,"cpx_toponyme_itineraire_autre":null,"delestage":null,"source_voie_ban_gauche":"commune","source_voie_ban_droite":"commune","nom_voie_ban_gauche":"Quai Saint-Exupéry","nom_voie_ban_droite":"Quai Saint-Exupéry","lieux_dits_ban_gauche":null,"lieux_dits_ban_droite":null,"identifiant_voie_ban_gauche":"75116_8600","identifiant_voie_ban_droite":"75116_8600","sens_amenagement_cyclable_gauche":null,"sens_amenagement_cyclable_droit":null,"amenagement_cyclable_gauche":null,"amenagement_cyclable_droit":null,"aire_de_retournement_dfci":null,"gabarit_dfci":null,"impasse_dfci":null,"nature_detaillee_dfci":null,"ouvrage_d_art_limitant_dfci":null,"pente_maximale_dfci":null,"piste_dfci":null,"piste_dfci_debroussaillee":null,"piste_dfci_fosses":null,"sens_de_circulation_dfci":null,"tout_terrain_dfci":null,"vitesse_moyenne_dfci":null,"zone_de_croisement_dfci":null,"categorie_dfci":null,"vitesse_collaborative":null,"id_ban_odonyme_droite":null,"id_ban_odonyme_gauche":null}},{"type":"Feature","id":"troncon_de_route.16505995","geometry":{"type":"LineString","coordinates":[[2.26359271,48.83661475,31.6],[2.26364368,48.83657549,31.8],[2.2636987,48.83653805,31.8]]},"geometry_name":"geometrie","properties":{"cleabs":"TRONROUT0000000357552945","nature":"Route à 1 chaussée","nom_collaboratif_gauche":"R DU GENERAL NIOX","nom_collaboratif_droite":"R DU GENERAL NIOX","importance":"3","fictif":false,"position_par_rapport_au_sol":"0","etat_de_l_objet":"En service","date_creation":"2016-05-30T12:39:02.947Z","date_modification":"2024-02-13T17:09:36.480Z","date_d_apparition":null,"date_de_confirmation":null,"sources":null,"identifiants_sources":null,"methode_d_acquisition_planimetrique":"BDTopo","precision_planimetrique":2.5,"methode_d_acquisition_altimetrique":"BDTopo","precision_altimetrique":1.5,"nombre_de_voies":1,"largeur_de_chaussee":3,"itineraire_vert":false,"prive":false,"sens_de_circulation":"Sens direct","reserve_aux_bus":null,"urbain":true,"vitesse_moyenne_vl":35,"acces_vehicule_leger":"Libre","acces_pieton":null,"periode_de_fermeture":null,"nature_de_la_restriction":null,"restriction_de_hauteur":null,"restriction_de_poids_total":null,"restriction_de_poids_par_essieu":null,"restriction_de_largeur":null,"restriction_de_longueur":null,"matieres_dangereuses_interdites":false,"borne_debut_gauche":null,"borne_debut_droite":null,"borne_fin_gauche":null,"borne_fin_droite":null,"insee_commune_gauche":"75116","insee_commune_droite":"75116","alias_gauche":null,"alias_droit":null,"date_de_mise_en_service":null,"liens_vers_route_nommee":null,"liens_vers_itineraire_autre":null,"cpx_numero":null,"cpx_numero_route_europeenne":null,"cpx_classement_administratif":null,"cpx_gestionnaire":null,"cpx_toponyme_route_nommee":null,"cpx_toponyme_itineraire_cyclable":null,"cpx_toponyme_voie_verte":null,"cpx_nature_itineraire_autre":null,"cpx_toponyme_itineraire_autre":null,"delestage":null,"source_voie_ban_gauche":"commune","source_voie_ban_droite":"commune","nom_voie_ban_gauche":"Rue du Général Niox","nom_voie_ban_droite":"Rue du Général Niox","lieux_dits_ban_gauche":null,"lieux_dits_ban_droite":null,"identifiant_voie_ban_gauche":"75116_4077","identifiant_voie_ban_droite":"75116_4077","sens_amenagement_cyclable_gauche":null,"sens_amenagement_cyclable_droit":null,"amenagement_cyclable_gauche":null,"amenagement_cyclable_droit":null,"aire_de_retournement_dfci":null,"gabarit_dfci":null,"impasse_dfci":null,"nature_detaillee_dfci":null,"ouvrage_d_art_limitant_dfci":null,"pente_maximale_dfci":null,"piste_dfci":null,"piste_dfci_debroussaillee":null,"piste_dfci_fosses":null,"sens_de_circulation_dfci":null,"tout_terrain_dfci":null,"vitesse_moyenne_dfci":null,"zone_de_croisement_dfci":null,"categorie_dfci":null,"vitesse_collaborative":null,"id_ban_odonyme_droite":null,"id_ban_odonyme_gauche":null}},{"type":"Feature","id":"troncon_de_route.17033844","geometry":{"type":"LineString","coordinates":[[2.26793422,48.83529413,31.1],[2.26823894,48.83532658,31.5],[2.26856257,48.83537083,32]]},"geometry_name":"geometrie","properties":{"cleabs":"TRONROUT0000002005252239","nature":"Route à 1 chaussée","nom_collaboratif_gauche":"QUAI D'ISSY","nom_collaboratif_droite":"QUAI D'ISSY","importance":"2","fictif":false,"position_par_rapport_au_sol":"0","etat_de_l_objet":"En service","date_creation":"2017-09-04T13:54:11.209Z","date_modification":"2024-09-21T06:34:42.538Z","date_d_apparition":null,"date_de_confirmation":null,"sources":null,"identifiants_sources":null,"methode_d_acquisition_planimetrique":"BDTopo","precision_planimetrique":2.5,"methode_d_acquisition_altimetrique":"BDTopo","precision_altimetrique":1.5,"nombre_de_voies":3,"largeur_de_chaussee":9,"itineraire_vert":true,"prive":false,"sens_de_circulation":"Sens inverse","reserve_aux_bus":null,"urbain":true,"vitesse_moyenne_vl":40,"acces_vehicule_leger":"Libre","acces_pieton":null,"periode_de_fermeture":null,"nature_de_la_restriction":null,"restriction_de_hauteur":null,"restriction_de_poids_total":null,"restriction_de_poids_par_essieu":null,"restriction_de_largeur":null,"restriction_de_longueur":null,"matieres_dangereuses_interdites":false,"borne_debut_gauche":null,"borne_debut_droite":null,"borne_fin_gauche":null,"borne_fin_droite":null,"insee_commune_gauche":"75115","insee_commune_droite":"75115","alias_gauche":null,"alias_droit":null,"date_de_mise_en_service":null,"liens_vers_route_nommee":null,"liens_vers_itineraire_autre":null,"cpx_numero":null,"cpx_numero_route_europeenne":null,"cpx_classement_administratif":null,"cpx_gestionnaire":null,"cpx_toponyme_route_nommee":null,"cpx_toponyme_itineraire_cyclable":null,"cpx_toponyme_voie_verte":null,"cpx_nature_itineraire_autre":null,"cpx_toponyme_itineraire_autre":null,"delestage":null,"source_voie_ban_gauche":null,"source_voie_ban_droite":null,"nom_voie_ban_gauche":null,"nom_voie_ban_droite":null,"lieux_dits_ban_gauche":null,"lieux_dits_ban_droite":null,"identifiant_voie_ban_gauche":null,"identifiant_voie_ban_droite":null,"sens_amenagement_cyclable_gauche":null,"sens_amenagement_cyclable_droit":null,"amenagement_cyclable_gauche":null,"amenagement_cyclable_droit":null,"aire_de_retournement_dfci":null,"gabarit_dfci":null,"impasse_dfci":null,"nature_detaillee_dfci":null,"ouvrage_d_art_limitant_dfci":null,"pente_maximale_dfci":null,"piste_dfci":null,"piste_dfci_debroussaillee":null,"piste_dfci_fosses":null,"sens_de_circulation_dfci":null,"tout_terrain_dfci":null,"vitesse_moyenne_dfci":null,"zone_de_croisement_dfci":null,"categorie_dfci":null,"vitesse_collaborative":null,"id_ban_odonyme_droite":null,"id_ban_odonyme_gauche":null}},{"type":"Feature","id":"troncon_de_route.18453491","geometry":{"type":"LineString","coordinates":[[2.26775421,48.83656745,-1000],[2.26792234,48.8368194,33.9]]},"geometry_name":"geometrie","properties":{"cleabs":"TRONROUT0000002276050883","nature":"Route à 1 chaussée","nom_collaboratif_gauche":null,"nom_collaboratif_droite":null,"importance":"6","fictif":false,"position_par_rapport_au_sol":"0","etat_de_l_objet":"En service","date_creation":"2022-02-09T15:33:12.118Z","date_modification":"2025-03-21T07:23:14.909Z","date_d_apparition":null,"date_de_confirmation":null,"sources":null,"identifiants_sources":null,"methode_d_acquisition_planimetrique":"Orthophotographie","precision_planimetrique":3,"methode_d_acquisition_altimetrique":"Pas de Z","precision_altimetrique":9999,"nombre_de_voies":null,"largeur_de_chaussee":null,"itineraire_vert":false,"prive":false,"sens_de_circulation":"Double sens","reserve_aux_bus":null,"urbain":true,"vitesse_moyenne_vl":0,"acces_vehicule_leger":"Physiquement impossible","acces_pieton":"Libre","periode_de_fermeture":null,"nature_de_la_restriction":"Piste cyclable","restriction_de_hauteur":null,"restriction_de_poids_total":null,"restriction_de_poids_par_essieu":null,"restriction_de_largeur":null,"restriction_de_longueur":null,"matieres_dangereuses_interdites":null,"borne_debut_gauche":null,"borne_debut_droite":null,"borne_fin_gauche":null,"borne_fin_droite":null,"insee_commune_gauche":"75115","insee_commune_droite":"75115","alias_gauche":null,"alias_droit":null,"date_de_mise_en_service":null,"liens_vers_route_nommee":null,"liens_vers_itineraire_autre":null,"cpx_numero":null,"cpx_numero_route_europeenne":null,"cpx_classement_administratif":null,"cpx_gestionnaire":null,"cpx_toponyme_route_nommee":null,"cpx_toponyme_itineraire_cyclable":null,"cpx_toponyme_voie_verte":null,"cpx_nature_itineraire_autre":null,"cpx_toponyme_itineraire_autre":null,"delestage":null,"source_voie_ban_gauche":null,"source_voie_ban_droite":null,"nom_voie_ban_gauche":null,"nom_voie_ban_droite":null,"lieux_dits_ban_gauche":null,"lieux_dits_ban_droite":null,"identifiant_voie_ban_gauche":null,"identifiant_voie_ban_droite":null,"sens_amenagement_cyclable_gauche":null,"sens_amenagement_cyclable_droit":null,"amenagement_cyclable_gauche":null,"amenagement_cyclable_droit":null,"aire_de_retournement_dfci":null,"gabarit_dfci":null,"impasse_dfci":null,"nature_detaillee_dfci":null,"ouvrage_d_art_limitant_dfci":null,"pente_maximale_dfci":null,"piste_dfci":null,"piste_dfci_debroussaillee":null,"piste_dfci_fosses":null,"sens_de_circulation_dfci":null,"tout_terrain_dfci":null,"vitesse_moyenne_dfci":null,"zone_de_croisement_dfci":null,"categorie_dfci":null,"vitesse_collaborative":null,"id_ban_odonyme_droite":null,"id_ban_odonyme_gauche":null}},{"type":"Feature","id":"troncon_de_route.18453494","geometry":{"type":"LineString","coordinates":[[2.26685326,48.83591708,31.9],[2.26695742,48.83587365,32]]},"geometry_name":"geometrie","properties":{"cleabs":"TRONROUT0000002276050886","nature":"Route à 1 chaussée","nom_collaboratif_gauche":null,"nom_collaboratif_droite":null,"importance":"5","fictif":false,"position_par_rapport_au_sol":"0","etat_de_l_objet":"En service","date_creation":"2022-02-09T15:33:12.118Z","date_modification":"2023-09-21T08:16:01.974Z","date_d_apparition":null,"date_de_confirmation":null,"sources":null,"identifiants_sources":null,"methode_d_acquisition_planimetrique":"Calculé","precision_planimetrique":20,"methode_d_acquisition_altimetrique":"Z corrigé","precision_altimetrique":2.5,"nombre_de_voies":4,"largeur_de_chaussee":14,"itineraire_vert":false,"prive":false,"sens_de_circulation":"Double sens","reserve_aux_bus":null,"urbain":true,"vitesse_moyenne_vl":0,"acces_vehicule_leger":"Restreint aux ayants droit","acces_pieton":"Libre","periode_de_fermeture":null,"nature_de_la_restriction":null,"restriction_de_hauteur":null,"restriction_de_poids_total":null,"restriction_de_poids_par_essieu":null,"restriction_de_largeur":null,"restriction_de_longueur":null,"matieres_dangereuses_interdites":false,"borne_debut_gauche":null,"borne_debut_droite":null,"borne_fin_gauche":null,"borne_fin_droite":null,"insee_commune_gauche":"75115","insee_commune_droite":"75115","alias_gauche":null,"alias_droit":null,"date_de_mise_en_service":null,"liens_vers_route_nommee":null,"liens_vers_itineraire_autre":null,"cpx_numero":null,"cpx_numero_route_europeenne":null,"cpx_classement_administratif":null,"cpx_gestionnaire":null,"cpx_toponyme_route_nommee":null,"cpx_toponyme_itineraire_cyclable":null,"cpx_toponyme_voie_verte":null,"cpx_nature_itineraire_autre":null,"cpx_toponyme_itineraire_autre":null,"delestage":null,"source_voie_ban_gauche":null,"source_voie_ban_droite":null,"nom_voie_ban_gauche":null,"nom_voie_ban_droite":null,"lieux_dits_ban_gauche":null,"lieux_dits_ban_droite":null,"identifiant_voie_ban_gauche":null,"identifiant_voie_ban_droite":null,"sens_amenagement_cyclable_gauche":null,"sens_amenagement_cyclable_droit":null,"amenagement_cyclable_gauche":null,"amenagement_cyclable_droit":null,"aire_de_retournement_dfci":null,"gabarit_dfci":null,"impasse_dfci":null,"nature_detaillee_dfci":null,"ouvrage_d_art_limitant_dfci":null,"pente_maximale_dfci":null,"piste_dfci":null,"piste_dfci_debroussaillee":null,"piste_dfci_fosses":null,"sens_de_circulation_dfci":null,"tout_terrain_dfci":null,"vitesse_moyenne_dfci":null,"zone_de_croisement_dfci":null,"categorie_dfci":null,"vitesse_collaborative":null,"id_ban_odonyme_droite":null,"id_ban_odonyme_gauche":null}},{"type":"Feature","id":"troncon_de_route.18453495","geometry":{"type":"LineString","coordinates":[[2.2664615,48.8355837,31.1],[2.2665684,48.83553849,31.1]]},"geometry_name":"geometrie","properties":{"cleabs":"TRONROUT0000002276050887","nature":"Route à 1 chaussée","nom_collaboratif_gauche":null,"nom_collaboratif_droite":null,"importance":"2","fictif":false,"position_par_rapport_au_sol":"0","etat_de_l_objet":"En service","date_creation":"2022-02-09T15:33:12.118Z","date_modification":"2023-09-21T08:16:01.974Z","date_d_apparition":null,"date_de_confirmation":null,"sources":null,"identifiants_sources":null,"methode_d_acquisition_planimetrique":"BDTopo","precision_planimetrique":2.5,"methode_d_acquisition_altimetrique":"BDTopo","precision_altimetrique":1.5,"nombre_de_voies":6,"largeur_de_chaussee":18,"itineraire_vert":true,"prive":false,"sens_de_circulation":"Sens inverse","reserve_aux_bus":null,"urbain":true,"vitesse_moyenne_vl":45,"acces_vehicule_leger":"Libre","acces_pieton":null,"periode_de_fermeture":null,"nature_de_la_restriction":null,"restriction_de_hauteur":null,"restriction_de_poids_total":null,"restriction_de_poids_par_essieu":null,"restriction_de_largeur":null,"restriction_de_longueur":null,"matieres_dangereuses_interdites":false,"borne_debut_gauche":null,"borne_debut_droite":null,"borne_fin_gauche":null,"borne_fin_droite":null,"insee_commune_gauche":"75115","insee_commune_droite":"75115","alias_gauche":null,"alias_droit":null,"date_de_mise_en_service":null,"liens_vers_route_nommee":null,"liens_vers_itineraire_autre":null,"cpx_numero":null,"cpx_numero_route_europeenne":null,"cpx_classement_administratif":null,"cpx_gestionnaire":null,"cpx_toponyme_route_nommee":null,"cpx_toponyme_itineraire_cyclable":null,"cpx_toponyme_voie_verte":null,"cpx_nature_itineraire_autre":null,"cpx_toponyme_itineraire_autre":null,"delestage":null,"source_voie_ban_gauche":null,"source_voie_ban_droite":null,"nom_voie_ban_gauche":null,"nom_voie_ban_droite":null,"lieux_dits_ban_gauche":null,"lieux_dits_ban_droite":null,"identifiant_voie_ban_gauche":null,"identifiant_voie_ban_droite":null,"sens_amenagement_cyclable_gauche":null,"sens_amenagement_cyclable_droit":null,"amenagement_cyclable_gauche":null,"amenagement_cyclable_droit":null,"aire_de_retournement_dfci":null,"gabarit_dfci":null,"impasse_dfci":null,"nature_detaillee_dfci":null,"ouvrage_d_art_limitant_dfci":null,"pente_maximale_dfci":null,"piste_dfci":null,"piste_dfci_debroussaillee":null,"piste_dfci_fosses":null,"sens_de_circulation_dfci":null,"tout_terrain_dfci":null,"vitesse_moyenne_dfci":null,"zone_de_croisement_dfci":null,"categorie_dfci":null,"vitesse_collaborative":null,"id_ban_odonyme_droite":null,"id_ban_odonyme_gauche":null}},{"type":"Feature","id":"troncon_de_route.18453488","geometry":{"type":"LineString","coordinates":[[2.26802352,48.83669681,33.2],[2.26819919,48.83689664,33.6],[2.26841125,48.83712458,34.1],[2.26851179,48.83724212,34.4],[2.26861489,48.83737046,34.2],[2.26869373,48.83748067,34.2],[2.26882989,48.83768116,34],[2.26894477,48.83784465,34],[2.26900483,48.83793315,34.1],[2.2690301,48.83797738,34.1],[2.26904726,48.83801705,34.2],[2.26907088,48.83808105,34.3],[2.26915546,48.83826774,33.7],[2.26918316,48.83833267,33.5],[2.26922959,48.83842289,33],[2.26927212,48.83849869,32.5],[2.26935761,48.83862063,32.3],[2.26941125,48.83868212,32.2],[2.2695294,48.83880695,32.9]]},"geometry_name":"geometrie","properties":{"cleabs":"TRONROUT0000002276050880","nature":"Route à 2 chaussées","nom_collaboratif_gauche":"QU D'ISSY-LES-MOULINEAUX","nom_collaboratif_droite":"QU D'ISSY-LES-MOULINEAUX","importance":"3","fictif":false,"position_par_rapport_au_sol":"0","etat_de_l_objet":"En service","date_creation":"2022-02-09T15:33:12.118Z","date_modification":"2025-02-18T08:23:51.993Z","date_d_apparition":null,"date_de_confirmation":null,"sources":null,"identifiants_sources":null,"methode_d_acquisition_planimetrique":"Photogrammétrie","precision_planimetrique":2.5,"methode_d_acquisition_altimetrique":"Photogrammétrie","precision_altimetrique":1.5,"nombre_de_voies":1,"largeur_de_chaussee":3.5,"itineraire_vert":false,"prive":false,"sens_de_circulation":"Sens direct","reserve_aux_bus":null,"urbain":true,"vitesse_moyenne_vl":45,"acces_vehicule_leger":"Libre","acces_pieton":null,"periode_de_fermeture":null,"nature_de_la_restriction":null,"restriction_de_hauteur":null,"restriction_de_poids_total":null,"restriction_de_poids_par_essieu":null,"restriction_de_largeur":null,"restriction_de_longueur":null,"matieres_dangereuses_interdites":false,"borne_debut_gauche":null,"borne_debut_droite":null,"borne_fin_gauche":null,"borne_fin_droite":null,"insee_commune_gauche":"75115","insee_commune_droite":"75115","alias_gauche":null,"alias_droit":null,"date_de_mise_en_service":null,"liens_vers_route_nommee":null,"liens_vers_itineraire_autre":null,"cpx_numero":null,"cpx_numero_route_europeenne":null,"cpx_classement_administratif":null,"cpx_gestionnaire":null,"cpx_toponyme_route_nommee":null,"cpx_toponyme_itineraire_cyclable":null,"cpx_toponyme_voie_verte":null,"cpx_nature_itineraire_autre":null,"cpx_toponyme_itineraire_autre":null,"delestage":null,"source_voie_ban_gauche":"commune","source_voie_ban_droite":"commune","nom_voie_ban_gauche":"Quai d'Issy-Les-Moulineaux","nom_voie_ban_droite":"Quai d'Issy-Les-Moulineaux","lieux_dits_ban_gauche":null,"lieux_dits_ban_droite":null,"identifiant_voie_ban_gauche":"75115_4750","identifiant_voie_ban_droite":"75115_4750","sens_amenagement_cyclable_gauche":"Double sens","sens_amenagement_cyclable_droit":null,"amenagement_cyclable_gauche":"Piste cyclable","amenagement_cyclable_droit":null,"aire_de_retournement_dfci":null,"gabarit_dfci":null,"impasse_dfci":null,"nature_detaillee_dfci":null,"ouvrage_d_art_limitant_dfci":null,"pente_maximale_dfci":null,"piste_dfci":null,"piste_dfci_debroussaillee":null,"piste_dfci_fosses":null,"sens_de_circulation_dfci":null,"tout_terrain_dfci":null,"vitesse_moyenne_dfci":null,"zone_de_croisement_dfci":null,"categorie_dfci":null,"vitesse_collaborative":null,"id_ban_odonyme_droite":null,"id_ban_odonyme_gauche":null}},{"type":"Feature","id":"troncon_de_route.19226162","geometry":{"type":"LineString","coordinates":[[2.28754759,48.85718891,28.5],[2.28744007,48.85707765,28.1],[2.2873017,48.85693023,27.2],[2.28724248,48.85687592,26.9],[2.28716164,48.85680709,26.9],[2.28693637,48.85663576,26.9],[2.28664493,48.85641998,27.1],[2.28602836,48.85596123,27],[2.28529027,48.85541901,26.9],[2.28488828,48.85511622,28.8],[2.28313554,48.85383224,28.8],[2.28290879,48.85367169,28.8],[2.28251741,48.85339144,29.4],[2.28213406,48.85312293,29.4],[2.28182887,48.85291874,29.5],[2.28171544,48.85284252,29.2],[2.28155743,48.85273814,29.5],[2.28130352,48.85257114,29.9],[2.28109434,48.85242148,29.8],[2.28083131,48.85222474,29.7],[2.28004249,48.85161383,26.4],[2.27933864,48.85106907,25.9],[2.27888648,48.85075247,24.7],[2.27794002,48.85011361,26.9],[2.2777334,48.84997746,26.8],[2.27757828,48.8498623,26.8],[2.27717425,48.84951631,27],[2.27717155,48.84951449,27],[2.27702462,48.84939849,27.2],[2.27676831,48.84920987,27.7],[2.2766401,48.84912006,27.7],[2.2765404,48.84903761,27.7],[2.27646372,48.8489661,28.4],[2.27613171,48.84863582,28.6],[2.27524109,48.84771038,28.2],[2.27514443,48.84760547,28.1],[2.27497217,48.8473517,28.5],[2.27451423,48.84686776,29.1],[2.27421112,48.8466168,29.1],[2.2737028,48.84613076,28.8],[2.27297611,48.84537717,28.4],[2.27282366,48.84516939,28.7],[2.27270041,48.84501844,29],[2.27255006,48.84485564,29.4],[2.27214714,48.84443588,29.2],[2.27200177,48.84430729,29.2],[2.27178083,48.84412607,28.7],[2.27156852,48.84391253,28.3],[2.26934308,48.84160106,28.8],[2.26920127,48.84141403,28.9],[2.26906454,48.841254,29],[2.26891017,48.84108848,29.2],[2.26852457,48.84070029,28.6],[2.26817741,48.84038878,29.9],[2.26762815,48.83981881,29.9],[2.26742666,48.83961342,30.1],[2.26713118,48.83930942,30.6],[2.26683167,48.8390018,30.9],[2.26658196,48.83873855,31.3],[2.26644752,48.83861002,31.5],[2.26633028,48.83851756,31.9],[2.26621412,48.8384458,32.4],[2.26609239,48.8383821,32.4],[2.26595828,48.83832731,32.4],[2.26587575,48.83828633,31.9],[2.26563083,48.83806988,32.3],[2.26554072,48.83798658,32.3],[2.26540492,48.83785804,32.3],[2.26495995,48.8374326,32.2],[2.26473549,48.83721537,32.1],[2.26453392,48.83701716,32.1],[2.26423963,48.83672755,31.8],[2.26398277,48.83648944,32.2],[2.26381878,48.83633194,31.8],[2.26349745,48.83602867,31.2],[2.26316545,48.83570914,31.1],[2.26266171,48.83520329,31],[2.26208651,48.83464482,31],[2.26152523,48.83406666,30.6]]},"geometry_name":"geometrie","properties":{"cleabs":"TRONROUT0000002341415403","nature":"Route à 1 chaussée","nom_collaboratif_gauche":null,"nom_collaboratif_droite":null,"importance":"6","fictif":false,"position_par_rapport_au_sol":"0","etat_de_l_objet":"En service","date_creation":"2024-02-13T17:09:36.480Z","date_modification":"2025-03-21T07:23:14.909Z","date_d_apparition":null,"date_de_confirmation":null,"sources":null,"identifiants_sources":null,"methode_d_acquisition_planimetrique":"Orthophotographie","precision_planimetrique":3,"methode_d_acquisition_altimetrique":"Z corrigé","precision_altimetrique":2.5,"nombre_de_voies":null,"largeur_de_chaussee":null,"itineraire_vert":false,"prive":false,"sens_de_circulation":"Double sens","reserve_aux_bus":null,"urbain":true,"vitesse_moyenne_vl":0,"acces_vehicule_leger":"Physiquement impossible","acces_pieton":null,"periode_de_fermeture":null,"nature_de_la_restriction":"Piste cyclable","restriction_de_hauteur":null,"restriction_de_poids_total":null,"restriction_de_poids_par_essieu":null,"restriction_de_largeur":null,"restriction_de_longueur":null,"matieres_dangereuses_interdites":false,"borne_debut_gauche":null,"borne_debut_droite":null,"borne_fin_gauche":null,"borne_fin_droite":null,"insee_commune_gauche":"75116","insee_commune_droite":"75116","alias_gauche":null,"alias_droit":null,"date_de_mise_en_service":null,"liens_vers_route_nommee":null,"liens_vers_itineraire_autre":null,"cpx_numero":null,"cpx_numero_route_europeenne":null,"cpx_classement_administratif":null,"cpx_gestionnaire":null,"cpx_toponyme_route_nommee":null,"cpx_toponyme_itineraire_cyclable":null,"cpx_toponyme_voie_verte":null,"cpx_nature_itineraire_autre":null,"cpx_toponyme_itineraire_autre":null,"delestage":null,"source_voie_ban_gauche":null,"source_voie_ban_droite":null,"nom_voie_ban_gauche":null,"nom_voie_ban_droite":null,"lieux_dits_ban_gauche":null,"lieux_dits_ban_droite":null,"identifiant_voie_ban_gauche":null,"identifiant_voie_ban_droite":null,"sens_amenagement_cyclable_gauche":null,"sens_amenagement_cyclable_droit":null,"amenagement_cyclable_gauche":null,"amenagement_cyclable_droit":null,"aire_de_retournement_dfci":null,"gabarit_dfci":null,"impasse_dfci":null,"nature_detaillee_dfci":null,"ouvrage_d_art_limitant_dfci":null,"pente_maximale_dfci":null,"piste_dfci":null,"piste_dfci_debroussaillee":null,"piste_dfci_fosses":null,"sens_de_circulation_dfci":null,"tout_terrain_dfci":null,"vitesse_moyenne_dfci":null,"zone_de_croisement_dfci":null,"categorie_dfci":null,"vitesse_collaborative":null,"id_ban_odonyme_droite":null,"id_ban_odonyme_gauche":null}}],"totalFeatures":158,"numberMatched":158,"numberReturned":158,"timeStamp":"2026-09-28T11:02:42.302Z","crs":{"type":"name","properties":{"name":"urn:ogc:def:crs:EPSG::4326"}}}